{
"type": "FeatureCollection",
"name": "nature_reserve-polygon",
"crs": { "type": "name", "properties": { "name": "urn:ogc:def:crs:OGC:1.3:CRS84" } },
"features": [
{ "type": "Feature", "properties": { "NAME": "Дарвинский государственный природный биосферный заповедник", "NAME_EN": "Darwin Nature Reserve", "NAME_RU": "Дарвинский государственный природный биосферный заповедник", "LEISURE": "nature_reserve", "BOUNDARY": "national_park", "OSM_TYPE": "relation", "OSM_ID": 2691064 }, "geometry": { "type": "MultiPolygon", "coordinates": [ [ [ [ 37.533861, 58.531211 ], [ 37.533906428998698, 58.531645230429127 ], [ 37.5339383, 58.531947 ], [ 37.5298964, 58.5393389 ], [ 37.5249094, 58.5450262 ], [ 37.517229, 58.5504404 ], [ 37.5156299, 58.5515675 ], [ 37.5156116, 58.5515804 ], [ 37.5122879, 58.5539231 ], [ 37.4906992, 58.6149521 ], [ 37.534046, 58.6352882 ], [ 37.4959862, 58.6525058 ], [ 37.4944023, 58.6734983 ], [ 37.7499481, 58.670165 ], [ 37.7514414, 58.6561853 ], [ 37.7693617, 58.6484164 ], [ 37.9263512, 58.6480279 ], [ 37.8858438, 58.6647292 ], [ 37.8290961, 58.6856914 ], [ 37.8126692, 58.7004351 ], [ 37.8141625, 58.7624454 ], [ 37.8440297, 58.7670917 ], [ 37.8485098, 58.781801 ], [ 37.873897, 58.790314 ], [ 37.8290961, 58.8034664 ], [ 37.8022157, 58.8158406 ], [ 37.7635785, 58.8243919 ], [ 37.7633883, 58.8019193 ], [ 37.7240071, 58.8023671 ], [ 37.7051472, 58.8065604 ], [ 37.7036539, 58.8475292 ], [ 37.747708, 58.8469498 ], [ 37.7245609, 58.8853631 ], [ 37.8066957, 58.8853631 ], [ 37.802589, 58.8513917 ], [ 37.9443141, 58.8411992 ], [ 37.9873923, 58.8907645 ], [ 38.135235, 58.8282103 ], [ 38.171765526540476, 58.728580000347357 ], [ 38.095436, 58.728636 ], [ 38.064554, 58.730111 ], [ 38.060527, 58.729247 ], [ 38.044635, 58.723374 ], [ 38.018375, 58.713666 ], [ 37.996143, 58.710233 ], [ 37.989501, 58.708598 ], [ 37.983482, 58.707115 ], [ 37.996133, 58.696985 ], [ 37.999674, 58.696401 ], [ 38.022971, 58.689446 ], [ 38.014159, 58.682653 ], [ 37.997728, 58.682322 ], [ 37.985603, 58.682023 ], [ 37.977053, 58.679917 ], [ 37.95983, 58.679983 ], [ 37.954816, 58.677497 ], [ 37.956636, 58.666616 ], [ 37.965731, 58.665763 ], [ 37.966591, 58.66312 ], [ 37.960406, 58.660624 ], [ 37.953819, 58.658533 ], [ 37.945299, 58.657428 ], [ 37.939914, 58.652712 ], [ 37.927378, 58.647451 ], [ 37.927191, 58.643951 ], [ 37.926647, 58.633766 ], [ 37.919871, 58.633909 ], [ 37.898361, 58.615246 ], [ 37.898436, 58.612855 ], [ 37.896818, 58.611319 ], [ 37.892256, 58.610628 ], [ 37.887647, 58.611458 ], [ 37.873984, 58.60873 ], [ 37.86559, 58.610613 ], [ 37.833259, 58.630544 ], [ 37.808247, 58.62785 ], [ 37.76473, 58.623164 ], [ 37.747035, 58.628428 ], [ 37.723666, 58.629068 ], [ 37.71711, 58.625959 ], [ 37.712146, 58.625677 ], [ 37.708391, 58.613696 ], [ 37.711067, 58.608939 ], [ 37.706012, 58.594999 ], [ 37.697463, 58.571405 ], [ 37.7026, 58.567544 ], [ 37.707546, 58.565925 ], [ 37.717712, 58.564089 ], [ 37.719619, 58.547293 ], [ 37.694258, 58.523322 ], [ 37.680252, 58.514988 ], [ 37.678653, 58.514265 ], [ 37.678331, 58.513951 ], [ 37.678192, 58.513407 ], [ 37.678213, 58.511917 ], [ 37.67802, 58.511597 ], [ 37.677559, 58.5113 ], [ 37.676851, 58.511099 ], [ 37.651853, 58.490633 ], [ 37.64072, 58.48482 ], [ 37.628047743008914, 58.483095101135511 ], [ 37.6280474, 58.4830954 ], [ 37.627713303494737, 58.483448206986424 ], [ 37.627551, 58.48362 ], [ 37.621725, 58.489492 ], [ 37.618232168811858, 58.49259162199759 ], [ 37.6138372, 58.4964922 ], [ 37.608320924847632, 58.499859774899683 ], [ 37.604139, 58.502413 ], [ 37.596134, 58.507638 ], [ 37.594014629748663, 58.508634729733309 ], [ 37.5850922, 58.5128315 ], [ 37.5711114, 58.517203 ], [ 37.5621942, 58.5186985 ], [ 37.552483207283608, 58.519500178802339 ], [ 37.552328, 58.519513 ], [ 37.539429, 58.521115 ], [ 37.537236821253011, 58.521797858614853 ], [ 37.5357505, 58.5222612 ], [ 37.5331504, 58.5242817 ], [ 37.532896805020556, 58.525688437826304 ], [ 37.53273, 58.526615 ], [ 37.532961661015783, 58.527188727970213 ], [ 37.5330931, 58.5275136 ], [ 37.5336032, 58.5287744 ], [ 37.533672047869672, 58.529426207978283 ], [ 37.533861, 58.531211 ] ] ] ] } },
{ "type": "Feature", "properties": { "NAME": "Национальный парк «Русский Север»", "NAME_EN": "Russky Sever National Park", "NAME_RU": "Национальный парк «Русский Север»", "LEISURE": "nature_reserve", "BOUNDARY": "protected_area", "OSM_TYPE": "relation", "OSM_ID": 7009106 }, "geometry": { "type": "MultiPolygon", "coordinates": [ [ [ [ 38.5898557, 59.7058034 ], [ 38.4327795, 59.6901321 ], [ 38.4326286, 59.6901315 ], [ 38.4322495, 59.6902061 ], [ 38.4318316, 59.690339 ], [ 38.4314145, 59.6904314 ], [ 38.4313374, 59.6905253 ], [ 38.4321976, 59.6910452 ], [ 38.4326437, 59.691469 ], [ 38.4337857, 59.6932109 ], [ 38.4338134, 59.6938034 ], [ 38.4335788, 59.6942602 ], [ 38.4333118, 59.6944296 ], [ 38.4328554, 59.6946027 ], [ 38.4311124, 59.6948599 ], [ 38.4308083, 59.6949933 ], [ 38.4303115, 59.6952963 ], [ 38.4297748, 59.6957518 ], [ 38.4294645, 59.6962127 ], [ 38.4290031, 59.6966864 ], [ 38.4287741, 59.6968021 ], [ 38.4281301, 59.6969115 ], [ 38.4277522, 59.6969099 ], [ 38.4274137, 59.6968141 ], [ 38.4265134, 59.6964287 ], [ 38.4259115, 59.6962511 ], [ 38.4254965, 59.6962133 ], [ 38.4246278, 59.6961916 ], [ 38.4237608, 59.6960711 ], [ 38.4227786, 59.6960668 ], [ 38.4225503, 59.6961421 ], [ 38.4225487, 59.6962363 ], [ 38.4227356, 59.6963718 ], [ 38.4231479, 59.6965666 ], [ 38.4239743, 59.6968574 ], [ 38.4246488, 59.6971656 ], [ 38.4254385, 59.697398 ], [ 38.4256631, 59.6975336 ], [ 38.425699, 59.6976459 ], [ 38.4256589, 59.6977804 ], [ 38.4254678, 59.6978918 ], [ 38.4250127, 59.6979885 ], [ 38.4234603, 59.6981523 ], [ 38.4225879, 59.6983414 ], [ 38.4219796, 59.6985676 ], [ 38.4214829, 59.6988886 ], [ 38.4208691, 59.699402 ], [ 38.4204845, 59.6997818 ], [ 38.4201781, 59.7000094 ], [ 38.4197598, 59.7001601 ], [ 38.4191527, 59.70031 ], [ 38.4184703, 59.7004237 ], [ 38.4180149, 59.7005339 ], [ 38.4174052, 59.7008364 ], [ 38.41706, 59.7011221 ], [ 38.4166409, 59.7013132 ], [ 38.4161476, 59.7014053 ], [ 38.4143324, 59.7014735 ], [ 38.4138777, 59.7015478 ], [ 38.4103436, 59.7026226 ], [ 38.409088, 59.7030927 ], [ 38.4082913, 59.7032596 ], [ 38.4080266, 59.7032584 ], [ 38.4078007, 59.7032215 ], [ 38.4076511, 59.7031445 ], [ 38.4075397, 59.7030094 ], [ 38.4074349, 59.7025332 ], [ 38.407324, 59.702398 ], [ 38.4071361, 59.7023209 ], [ 38.4068349, 59.7022791 ], [ 38.4066075, 59.7023005 ], [ 38.4050117, 59.7027691 ], [ 38.4044052, 59.702883 ], [ 38.4037975, 59.7030328 ], [ 38.403493, 59.7031437 ], [ 38.4033777, 59.7032598 ], [ 38.4033288, 59.703888 ], [ 38.4031696, 59.704345 ], [ 38.4029793, 59.7044025 ], [ 38.4024874, 59.7044407 ], [ 38.4019584, 59.7044383 ], [ 38.4010522, 59.7043578 ], [ 38.4006739, 59.7043741 ], [ 38.4003329, 59.7044488 ], [ 38.4000263, 59.7046763 ], [ 38.3998689, 59.7049987 ], [ 38.4000105, 59.7055559 ], [ 38.4000047, 59.705879 ], [ 38.3998868, 59.7061074 ], [ 38.3993191, 59.7061631 ], [ 38.3990173, 59.7061214 ], [ 38.398526, 59.7061191 ], [ 38.3982604, 59.7061942 ], [ 38.3976883, 59.7064609 ], [ 38.3969604, 59.7069916 ], [ 38.3956523, 59.7082647 ], [ 38.3954964, 59.7085333 ], [ 38.3954902, 59.7088788 ], [ 38.3957091, 59.7092973 ], [ 38.396045, 59.7095456 ], [ 38.3965695, 59.7097994 ], [ 38.3968704, 59.709895 ], [ 38.3970193, 59.7100124 ], [ 38.3971297, 59.7102014 ], [ 38.3970889, 59.7103718 ], [ 38.3961712, 59.7109241 ], [ 38.3948784, 59.71134 ], [ 38.3938493, 59.711811 ], [ 38.3927768, 59.7125691 ], [ 38.3924676, 59.7129312 ], [ 38.3919142, 59.7142661 ], [ 38.3914495, 59.7148743 ], [ 38.3911736, 59.7154834 ], [ 38.3908225, 59.7160742 ], [ 38.390624, 59.7166074 ], [ 38.3900424, 59.7194547 ], [ 38.3899024, 59.7209217 ], [ 38.3900214, 59.7226816 ], [ 38.3899804, 59.7249344 ], [ 38.3900385, 59.7258907 ], [ 38.389867, 59.7270164 ], [ 38.3894657, 59.7282757 ], [ 38.3892145, 59.7295941 ], [ 38.3891233, 59.7304509 ], [ 38.3894172, 59.7330105 ], [ 38.3892869, 59.7339075 ], [ 38.3889726, 59.7345389 ], [ 38.3888513, 59.7349781 ], [ 38.3886543, 59.7354171 ], [ 38.3861572, 59.7374879 ], [ 38.3853075, 59.7383995 ], [ 38.3850704, 59.7389684 ], [ 38.3848228, 59.7400758 ], [ 38.3847201, 59.7415475 ], [ 38.3848191, 59.7423333 ], [ 38.3853943, 59.7439967 ], [ 38.3864906, 59.7461022 ], [ 38.387117, 59.7470387 ], [ 38.3873357, 59.7474795 ], [ 38.3874053, 59.7478075 ], [ 38.387286, 59.7481301 ], [ 38.3867088, 59.7486615 ], [ 38.3854822, 59.7494995 ], [ 38.3836089, 59.7505006 ], [ 38.380208, 59.7522439 ], [ 38.3771827, 59.7541012 ], [ 38.3757449, 59.7549157 ], [ 38.3708439, 59.7571813 ], [ 38.3701873, 59.7575327 ], [ 38.3698751, 59.7576703 ], [ 38.3694305, 59.7578657 ], [ 38.3688034, 59.7581275 ], [ 38.3678271, 59.7583921 ], [ 38.3664947, 59.7587851 ], [ 38.3631859, 59.7595725 ], [ 38.3628781, 59.7596742 ], [ 38.3608935, 59.759889 ], [ 38.359785, 59.7599016 ], [ 38.3586967, 59.7599097 ], [ 38.3561795, 59.7597987 ], [ 38.3539083, 59.7596439 ], [ 38.3516372, 59.7596327 ], [ 38.3514851, 59.7596499 ], [ 38.3513342, 59.7596312 ], [ 38.3511826, 59.7596484 ], [ 38.3501227, 59.7596252 ], [ 38.3496678, 59.7596589 ], [ 38.3492136, 59.7596567 ], [ 38.3489098, 59.7596955 ], [ 38.3478447, 59.7599371 ], [ 38.3472355, 59.7601271 ], [ 38.3466277, 59.7602183 ], [ 38.345871, 59.7602145 ], [ 38.345116, 59.7600941 ], [ 38.3446618, 59.7600918 ], [ 38.3440572, 59.7600125 ], [ 38.343252, 59.7599905 ], [ 38.3431496, 59.7599945 ], [ 38.3431168, 59.7599944 ], [ 38.3413665, 59.7600484 ], [ 38.3394186, 59.7601105 ], [ 38.3393608, 59.7601057 ], [ 38.3381493, 59.7600996 ], [ 38.3378452, 59.7601564 ], [ 38.3369356, 59.7602057 ], [ 38.3363277, 59.7603014 ], [ 38.335418, 59.7603551 ], [ 38.3349634, 59.7603708 ], [ 38.3348126, 59.760352 ], [ 38.3342058, 59.7603849 ], [ 38.3320859, 59.7603741 ], [ 38.3316324, 59.7603359 ], [ 38.3308751, 59.7603321 ], [ 38.3301187, 59.7602878 ], [ 38.329666, 59.7602092 ], [ 38.3289087, 59.7602053 ], [ 38.3287582, 59.7601687 ], [ 38.3284552, 59.7601671 ], [ 38.3278512, 59.7600653 ], [ 38.3276999, 59.7600645 ], [ 38.3267937, 59.7599477 ], [ 38.32634, 59.7599229 ], [ 38.3255846, 59.7598248 ], [ 38.3254334, 59.759824 ], [ 38.3252823, 59.7597873 ], [ 38.3243754, 59.7597064 ], [ 38.3231651, 59.7596418 ], [ 38.3227125, 59.7595632 ], [ 38.3216909, 59.7595175 ], [ 38.3182125, 59.7592931 ], [ 38.3162825, 59.7592426 ], [ 38.3123448, 59.7592401 ], [ 38.3112087, 59.7592745 ], [ 38.3101485, 59.7592689 ], [ 38.30939, 59.7593233 ], [ 38.3084784, 59.7594711 ], [ 38.3074127, 59.7597303 ], [ 38.3069179, 59.7598623 ], [ 38.3056982, 59.7602554 ], [ 38.3047463, 59.7605196 ], [ 38.303491, 59.7608002 ], [ 38.3022338, 59.761175 ], [ 38.3016249, 59.7613065 ], [ 38.2997263, 59.7615836 ], [ 38.2990797, 59.7617103 ], [ 38.2977467, 59.7620892 ], [ 38.2969452, 59.7623901 ], [ 38.2957643, 59.7627249 ], [ 38.2949269, 59.7629313 ], [ 38.2929878, 59.7633024 ], [ 38.2892705, 59.76361 ], [ 38.2879406, 59.7638317 ], [ 38.287219, 59.763922 ], [ 38.286271, 59.7639932 ], [ 38.2839596, 59.7640569 ], [ 38.2831234, 59.764205 ], [ 38.2825128, 59.7644126 ], [ 38.2820187, 59.7645041 ], [ 38.281564, 59.7645196 ], [ 38.2796723, 59.7644329 ], [ 38.2789151, 59.7644512 ], [ 38.2785352, 59.764503 ], [ 38.2771265, 59.7648409 ], [ 38.274885, 59.7651921 ], [ 38.2736697, 59.7653559 ], [ 38.2727181, 59.7655616 ], [ 38.2716902, 59.7658252 ], [ 38.2712347, 59.7658765 ], [ 38.2707795, 59.7659144 ], [ 38.2703252, 59.7659119 ], [ 38.2686646, 59.7656333 ], [ 38.2685133, 59.7656325 ], [ 38.2680552, 59.765805 ], [ 38.2671332, 59.7664103 ], [ 38.266637, 59.766596 ], [ 38.2654601, 59.7667241 ], [ 38.2651558, 59.7667807 ], [ 38.2650045, 59.7667799 ], [ 38.2647002, 59.7668365 ], [ 38.2637861, 59.7670782 ], [ 38.2636326, 59.7671537 ], [ 38.2633279, 59.7672283 ], [ 38.2623397, 59.7673978 ], [ 38.261692, 59.7675647 ], [ 38.261005, 59.7678256 ], [ 38.2603159, 59.7681494 ], [ 38.259894, 59.7683939 ], [ 38.2593938, 59.7687546 ], [ 38.2590062, 59.7691519 ], [ 38.2580341, 59.7702729 ], [ 38.2573796, 59.7707674 ], [ 38.2567603, 59.7713563 ], [ 38.2565644, 59.7716604 ], [ 38.2564436, 59.7719874 ], [ 38.2563569, 59.7724626 ], [ 38.2563832, 59.7729789 ], [ 38.2562936, 59.7736068 ], [ 38.2560904, 59.7742385 ], [ 38.2558175, 59.774578 ], [ 38.2555088, 59.7748276 ], [ 38.2550106, 59.7750896 ], [ 38.2544759, 59.7752975 ], [ 38.2532188, 59.7756135 ], [ 38.2526069, 59.7758614 ], [ 38.252411, 59.7761655 ], [ 38.2524067, 59.7763539 ], [ 38.2527313, 59.7770649 ], [ 38.2527292, 59.7771592 ], [ 38.2526515, 59.777253 ], [ 38.2524228, 59.777328 ], [ 38.2520435, 59.7773482 ], [ 38.2517064, 59.7771713 ], [ 38.2514432, 59.7770755 ], [ 38.2512545, 59.7770565 ], [ 38.2509509, 59.7770727 ], [ 38.2508353, 59.7771663 ], [ 38.2507941, 59.7773187 ], [ 38.2508246, 59.7776465 ], [ 38.2510116, 59.7777418 ], [ 38.251276, 59.7777837 ], [ 38.2522216, 59.777843 ], [ 38.2523333, 59.7779199 ], [ 38.25237, 59.7779964 ], [ 38.2523661, 59.7781714 ], [ 38.2522448, 59.7784939 ], [ 38.2520905, 59.7786276 ], [ 38.2518235, 59.7787024 ], [ 38.2515209, 59.7787007 ], [ 38.2509537, 59.7786391 ], [ 38.2507267, 59.7786378 ], [ 38.2504979, 59.7786949 ], [ 38.2503057, 59.7788284 ], [ 38.2502644, 59.7789583 ], [ 38.250338, 59.7790755 ], [ 38.2505254, 59.7791528 ], [ 38.2509417, 59.7791732 ], [ 38.2513601, 59.7790992 ], [ 38.2515114, 59.7791001 ], [ 38.2516997, 59.7791595 ], [ 38.2520322, 59.7795429 ], [ 38.2524831, 59.7813991 ], [ 38.2525098, 59.7818974 ], [ 38.2524218, 59.782449 ], [ 38.252016, 59.7836495 ], [ 38.2519309, 59.7840709 ], [ 38.2519188, 59.784587 ], [ 38.2519792, 59.785292 ], [ 38.2521504, 59.7860963 ], [ 38.252468, 59.7871483 ], [ 38.252829, 59.7879538 ], [ 38.2537802, 59.7894672 ], [ 38.2550692, 59.7911351 ], [ 38.2555502, 59.791654 ], [ 38.2561839, 59.7921378 ], [ 38.2577556, 59.7930443 ], [ 38.2581682, 59.7932352 ], [ 38.2583545, 59.7933708 ], [ 38.2584992, 59.7936948 ], [ 38.2585676, 59.7940228 ], [ 38.258677, 59.794212 ], [ 38.2588632, 59.7943476 ], [ 38.2590892, 59.7944252 ], [ 38.259278, 59.7944442 ], [ 38.259506, 59.7944276 ], [ 38.2599249, 59.7943357 ], [ 38.2601522, 59.7943549 ], [ 38.2602185, 59.7947772 ], [ 38.260441, 59.7949849 ], [ 38.2607043, 59.7950851 ], [ 38.2614207, 59.7952597 ], [ 38.2622885, 59.7954351 ], [ 38.2626646, 59.7955718 ], [ 38.2640497, 59.7963426 ], [ 38.2651372, 59.7968828 ], [ 38.2662638, 59.7973693 ], [ 38.2670912, 59.7976611 ], [ 38.2684858, 59.79801 ], [ 38.269657, 59.7981915 ], [ 38.270111, 59.79823 ], [ 38.2708312, 59.798234 ], [ 38.271211, 59.7982002 ], [ 38.2724676, 59.7979378 ], [ 38.2725807, 59.7979564 ], [ 38.2726926, 59.7980333 ], [ 38.2726884, 59.7982263 ], [ 38.2729785, 59.7988383 ], [ 38.2732756, 59.7991272 ], [ 38.2740608, 59.7996252 ], [ 38.274171, 59.7997829 ], [ 38.2742784, 59.8000662 ], [ 38.2742464, 59.8015382 ], [ 38.2743175, 59.8017495 ], [ 38.2745768, 59.8020382 ], [ 38.2755847, 59.8027484 ], [ 38.2759967, 59.8029795 ], [ 38.2762935, 59.8032864 ], [ 38.2765886, 59.8036695 ], [ 38.2768502, 59.803828 ], [ 38.2774147, 59.8040376 ], [ 38.27783, 59.8041161 ], [ 38.2781313, 59.8042165 ], [ 38.2787347, 59.80435 ], [ 38.2793781, 59.8044119 ], [ 38.2796036, 59.8044894 ], [ 38.2805492, 59.8046113 ], [ 38.2813068, 59.8046154 ], [ 38.2817609, 59.8046538 ], [ 38.2823677, 59.8046571 ], [ 38.2826695, 59.804735 ], [ 38.2829691, 59.8048893 ], [ 38.283492, 59.8052736 ], [ 38.2837878, 59.8056029 ], [ 38.2838238, 59.8057153 ], [ 38.2841173, 59.8061567 ], [ 38.284412, 59.8065622 ], [ 38.2847839, 59.8069053 ], [ 38.2851581, 59.8071363 ], [ 38.2854962, 59.8072907 ], [ 38.2857595, 59.8073684 ], [ 38.2862135, 59.8074113 ], [ 38.2865927, 59.8074134 ], [ 38.2870872, 59.8073577 ], [ 38.2873921, 59.8072651 ], [ 38.2877729, 59.8071908 ], [ 38.2885324, 59.8071366 ], [ 38.2887598, 59.8071558 ], [ 38.2889475, 59.8072331 ], [ 38.2890203, 59.8073681 ], [ 38.2890497, 59.8077677 ], [ 38.2892659, 59.8083075 ], [ 38.2897489, 59.8087679 ], [ 38.289971, 59.8090339 ], [ 38.2902267, 59.8094751 ], [ 38.2902186, 59.8098566 ], [ 38.2900228, 59.8101607 ], [ 38.2899817, 59.8103131 ], [ 38.2900524, 59.8105468 ], [ 38.2898561, 59.810851 ], [ 38.2897344, 59.8112318 ], [ 38.2897149, 59.8121473 ], [ 38.2897858, 59.8123766 ], [ 38.2897793, 59.8126817 ], [ 38.2898501, 59.812911 ], [ 38.289842, 59.8132924 ], [ 38.2898783, 59.8133689 ], [ 38.2900644, 59.813545 ], [ 38.2902526, 59.8135998 ], [ 38.2904425, 59.8136009 ], [ 38.2906709, 59.8135482 ], [ 38.2910208, 59.8131462 ], [ 38.291173, 59.8131111 ], [ 38.2914008, 59.8131123 ], [ 38.2915894, 59.8131717 ], [ 38.2918887, 59.8133439 ], [ 38.2921906, 59.8134218 ], [ 38.2923421, 59.8134226 ], [ 38.2927986, 59.8133488 ], [ 38.2929881, 59.8133677 ], [ 38.2931755, 59.813463 ], [ 38.2932073, 59.8137504 ], [ 38.29309, 59.8139248 ], [ 38.2929353, 59.8140766 ], [ 38.2924755, 59.814303 ], [ 38.291713, 59.8144874 ], [ 38.291106, 59.8144841 ], [ 38.2906502, 59.8145221 ], [ 38.2900446, 59.8144784 ], [ 38.289739, 59.8145755 ], [ 38.2895847, 59.8147048 ], [ 38.2896942, 59.8148984 ], [ 38.2906275, 59.8155901 ], [ 38.2911155, 59.8158216 ], [ 38.2918345, 59.8159018 ], [ 38.2920594, 59.8160377 ], [ 38.2920936, 59.8162084 ], [ 38.2920542, 59.8162845 ], [ 38.2920461, 59.8166659 ], [ 38.2920066, 59.816742 ], [ 38.2916998, 59.816893 ], [ 38.291622, 59.8169913 ], [ 38.2915771, 59.8172962 ], [ 38.291723, 59.8175843 ], [ 38.2917149, 59.8179657 ], [ 38.2915965, 59.818194 ], [ 38.2912075, 59.8186497 ], [ 38.2910489, 59.818954 ], [ 38.2911589, 59.8191251 ], [ 38.2915357, 59.8192439 ], [ 38.291726, 59.8192269 ], [ 38.2921864, 59.8189781 ], [ 38.2925294, 59.8189036 ], [ 38.2935917, 59.8188734 ], [ 38.2940509, 59.8187053 ], [ 38.2942069, 59.8184952 ], [ 38.2943318, 59.8179618 ], [ 38.2944479, 59.8178457 ], [ 38.2946394, 59.8177705 ], [ 38.2948291, 59.8177535 ], [ 38.2951311, 59.8178314 ], [ 38.295317, 59.8180209 ], [ 38.2954612, 59.8183673 ], [ 38.2949881, 59.819222 ], [ 38.2943346, 59.8196224 ], [ 38.2933367, 59.8201871 ], [ 38.2921035, 59.8211005 ], [ 38.2919454, 59.8213869 ], [ 38.2918587, 59.8219026 ], [ 38.291961, 59.8224372 ], [ 38.292327, 59.8230675 ], [ 38.2925067, 59.8235487 ], [ 38.2925704, 59.824119 ], [ 38.2925212, 59.8246529 ], [ 38.2925876, 59.8250931 ], [ 38.2926923, 59.8255155 ], [ 38.2928388, 59.8257811 ], [ 38.293097, 59.8261101 ], [ 38.2934581, 59.8287645 ], [ 38.2937113, 59.8293583 ], [ 38.2949147, 59.8316582 ], [ 38.29509, 59.8323279 ], [ 38.2950779, 59.8329023 ], [ 38.2943048, 59.8353621 ], [ 38.2941326, 59.8363351 ], [ 38.2942293, 59.837139 ], [ 38.2943724, 59.8375392 ], [ 38.2946693, 59.837864 ], [ 38.2951181, 59.8381715 ], [ 38.2957574, 59.8384622 ], [ 38.2963598, 59.8386764 ], [ 38.2966628, 59.8387139 ], [ 38.2968901, 59.8387151 ], [ 38.2971197, 59.83864 ], [ 38.2980681, 59.8404996 ], [ 38.2974117, 59.8409934 ], [ 38.2972144, 59.8413379 ], [ 38.2972112, 59.8414905 ], [ 38.2974352, 59.8416802 ], [ 38.2978119, 59.8418168 ], [ 38.2982273, 59.8419133 ], [ 38.2983769, 59.8420128 ], [ 38.298412, 59.8421432 ], [ 38.2980519, 59.8430209 ], [ 38.2980745, 59.8437481 ], [ 38.2979116, 59.8442813 ], [ 38.2979052, 59.8445865 ], [ 38.2977466, 59.8448908 ], [ 38.2977418, 59.8451197 ], [ 38.2975837, 59.845424 ], [ 38.2975805, 59.8455766 ], [ 38.2973846, 59.8458808 ], [ 38.2973424, 59.8460556 ], [ 38.2971884, 59.846167 ], [ 38.297032, 59.846395 ], [ 38.2970295, 59.8465117 ], [ 38.2960218, 59.8474802 ], [ 38.2959823, 59.8475563 ], [ 38.2957895, 59.8477079 ], [ 38.2953293, 59.8479343 ], [ 38.2945261, 59.8482173 ], [ 38.2934517, 59.8487456 ], [ 38.2933743, 59.8488215 ], [ 38.2930949, 59.8494528 ], [ 38.2928626, 59.8496804 ], [ 38.2918608, 59.8503617 ], [ 38.2915158, 59.8505125 ], [ 38.290899, 59.8509669 ], [ 38.2908594, 59.851043 ], [ 38.2902783, 59.851574 ], [ 38.2901992, 59.8517262 ], [ 38.2896944, 59.852262 ], [ 38.2894236, 59.8524894 ], [ 38.2891121, 59.8528468 ], [ 38.2883761, 59.8535519 ], [ 38.287954, 59.8537606 ], [ 38.2875714, 59.8538932 ], [ 38.2866199, 59.8539823 ], [ 38.2858602, 59.8539961 ], [ 38.2854063, 59.8539174 ], [ 38.2849515, 59.853879 ], [ 38.2826856, 59.8533281 ], [ 38.2823821, 59.8533085 ], [ 38.2819263, 59.853324 ], [ 38.2811627, 59.8535128 ], [ 38.2802419, 59.8539655 ], [ 38.2790171, 59.8544166 ], [ 38.2785566, 59.854643 ], [ 38.2778597, 59.855254 ], [ 38.2772838, 59.8555336 ], [ 38.2765566, 59.8558169 ], [ 38.2763623, 59.8560088 ], [ 38.2761611, 59.8565418 ], [ 38.275966, 59.8567696 ], [ 38.2757269, 59.8573024 ], [ 38.2754151, 59.8576642 ], [ 38.2752993, 59.8577578 ], [ 38.2747607, 59.85806 ], [ 38.2742622, 59.8582907 ], [ 38.2734607, 59.8584748 ], [ 38.2725462, 59.8586223 ], [ 38.271783, 59.8587886 ], [ 38.2713262, 59.8588445 ], [ 38.2710202, 59.858937 ], [ 38.2705629, 59.8590153 ], [ 38.2699519, 59.8591824 ], [ 38.2697997, 59.8591816 ], [ 38.2687301, 59.8594808 ], [ 38.2675084, 59.8597792 ], [ 38.265978, 59.8602869 ], [ 38.2656733, 59.8603211 ], [ 38.2653677, 59.8603957 ], [ 38.2646019, 59.8606786 ], [ 38.2639912, 59.8608278 ], [ 38.2635322, 59.8609778 ], [ 38.2623103, 59.8612807 ], [ 38.2615453, 59.8615232 ], [ 38.260779, 59.8618241 ], [ 38.2598613, 59.8621062 ], [ 38.2587877, 59.862558 ], [ 38.2574072, 59.8631606 ], [ 38.2569848, 59.8633691 ], [ 38.2566378, 59.8635961 ], [ 38.2564025, 59.8639179 ], [ 38.2563586, 59.8641869 ], [ 38.2564674, 59.8644344 ], [ 38.2564989, 59.8647218 ], [ 38.2564942, 59.8649327 ], [ 38.2563761, 59.8651026 ], [ 38.2561046, 59.8653704 ], [ 38.255643, 59.8656326 ], [ 38.2546842, 59.8660311 ], [ 38.2544528, 59.8662003 ], [ 38.2540989, 59.8667324 ], [ 38.2540537, 59.8670598 ], [ 38.2541602, 59.8673835 ], [ 38.2541559, 59.8675765 ], [ 38.2539606, 59.8678043 ], [ 38.2536543, 59.8679327 ], [ 38.2531972, 59.8679884 ], [ 38.2523249, 59.8679072 ], [ 38.2517175, 59.8679037 ], [ 38.2512601, 59.8679774 ], [ 38.2507251, 59.868127 ], [ 38.2502249, 59.8683934 ], [ 38.2497985, 59.8687725 ], [ 38.2494813, 59.8693811 ], [ 38.2494642, 59.870144 ], [ 38.2492989, 59.8707175 ], [ 38.2491416, 59.8709635 ], [ 38.24864, 59.8712882 ], [ 38.2476019, 59.8718523 ], [ 38.2470987, 59.8722713 ], [ 38.2469446, 59.8723467 ], [ 38.2467498, 59.8725745 ], [ 38.2464009, 59.8728777 ], [ 38.2462026, 59.873258 ], [ 38.2460072, 59.8734858 ], [ 38.2460778, 59.8737196 ], [ 38.2466031, 59.8740278 ], [ 38.2468997, 59.8743347 ], [ 38.2471214, 59.8746232 ], [ 38.2472279, 59.874947 ], [ 38.2474422, 59.8755586 ], [ 38.2474071, 59.8770888 ], [ 38.2474375, 59.877448 ], [ 38.247584, 59.8776822 ], [ 38.2478467, 59.8778363 ], [ 38.2481484, 59.8779144 ], [ 38.2485663, 59.8779167 ], [ 38.2491392, 59.8778033 ], [ 38.249328, 59.8778448 ], [ 38.2496989, 59.8782463 ], [ 38.2496955, 59.8783989 ], [ 38.2498369, 59.8788575 ], [ 38.2498283, 59.879239 ], [ 38.2498646, 59.8793155 ], [ 38.2501273, 59.8794696 ], [ 38.2505046, 59.8795884 ], [ 38.2506547, 59.8796655 ], [ 38.2508786, 59.8798553 ], [ 38.250989, 59.8800085 ], [ 38.2510597, 59.8802423 ], [ 38.2511344, 59.880319 ], [ 38.2512034, 59.8806246 ], [ 38.2513138, 59.8807779 ], [ 38.2513018, 59.8813119 ], [ 38.2511449, 59.8815399 ], [ 38.251138, 59.881845 ], [ 38.251053, 59.882226 ], [ 38.2513089, 59.8826853 ], [ 38.2515319, 59.8829154 ], [ 38.2519723, 59.8836091 ], [ 38.2519706, 59.8836854 ], [ 38.2520448, 59.8837621 ], [ 38.252188, 59.8841444 ], [ 38.2524094, 59.8844509 ], [ 38.2524077, 59.8845271 ], [ 38.2526268, 59.8849099 ], [ 38.2527706, 59.8852922 ], [ 38.2529914, 59.8855986 ], [ 38.2530259, 59.8857514 ], [ 38.2531749, 59.8859049 ], [ 38.2533249, 59.885982 ], [ 38.2535424, 59.886441 ], [ 38.2535371, 59.8866744 ], [ 38.2536102, 59.8868274 ], [ 38.2536067, 59.88698 ], [ 38.2534062, 59.8874366 ], [ 38.2532505, 59.8876063 ], [ 38.2529813, 59.8877394 ], [ 38.2527519, 59.8878144 ], [ 38.2518352, 59.8879977 ], [ 38.2514111, 59.8882646 ], [ 38.2514443, 59.8884757 ], [ 38.2515894, 59.8887997 ], [ 38.2520351, 59.88926 ], [ 38.2523738, 59.8894145 ], [ 38.253092, 59.8895712 ], [ 38.2532793, 59.8897069 ], [ 38.2533889, 59.8899005 ], [ 38.2533833, 59.8901473 ], [ 38.2533031, 59.8903398 ], [ 38.2529938, 59.890567 ], [ 38.2524939, 59.8908289 ], [ 38.2520724, 59.8909791 ], [ 38.2515775, 59.8910167 ], [ 38.2511616, 59.8909201 ], [ 38.2507129, 59.8905899 ], [ 38.2504864, 59.8905123 ], [ 38.2492706, 59.8904875 ], [ 38.249007, 59.8903693 ], [ 38.2488607, 59.8901216 ], [ 38.2487934, 59.8897397 ], [ 38.2490397, 59.8889198 ], [ 38.2489055, 59.8881381 ], [ 38.2486485, 59.8877507 ], [ 38.2481618, 59.8874068 ], [ 38.2477848, 59.88727 ], [ 38.2473314, 59.8871507 ], [ 38.2469932, 59.8869782 ], [ 38.2468836, 59.8867891 ], [ 38.2468893, 59.8865378 ], [ 38.2471649, 59.886122 ], [ 38.2475536, 59.8857427 ], [ 38.2475575, 59.8855677 ], [ 38.2474838, 59.885473 ], [ 38.2472948, 59.8854136 ], [ 38.2470296, 59.8853941 ], [ 38.2462656, 59.8855603 ], [ 38.2458057, 59.8857327 ], [ 38.2455012, 59.8857489 ], [ 38.2453492, 59.8857301 ], [ 38.2451988, 59.8856709 ], [ 38.2447865, 59.8854172 ], [ 38.2446006, 59.8852456 ], [ 38.2441499, 59.8850141 ], [ 38.2439234, 59.8849365 ], [ 38.2436959, 59.8848993 ], [ 38.2429364, 59.884895 ], [ 38.2423252, 59.8850216 ], [ 38.2420205, 59.8850423 ], [ 38.2418697, 59.885001 ], [ 38.241117, 59.8846735 ], [ 38.2408142, 59.8846135 ], [ 38.2405098, 59.8846476 ], [ 38.240394, 59.8847053 ], [ 38.24035, 59.8849743 ], [ 38.2404237, 59.885069 ], [ 38.2408732, 59.8853768 ], [ 38.2409474, 59.8854535 ], [ 38.2409819, 59.8856063 ], [ 38.2407881, 59.8857578 ], [ 38.240481, 59.8859086 ], [ 38.2401358, 59.8860413 ], [ 38.2399067, 59.8860803 ], [ 38.239411, 59.8861538 ], [ 38.2388019, 59.8861862 ], [ 38.2380428, 59.8861638 ], [ 38.2377024, 59.8860855 ], [ 38.2367215, 59.8857567 ], [ 38.2360789, 59.8856184 ], [ 38.2359266, 59.8856175 ], [ 38.2354724, 59.8855385 ], [ 38.2348625, 59.8856293 ], [ 38.2342529, 59.8856841 ], [ 38.2337948, 59.8857756 ], [ 38.2334925, 59.8857155 ], [ 38.2328895, 59.8854831 ], [ 38.2324344, 59.8854446 ], [ 38.2321289, 59.8855012 ], [ 38.2318218, 59.8856295 ], [ 38.2314732, 59.8859327 ], [ 38.2313931, 59.8860893 ], [ 38.23112, 59.8864108 ], [ 38.2309275, 59.886504 ], [ 38.2306239, 59.8865022 ], [ 38.2302827, 59.8864643 ], [ 38.2295226, 59.8864599 ], [ 38.2287607, 59.8865317 ], [ 38.228303, 59.8866053 ], [ 38.2279988, 59.8866035 ], [ 38.2276934, 59.8866556 ], [ 38.2275416, 59.8866547 ], [ 38.2267792, 59.886749 ], [ 38.2261715, 59.8867454 ], [ 38.2258687, 59.8866853 ], [ 38.2252671, 59.8863945 ], [ 38.2251179, 59.8862814 ], [ 38.2248173, 59.8861271 ], [ 38.2240631, 59.8858937 ], [ 38.2239126, 59.8858121 ], [ 38.2236492, 59.8857163 ], [ 38.2237697, 59.8854297 ], [ 38.224001, 59.8852785 ], [ 38.224193, 59.8852033 ], [ 38.2246887, 59.88513 ], [ 38.2257529, 59.8851362 ], [ 38.2260207, 59.8850435 ], [ 38.2260988, 59.8849497 ], [ 38.2261039, 59.8847568 ], [ 38.2258465, 59.8843738 ], [ 38.2255076, 59.8842371 ], [ 38.2252035, 59.8842354 ], [ 38.2244037, 59.884307 ], [ 38.2236396, 59.8844775 ], [ 38.223332, 59.8846462 ], [ 38.2230636, 59.8847389 ], [ 38.2228368, 59.8847017 ], [ 38.2226506, 59.8845255 ], [ 38.2226563, 59.8842787 ], [ 38.222734, 59.8842029 ], [ 38.22275, 59.8835163 ], [ 38.2227898, 59.8834402 ], [ 38.2229457, 59.8832885 ], [ 38.2232931, 59.8830617 ], [ 38.2236377, 59.8829291 ], [ 38.223832, 59.8827597 ], [ 38.2242933, 59.882529 ], [ 38.2246822, 59.8821498 ], [ 38.2247616, 59.8819977 ], [ 38.2247652, 59.8818451 ], [ 38.2245103, 59.8813858 ], [ 38.2243615, 59.8812323 ], [ 38.2239507, 59.8809247 ], [ 38.2238007, 59.8808476 ], [ 38.2233859, 59.8807105 ], [ 38.2227465, 59.8804195 ], [ 38.2220683, 59.8801866 ], [ 38.2219164, 59.8801677 ], [ 38.2215739, 59.8801836 ], [ 38.2209614, 59.880391 ], [ 38.2202313, 59.8807322 ], [ 38.2200791, 59.8807493 ], [ 38.2193191, 59.8807448 ], [ 38.2190136, 59.8808013 ], [ 38.2185949, 59.8808347 ], [ 38.2182121, 59.8809492 ], [ 38.2177893, 59.8811576 ], [ 38.2170141, 59.8817993 ], [ 38.2164751, 59.8821013 ], [ 38.215942, 59.8821564 ], [ 38.2157901, 59.8821376 ], [ 38.2150301, 59.8821331 ], [ 38.2145728, 59.8821887 ], [ 38.2141147, 59.8822802 ], [ 38.2139246, 59.882297 ], [ 38.2138112, 59.8822784 ], [ 38.2136981, 59.8822194 ], [ 38.2134411, 59.8818543 ], [ 38.2134935, 59.8812442 ], [ 38.2134591, 59.8810914 ], [ 38.2132747, 59.8808435 ], [ 38.2133158, 59.8807091 ], [ 38.2134695, 59.8806516 ], [ 38.2140039, 59.8805426 ], [ 38.2143086, 59.880522 ], [ 38.2147662, 59.8804484 ], [ 38.215073, 59.8803381 ], [ 38.2156883, 59.8800141 ], [ 38.2160044, 59.8795043 ], [ 38.2160478, 59.8792757 ], [ 38.2161671, 59.879043 ], [ 38.216898, 59.8786659 ], [ 38.2171316, 59.8784384 ], [ 38.2172526, 59.8781339 ], [ 38.2171785, 59.8780572 ], [ 38.2168397, 59.8779205 ], [ 38.2165744, 59.877883 ], [ 38.2163468, 59.8778817 ], [ 38.2160413, 59.8779382 ], [ 38.2149747, 59.878044 ], [ 38.2145161, 59.878158 ], [ 38.2128383, 59.8784128 ], [ 38.2115814, 59.8785399 ], [ 38.2110113, 59.8785545 ], [ 38.2102523, 59.878514 ], [ 38.2096441, 59.8785104 ], [ 38.2091893, 59.8784672 ], [ 38.2085817, 59.8784636 ], [ 38.208124, 59.8785371 ], [ 38.207664, 59.878687 ], [ 38.2075478, 59.878785 ], [ 38.2073513, 59.8790711 ], [ 38.2072296, 59.8793755 ], [ 38.2069568, 59.8796791 ], [ 38.2063797, 59.8799628 ], [ 38.205806, 59.8801299 ], [ 38.2053478, 59.8802214 ], [ 38.2047346, 59.8804287 ], [ 38.204581, 59.880504 ], [ 38.2041942, 59.8807889 ], [ 38.2041124, 59.8810353 ], [ 38.2041485, 59.8811118 ], [ 38.2039491, 59.8814921 ], [ 38.2039437, 59.881721 ], [ 38.2040183, 59.8817977 ], [ 38.2040526, 59.8819505 ], [ 38.2036652, 59.8822579 ], [ 38.2035037, 59.8826384 ], [ 38.2028435, 59.8832448 ], [ 38.2023803, 59.8835472 ], [ 38.2019183, 59.8837733 ], [ 38.2007313, 59.8841655 ], [ 38.2005771, 59.8842409 ], [ 38.2003073, 59.8844143 ], [ 38.1999968, 59.8846772 ], [ 38.1998431, 59.8847346 ], [ 38.1993103, 59.8847718 ], [ 38.1988558, 59.8847106 ], [ 38.1985516, 59.8847088 ], [ 38.1982472, 59.8847428 ], [ 38.1977495, 59.8848745 ], [ 38.1971775, 59.8849652 ], [ 38.1965655, 59.8851141 ], [ 38.1959597, 59.8850341 ], [ 38.1956555, 59.8850322 ], [ 38.1950501, 59.8849343 ], [ 38.194595, 59.8848956 ], [ 38.1941391, 59.8848928 ], [ 38.1938341, 59.8849269 ], [ 38.1933366, 59.8850764 ], [ 38.1927634, 59.8851896 ], [ 38.1916928, 59.8854703 ], [ 38.191079, 59.8856954 ], [ 38.1907299, 59.8859805 ], [ 38.1904179, 59.8863017 ], [ 38.1900652, 59.8867574 ], [ 38.1900633, 59.8868336 ], [ 38.1895976, 59.8872123 ], [ 38.1887147, 59.8875704 ], [ 38.1883318, 59.8876847 ], [ 38.1881416, 59.8877015 ], [ 38.1878356, 59.8877759 ], [ 38.1871487, 59.8878839 ], [ 38.1863506, 59.8879014 ], [ 38.184566, 59.8878141 ], [ 38.1840342, 59.8878108 ], [ 38.183119, 59.8879353 ], [ 38.1826982, 59.8880493 ], [ 38.1823134, 59.8882399 ], [ 38.181886, 59.8886188 ], [ 38.1818841, 59.8886951 ], [ 38.1814932, 59.8891325 ], [ 38.1814905, 59.8892447 ], [ 38.1813352, 59.8893604 ], [ 38.1811755, 59.8896825 ], [ 38.1810977, 59.8897584 ], [ 38.1810958, 59.8898347 ], [ 38.1808914, 59.8904079 ], [ 38.1808436, 59.890807 ], [ 38.1809268, 59.8920507 ], [ 38.1808397, 59.892508 ], [ 38.1804473, 59.8930037 ], [ 38.1800204, 59.8933601 ], [ 38.1794438, 59.8936258 ], [ 38.1789464, 59.8937394 ], [ 38.1776917, 59.8937496 ], [ 38.1768186, 59.8937037 ], [ 38.176399, 59.8937594 ], [ 38.1759776, 59.8938914 ], [ 38.1755914, 59.8941359 ], [ 38.1751689, 59.8943083 ], [ 38.1749783, 59.894343 ], [ 38.17475, 59.8943416 ], [ 38.1745611, 59.8943045 ], [ 38.1743015, 59.8940336 ], [ 38.1742816, 59.8933064 ], [ 38.174134, 59.8931349 ], [ 38.1737952, 59.8929981 ], [ 38.1733785, 59.8929372 ], [ 38.1725803, 59.8929321 ], [ 38.171551, 59.8930424 ], [ 38.1707471, 59.8932662 ], [ 38.1704002, 59.893475 ], [ 38.1700888, 59.8937602 ], [ 38.1699279, 59.8941003 ], [ 38.1698362, 59.8947326 ], [ 38.1697133, 59.8950954 ], [ 38.1692415, 59.8957207 ], [ 38.1690872, 59.895796 ], [ 38.1687072, 59.8958116 ], [ 38.1684798, 59.8957743 ], [ 38.1682894, 59.8957731 ], [ 38.1681732, 59.8958666 ], [ 38.1681684, 59.8960595 ], [ 38.1682386, 59.8962889 ], [ 38.1681603, 59.8963826 ], [ 38.167662, 59.89655 ], [ 38.1675832, 59.8966662 ], [ 38.1675779, 59.8968771 ], [ 38.1677956, 59.897278 ], [ 38.1680558, 59.8975264 ], [ 38.1683562, 59.8976809 ], [ 38.1685825, 59.8977407 ], [ 38.1689243, 59.8977608 ], [ 38.1692669, 59.897745 ], [ 38.169611, 59.8976709 ], [ 38.1698422, 59.8975377 ], [ 38.1700368, 59.8973684 ], [ 38.1702285, 59.8972933 ], [ 38.1704573, 59.8972768 ], [ 38.1709504, 59.8973158 ], [ 38.1714407, 59.8974715 ], [ 38.1720809, 59.8977268 ], [ 38.1722664, 59.8978985 ], [ 38.1723742, 59.8981461 ], [ 38.1723319, 59.8983208 ], [ 38.1717865, 59.8988515 ], [ 38.171667, 59.8990796 ], [ 38.1716632, 59.8992322 ], [ 38.1718103, 59.8994216 ], [ 38.1719978, 59.8995395 ], [ 38.1720324, 59.8996744 ], [ 38.1719911, 59.8998088 ], [ 38.1717969, 59.8999601 ], [ 38.1711447, 59.9001849 ], [ 38.170841, 59.900183 ], [ 38.1703541, 59.8998927 ], [ 38.1701281, 59.899797 ], [ 38.1697484, 59.8997722 ], [ 38.1696331, 59.8998298 ], [ 38.1695538, 59.899964 ], [ 38.1695875, 59.9001347 ], [ 38.1700322, 59.9005953 ], [ 38.1700649, 59.9008065 ], [ 38.1699496, 59.9008641 ], [ 38.1694545, 59.9008789 ], [ 38.1691497, 59.9009174 ], [ 38.1688051, 59.9010095 ], [ 38.168535, 59.9011604 ], [ 38.1682226, 59.9014816 ], [ 38.1680948, 59.9020373 ], [ 38.1681901, 59.9027829 ], [ 38.1680739, 59.9028764 ], [ 38.1677696, 59.9028745 ], [ 38.167433, 59.9026435 ], [ 38.1672067, 59.9025837 ], [ 38.1670163, 59.9025825 ], [ 38.166863, 59.9026399 ], [ 38.1667242, 59.9036309 ], [ 38.1665247, 59.9039932 ], [ 38.1662517, 59.9042787 ], [ 38.16602, 59.9044119 ], [ 38.1657513, 59.9045044 ], [ 38.1653706, 59.90452 ], [ 38.1649216, 59.9042299 ], [ 38.1646288, 59.9037927 ], [ 38.164449, 59.9033696 ], [ 38.1642072, 59.9024121 ], [ 38.1638328, 59.9021809 ], [ 38.1636443, 59.9021034 ], [ 38.1634549, 59.9020842 ], [ 38.1631502, 59.9021002 ], [ 38.1617749, 59.9023608 ], [ 38.1614706, 59.9023588 ], [ 38.1611678, 59.9022986 ], [ 38.1609054, 59.9021623 ], [ 38.1607569, 59.9020087 ], [ 38.1607242, 59.9017976 ], [ 38.1608429, 59.9016098 ], [ 38.1620364, 59.901025 ], [ 38.1622686, 59.9008739 ], [ 38.1624243, 59.9007222 ], [ 38.1624287, 59.9005472 ], [ 38.1622417, 59.9004338 ], [ 38.1616721, 59.9003898 ], [ 38.1613674, 59.9004283 ], [ 38.1610612, 59.9005026 ], [ 38.1604512, 59.9005571 ], [ 38.1601879, 59.9004567 ], [ 38.1601144, 59.900362 ], [ 38.1601591, 59.900093 ], [ 38.1604311, 59.8998478 ], [ 38.160547, 59.8997902 ], [ 38.1610776, 59.899852 ], [ 38.16138, 59.8999302 ], [ 38.1619856, 59.9000283 ], [ 38.1622903, 59.9000123 ], [ 38.1625969, 59.89992 ], [ 38.1630588, 59.899694 ], [ 38.1633299, 59.8994848 ], [ 38.1636812, 59.8991235 ], [ 38.1639912, 59.8988965 ], [ 38.1643032, 59.8985933 ], [ 38.1653825, 59.8979898 ], [ 38.165423, 59.8979137 ], [ 38.1652739, 59.8977782 ], [ 38.1650856, 59.8977186 ], [ 38.1644761, 59.8977551 ], [ 38.1638634, 59.8979398 ], [ 38.1637091, 59.8980151 ], [ 38.1634381, 59.8982243 ], [ 38.1632803, 59.8984342 ], [ 38.1630084, 59.8986794 ], [ 38.1628166, 59.8987365 ], [ 38.1626263, 59.8987532 ], [ 38.1623615, 59.8986932 ], [ 38.1621745, 59.8985798 ], [ 38.1621423, 59.8983507 ], [ 38.162817, 59.8972105 ], [ 38.1628248, 59.8969009 ], [ 38.1627147, 59.8967476 ], [ 38.1624657, 59.8960593 ], [ 38.1624753, 59.8956779 ], [ 38.1625551, 59.8955258 ], [ 38.1627493, 59.8953744 ], [ 38.1629026, 59.8953171 ], [ 38.1631314, 59.8953006 ], [ 38.1636249, 59.8953217 ], [ 38.1639306, 59.8952653 ], [ 38.1643933, 59.8950034 ], [ 38.1646999, 59.8949111 ], [ 38.1650027, 59.8949489 ], [ 38.165454, 59.8951627 ], [ 38.1657558, 59.8952409 ], [ 38.1659082, 59.8952419 ], [ 38.166061, 59.8952024 ], [ 38.1662147, 59.8951271 ], [ 38.1663719, 59.8949396 ], [ 38.1676112, 59.8940274 ], [ 38.1676131, 59.8939511 ], [ 38.1679629, 59.8936481 ], [ 38.1680426, 59.893496 ], [ 38.1683545, 59.8931928 ], [ 38.1683943, 59.8931167 ], [ 38.1684039, 59.8927353 ], [ 38.1683322, 59.8925643 ], [ 38.1680713, 59.8923517 ], [ 38.1677681, 59.8923094 ], [ 38.1670462, 59.8922869 ], [ 38.1667815, 59.8922493 ], [ 38.1665551, 59.8921716 ], [ 38.1664441, 59.8920542 ], [ 38.1664181, 59.8915783 ], [ 38.1664978, 59.8914262 ], [ 38.1672676, 59.8910496 ], [ 38.1675795, 59.8907419 ], [ 38.1677774, 59.89042 ], [ 38.1678994, 59.8901155 ], [ 38.167907, 59.8898104 ], [ 38.1678363, 59.889581 ], [ 38.1677248, 59.8894861 ], [ 38.1673092, 59.8893847 ], [ 38.1668157, 59.8893637 ], [ 38.1667793, 59.8893051 ], [ 38.166858, 59.8891934 ], [ 38.1672045, 59.8890205 ], [ 38.1678606, 59.8886073 ], [ 38.1685145, 59.8883062 ], [ 38.1690512, 59.8881166 ], [ 38.1695095, 59.8880252 ], [ 38.1699675, 59.8879698 ], [ 38.1700833, 59.8878942 ], [ 38.1702005, 59.8877603 ], [ 38.1701317, 59.8874726 ], [ 38.169765, 59.8869362 ], [ 38.1693555, 59.8865925 ], [ 38.1689063, 59.8863204 ], [ 38.168568, 59.8861657 ], [ 38.1678867, 59.8860447 ], [ 38.1673558, 59.8860054 ], [ 38.1669777, 59.8859268 ], [ 38.1664881, 59.8857531 ], [ 38.1654353, 59.8852887 ], [ 38.1644889, 59.885148 ], [ 38.1641848, 59.8851461 ], [ 38.163579, 59.8850659 ], [ 38.1632768, 59.8849877 ], [ 38.1629765, 59.8848332 ], [ 38.1628276, 59.8847156 ], [ 38.1627537, 59.8846388 ], [ 38.1627556, 59.8845625 ], [ 38.1632143, 59.8844532 ], [ 38.1637467, 59.8844342 ], [ 38.1638999, 59.8843992 ], [ 38.1639777, 59.8843234 ], [ 38.1640201, 59.8841487 ], [ 38.1639879, 59.8839196 ], [ 38.1639519, 59.883843 ], [ 38.1636914, 59.8836125 ], [ 38.1633911, 59.883458 ], [ 38.1631274, 59.88338 ], [ 38.1621439, 59.8831853 ], [ 38.1614998, 59.8831228 ], [ 38.1613485, 59.8830815 ], [ 38.1611967, 59.8830805 ], [ 38.159678, 59.883017 ], [ 38.1582696, 59.8831202 ], [ 38.1575422, 59.8833265 ], [ 38.156737, 59.8836086 ], [ 38.1560062, 59.883945 ], [ 38.1550428, 59.8844774 ], [ 38.1545431, 59.8847031 ], [ 38.1538911, 59.8849278 ], [ 38.1533565, 59.8850366 ], [ 38.1514159, 59.8851228 ], [ 38.1488351, 59.8849895 ], [ 38.1434035, 59.884878 ], [ 38.142643, 59.884891 ], [ 38.1419194, 59.8849446 ], [ 38.1410045, 59.8850554 ], [ 38.1401253, 59.8852561 ], [ 38.1393588, 59.8855024 ], [ 38.1389383, 59.8855939 ], [ 38.138784, 59.8856692 ], [ 38.137714, 59.8859091 ], [ 38.1371007, 59.8860981 ], [ 38.1366404, 59.8862656 ], [ 38.1365239, 59.8863636 ], [ 38.1361785, 59.8864915 ], [ 38.1354084, 59.8868724 ], [ 38.1347168, 59.887173 ], [ 38.13379, 59.887719 ], [ 38.1330909, 59.8883068 ], [ 38.1320866, 59.8889106 ], [ 38.1290865, 59.8902687 ], [ 38.1287794, 59.8903789 ], [ 38.126777, 59.8913575 ], [ 38.1259643, 59.8919087 ], [ 38.1245782, 59.8925861 ], [ 38.1244618, 59.8926796 ], [ 38.1241536, 59.8928302 ], [ 38.1238433, 59.8930615 ], [ 38.123069, 59.8935904 ], [ 38.1222587, 59.8940428 ], [ 38.1215294, 59.8943028 ], [ 38.1209955, 59.8943755 ], [ 38.1201921, 59.8945632 ], [ 38.1198075, 59.8947311 ], [ 38.1195362, 59.8949403 ], [ 38.1193403, 59.8951499 ], [ 38.1191793, 59.8954944 ], [ 38.1190092, 59.896162 ], [ 38.1187147, 59.9001141 ], [ 38.1186444, 59.9027482 ], [ 38.1185107, 59.9034924 ], [ 38.1183432, 59.9040837 ], [ 38.1180642, 59.9045576 ], [ 38.1176718, 59.9050127 ], [ 38.1169715, 59.9056005 ], [ 38.1163563, 59.9058656 ], [ 38.1149771, 59.9062558 ], [ 38.1148246, 59.9062548 ], [ 38.1142134, 59.9063674 ], [ 38.1134479, 59.9065508 ], [ 38.1126807, 59.9067969 ], [ 38.1118679, 59.9073255 ], [ 38.111323, 59.9077976 ], [ 38.1107421, 59.9081752 ], [ 38.1104337, 59.9083257 ], [ 38.1100118, 59.9084575 ], [ 38.1098579, 59.9085328 ], [ 38.1094745, 59.9086469 ], [ 38.1089782, 59.9087198 ], [ 38.1088248, 59.9087771 ], [ 38.1080596, 59.9089425 ], [ 38.1077543, 59.9089764 ], [ 38.1074479, 59.9090506 ], [ 38.107296, 59.9090495 ], [ 38.1066847, 59.9091441 ], [ 38.104694, 59.9096243 ], [ 38.1033154, 59.9099785 ], [ 38.1004, 59.9108967 ], [ 38.0996312, 59.9111966 ], [ 38.0985522, 59.9117234 ], [ 38.0983987, 59.9117627 ], [ 38.0980943, 59.9117606 ], [ 38.0976396, 59.9116992 ], [ 38.0967349, 59.9114057 ], [ 38.0962811, 59.9113084 ], [ 38.0959768, 59.9113063 ], [ 38.0952131, 59.9114132 ], [ 38.094752, 59.9115851 ], [ 38.0935185, 59.912187 ], [ 38.0926663, 59.9127512 ], [ 38.0923203, 59.9128834 ], [ 38.0917411, 59.9132071 ], [ 38.0912422, 59.9133742 ], [ 38.0904711, 59.9137504 ], [ 38.0901261, 59.9138422 ], [ 38.0898175, 59.9139927 ], [ 38.0897009, 59.9140906 ], [ 38.0891218, 59.9144098 ], [ 38.0890031, 59.9145616 ], [ 38.0887996, 59.9150584 ], [ 38.0886408, 59.9152862 ], [ 38.0886304, 59.9156676 ], [ 38.0888083, 59.9161266 ], [ 38.089212, 59.9166635 ], [ 38.0896558, 59.9171243 ], [ 38.0902157, 59.9175097 ], [ 38.0905496, 59.9178217 ], [ 38.091146, 59.9182836 ], [ 38.0915961, 59.9185156 ], [ 38.0918536, 59.9188226 ], [ 38.0920779, 59.9189767 ], [ 38.0922236, 59.9192066 ], [ 38.0925197, 59.9195138 ], [ 38.0925915, 59.9196669 ], [ 38.0928138, 59.9198974 ], [ 38.0931052, 59.9203572 ], [ 38.093139, 59.92051 ], [ 38.0935006, 59.9212036 ], [ 38.0934964, 59.9213562 ], [ 38.0937504, 59.9218158 ], [ 38.0937842, 59.9219686 ], [ 38.0940023, 59.9223516 ], [ 38.0940002, 59.9224279 ], [ 38.0942199, 59.9227346 ], [ 38.0944421, 59.922965 ], [ 38.0946659, 59.9231191 ], [ 38.0951166, 59.9233332 ], [ 38.0957578, 59.9235485 ], [ 38.0965541, 59.9236482 ], [ 38.0973895, 59.9237123 ], [ 38.0980723, 59.9237932 ], [ 38.0984502, 59.9238721 ], [ 38.0987885, 59.924027 ], [ 38.0991238, 59.9242941 ], [ 38.0991217, 59.9243704 ], [ 38.0995574, 59.9251409 ], [ 38.1000795, 59.9255259 ], [ 38.1003336, 59.9259855 ], [ 38.1005919, 59.9262924 ], [ 38.1005898, 59.9263687 ], [ 38.1005112, 59.9264445 ], [ 38.1002416, 59.9265773 ], [ 38.0995165, 59.9266486 ], [ 38.0994016, 59.9266837 ], [ 38.0993615, 59.9267598 ], [ 38.0993938, 59.9269709 ], [ 38.0995016, 59.9272006 ], [ 38.0992205, 59.9277372 ], [ 38.0992184, 59.9278135 ], [ 38.0994423, 59.9279856 ], [ 38.0995553, 59.9280223 ], [ 38.0997079, 59.9280233 ], [ 38.1000904, 59.9279317 ], [ 38.100478, 59.9276695 ], [ 38.1006769, 59.9273612 ], [ 38.1009111, 59.9271339 ], [ 38.1011058, 59.9269826 ], [ 38.1014144, 59.9268321 ], [ 38.102028, 59.9266478 ], [ 38.1024105, 59.9265741 ], [ 38.1031736, 59.926503 ], [ 38.104543, 59.9265123 ], [ 38.1049251, 59.9264565 ], [ 38.1051952, 59.9263237 ], [ 38.1052737, 59.92623 ], [ 38.1052394, 59.9260951 ], [ 38.1041237, 59.9251316 ], [ 38.1040174, 59.9248436 ], [ 38.1040225, 59.9246551 ], [ 38.1043343, 59.924388 ], [ 38.1046818, 59.9242018 ], [ 38.1056764, 59.9239976 ], [ 38.1063629, 59.9239439 ], [ 38.1066668, 59.923946 ], [ 38.1069317, 59.9240061 ], [ 38.1070416, 59.9241595 ], [ 38.107037, 59.92433 ], [ 38.1066792, 59.92492 ], [ 38.1065954, 59.9251887 ], [ 38.1065897, 59.9253996 ], [ 38.1067377, 59.9255712 ], [ 38.1070006, 59.9256852 ], [ 38.1073415, 59.9257458 ], [ 38.1080634, 59.9257911 ], [ 38.110385, 59.9257843 ], [ 38.1117908, 59.9258522 ], [ 38.1133842, 59.9260334 ], [ 38.1139886, 59.9261901 ], [ 38.1147455, 59.9263478 ], [ 38.1148959, 59.9264296 ], [ 38.1153494, 59.9265448 ], [ 38.1159527, 59.9267419 ], [ 38.1161026, 59.9268192 ], [ 38.1165567, 59.9269344 ], [ 38.117572, 59.927381 ], [ 38.1182742, 59.9281712 ], [ 38.1183461, 59.9283242 ], [ 38.1183421, 59.9284768 ], [ 38.118264, 59.9285526 ], [ 38.11784, 59.9287562 ], [ 38.1175724, 59.9287948 ], [ 38.1166605, 59.9287483 ], [ 38.1160499, 59.9288026 ], [ 38.1157428, 59.9289172 ], [ 38.1151631, 59.9292365 ], [ 38.1150415, 59.9295229 ], [ 38.1151854, 59.929829 ], [ 38.1154098, 59.9299831 ], [ 38.1167612, 59.9306789 ], [ 38.1169097, 59.9308325 ], [ 38.1169816, 59.9309856 ], [ 38.1169714, 59.9313715 ], [ 38.1170813, 59.9315248 ], [ 38.1171872, 59.9318307 ], [ 38.1173357, 59.9319843 ], [ 38.1176737, 59.9321392 ], [ 38.1180527, 59.9322 ], [ 38.1183963, 59.9321619 ], [ 38.1187034, 59.9320697 ], [ 38.118856, 59.9320483 ], [ 38.1193114, 59.9320918 ], [ 38.1196135, 59.932188 ], [ 38.119914, 59.9323426 ], [ 38.1200249, 59.9324601 ], [ 38.1200604, 59.9325545 ], [ 38.1199408, 59.9327647 ], [ 38.1197067, 59.9329741 ], [ 38.1191665, 59.9332577 ], [ 38.1182068, 59.9335744 ], [ 38.1176321, 59.9337052 ], [ 38.1168628, 59.9340053 ], [ 38.1165527, 59.9342321 ], [ 38.1163565, 59.9344417 ], [ 38.1162744, 59.9346701 ], [ 38.1162678, 59.9349169 ], [ 38.1164497, 59.9352233 ], [ 38.1166727, 59.9354357 ], [ 38.1171242, 59.9356317 ], [ 38.1187151, 59.9359251 ], [ 38.1190171, 59.9360259 ], [ 38.1192035, 59.9361618 ], [ 38.1193871, 59.9364278 ], [ 38.1196374, 59.9370219 ], [ 38.1198199, 59.9373283 ], [ 38.1204905, 59.9378669 ], [ 38.1210536, 59.9381758 ], [ 38.1216187, 59.9383905 ], [ 38.1238544, 59.9387869 ], [ 38.1247551, 59.9392731 ], [ 38.1252073, 59.9394467 ], [ 38.1257374, 59.9395444 ], [ 38.1265342, 59.9396484 ], [ 38.1271019, 59.9397644 ], [ 38.127403, 59.939901 ], [ 38.1277767, 59.9401683 ], [ 38.1280342, 59.9405156 ], [ 38.1281403, 59.9408215 ], [ 38.1281277, 59.9413016 ], [ 38.1279616, 59.9418346 ], [ 38.1274778, 59.9428413 ], [ 38.1272447, 59.9430327 ], [ 38.1270136, 59.9431254 ], [ 38.1267459, 59.943182 ], [ 38.1261361, 59.9431959 ], [ 38.1253367, 59.9431906 ], [ 38.1243518, 59.9430135 ], [ 38.1241236, 59.9429941 ], [ 38.1239331, 59.9430108 ], [ 38.1238546, 59.9431045 ], [ 38.1238104, 59.9433151 ], [ 38.1239434, 59.9440611 ], [ 38.1239942, 59.9450174 ], [ 38.1238981, 59.9457797 ], [ 38.1235276, 59.9468275 ], [ 38.1230892, 59.9475696 ], [ 38.122304, 59.948462 ], [ 38.1205925, 59.9498285 ], [ 38.1204364, 59.9499576 ], [ 38.1191916, 59.9509456 ], [ 38.1188383, 59.9513427 ], [ 38.1185118, 59.9521798 ], [ 38.118421, 59.9527133 ], [ 38.1184803, 59.9533645 ], [ 38.1188332, 59.9543991 ], [ 38.1195209, 59.9557591 ], [ 38.1208693, 59.9580436 ], [ 38.1213097, 59.9586928 ], [ 38.121304, 59.9588858 ], [ 38.1211489, 59.9589969 ], [ 38.1209572, 59.959054 ], [ 38.1206904, 59.9590522 ], [ 38.1205012, 59.9590151 ], [ 38.1203136, 59.9588971 ], [ 38.1200869, 59.9588373 ], [ 38.1198587, 59.9588178 ], [ 38.1194002, 59.9588731 ], [ 38.1189777, 59.9590049 ], [ 38.1185133, 59.9592845 ], [ 38.1182779, 59.9595343 ], [ 38.1178828, 59.9600658 ], [ 38.1177114, 59.9610352 ], [ 38.122999, 59.962096 ], [ 38.128057, 59.9631634 ], [ 38.1337935, 59.9645797 ], [ 38.1388378, 59.966198 ], [ 38.1455251, 59.9681024 ], [ 38.1506975, 59.9701346 ], [ 38.1541096, 59.9711214 ], [ 38.1579501, 59.9714906 ], [ 38.161387, 59.9715125 ], [ 38.1681182, 59.9717618 ], [ 38.1740228, 59.9720746 ], [ 38.1789499, 59.9730013 ], [ 38.1855, 59.9750407 ], [ 38.1928725, 59.9772226 ], [ 38.1962749, 59.9786908 ], [ 38.2079429, 59.9833813 ], [ 38.2676769, 59.9839415 ], [ 38.2689065, 59.9881054 ], [ 38.3209404, 59.9892246 ], [ 38.3231381, 59.9843982 ], [ 38.4220353, 59.9832287 ], [ 38.4289682, 60.1088518 ], [ 38.3895685, 60.1087104 ], [ 38.3906613, 60.141106 ], [ 38.3685013, 60.1414004 ], [ 38.3723457, 60.1446027 ], [ 38.3410422, 60.1605369 ], [ 38.3564794, 60.1668964 ], [ 38.3592814, 60.1885831 ], [ 38.3724344, 60.1891316 ], [ 38.3721377, 60.2046681 ], [ 38.3667212, 60.2073129 ], [ 38.3690762, 60.2116942 ], [ 38.367693, 60.2124658 ], [ 38.3672009, 60.2127403 ], [ 38.3665601, 60.2130977 ], [ 38.3670404, 60.2135237 ], [ 38.367076, 60.2136944 ], [ 38.3672267, 60.2138297 ], [ 38.3681013, 60.2142512 ], [ 38.3683668, 60.2144275 ], [ 38.3685176, 60.2145584 ], [ 38.3687012, 60.2149811 ], [ 38.3689973, 60.215557 ], [ 38.369707, 60.2165881 ], [ 38.3701569, 60.2171467 ], [ 38.3705353, 60.2174357 ], [ 38.3712943, 60.2178971 ], [ 38.3717862, 60.2182629 ], [ 38.37205, 60.2185289 ], [ 38.3724288, 60.2188 ], [ 38.3727676, 60.2191247 ], [ 38.3730686, 60.2194538 ], [ 38.3733331, 60.2196839 ], [ 38.3734814, 60.2199494 ], [ 38.3737076, 60.2201793 ], [ 38.3738573, 60.220373 ], [ 38.3741218, 60.2206031 ], [ 38.375069, 60.2212583 ], [ 38.3764768, 60.2219112 ], [ 38.3767049, 60.2220469 ], [ 38.3768553, 60.2222002 ], [ 38.3768521, 60.2223707 ], [ 38.376694, 60.2226213 ], [ 38.376617, 60.2226389 ], [ 38.376309, 60.2226733 ], [ 38.3760017, 60.2226719 ], [ 38.3755421, 60.2226159 ], [ 38.3750056, 60.222573 ], [ 38.3744275, 60.2226147 ], [ 38.3742447, 60.2231096 ], [ 38.3745998, 60.2237199 ], [ 38.3747499, 60.2238912 ], [ 38.3750543, 60.2240452 ], [ 38.3760857, 60.2243373 ], [ 38.3764682, 60.2244154 ], [ 38.3766961, 60.2245286 ], [ 38.3769224, 60.2247586 ], [ 38.3773703, 60.2254294 ], [ 38.3785368, 60.2266959 ], [ 38.3788739, 60.2271193 ], [ 38.3790264, 60.2271963 ], [ 38.379179, 60.227233 ], [ 38.3795247, 60.2272346 ], [ 38.3797563, 60.2271818 ], [ 38.3800266, 60.2270843 ], [ 38.3803733, 60.2270321 ], [ 38.380565, 60.227033 ], [ 38.3808336, 60.2270522 ], [ 38.3812326, 60.2272163 ], [ 38.3816761, 60.2273393 ], [ 38.382327, 60.227288 ], [ 38.3823871, 60.227284 ], [ 38.3823874, 60.2272842 ], [ 38.3817937, 60.2428013 ], [ 38.3937953, 60.2435371 ], [ 38.410038, 60.2537423 ], [ 38.4176879, 60.2599006 ], [ 38.4174824, 60.2601473 ], [ 38.4160434, 60.2616825 ], [ 38.407249, 60.2718802 ], [ 38.3953331, 60.2842037 ], [ 38.3836003, 60.2862905 ], [ 38.3776178, 60.293443 ], [ 38.3698906, 60.295085 ], [ 38.3644008, 60.2924605 ], [ 38.3580929, 60.3002254 ], [ 38.3626839, 60.3016208 ], [ 38.3729, 60.2997047 ], [ 38.3867082, 60.3011235 ], [ 38.405537, 60.298458 ], [ 38.4227722, 60.2986866 ], [ 38.4261021, 60.3019097 ], [ 38.4381002, 60.3019591 ], [ 38.4396742, 60.3004418 ], [ 38.4655634, 60.298713 ], [ 38.475504, 60.2986147 ], [ 38.4838824, 60.2978557 ], [ 38.4920589, 60.2981265 ], [ 38.5006568, 60.2986478 ], [ 38.504027, 60.3006553 ], [ 38.505243, 60.3040632 ], [ 38.5078102, 60.3042255 ], [ 38.5076681, 60.3044989 ], [ 38.5078482, 60.304196 ], [ 38.5096255, 60.3049124 ], [ 38.5116068, 60.3039437 ], [ 38.5125206, 60.3026162 ], [ 38.5127284, 60.300665 ], [ 38.5117266, 60.297403 ], [ 38.5124134, 60.2974574 ], [ 38.5177344, 60.2964487 ], [ 38.5235896, 60.2954649 ], [ 38.5277397, 60.2935393 ], [ 38.5303797, 60.2945247 ], [ 38.5316446, 60.297036 ], [ 38.5376454, 60.2973838 ], [ 38.5390841, 60.2955295 ], [ 38.5399887, 60.2922586 ], [ 38.5441944, 60.2921243 ], [ 38.5556476, 60.2942508 ], [ 38.5672679, 60.2969141 ], [ 38.5715892, 60.2975796 ], [ 38.5718338, 60.296985 ], [ 38.5732034, 60.2971465 ], [ 38.5764879, 60.2959526 ], [ 38.5763892, 60.2838881 ], [ 38.6158698, 60.2825427 ], [ 38.6156923, 60.2764386 ], [ 38.6744006, 60.2756394 ], [ 38.6750944, 60.2808365 ], [ 38.7049255, 60.2764179 ], [ 38.7133381, 60.2852726 ], [ 38.8679847, 60.2761288 ], [ 38.8694708, 60.2706193 ], [ 38.8677537, 60.2657127 ], [ 38.8634678, 60.2643364 ], [ 38.8751621, 60.2591348 ], [ 38.9518532, 60.2325103 ], [ 38.9777409, 60.2109105 ], [ 38.9855005, 60.2040013 ], [ 38.9748446, 60.1937621 ], [ 38.974477, 60.1939613 ], [ 38.9742471, 60.1940376 ], [ 38.973096, 60.1942662 ], [ 38.9727123, 60.1944008 ], [ 38.972444, 60.1945174 ], [ 38.9723285, 60.1945937 ], [ 38.9721752, 60.1946295 ], [ 38.972022, 60.1946295 ], [ 38.9719065, 60.1946115 ], [ 38.9717533, 60.1945352 ], [ 38.9715231, 60.1943422 ], [ 38.9714083, 60.1941537 ], [ 38.9714085, 60.1939607 ], [ 38.9715237, 60.1937139 ], [ 38.9716393, 60.1935613 ], [ 38.971831, 60.1933505 ], [ 38.9720999, 60.1931216 ], [ 38.9721766, 60.1929691 ], [ 38.9721384, 60.1928344 ], [ 38.9720236, 60.1926818 ], [ 38.97187, 60.1925472 ], [ 38.9716786, 60.192417 ], [ 38.9712185, 60.192188 ], [ 38.9710649, 60.1920533 ], [ 38.9709117, 60.1919591 ], [ 38.9707587, 60.1917257 ], [ 38.9706818, 60.1914609 ], [ 38.9704521, 60.1912679 ], [ 38.9702984, 60.1911736 ], [ 38.9696087, 60.1908683 ], [ 38.969455, 60.1907516 ], [ 38.9693402, 60.1906214 ], [ 38.9692259, 60.1899706 ], [ 38.9691496, 60.1897014 ], [ 38.9690726, 60.1895488 ], [ 38.9687282, 60.1892256 ], [ 38.96869, 60.1891089 ], [ 38.9686901, 60.1889563 ], [ 38.9687285, 60.1888262 ], [ 38.9689203, 60.1885973 ], [ 38.9690353, 60.1884986 ], [ 38.9690797, 60.1884313 ], [ 38.9690849, 60.1884309 ], [ 38.969103, 60.1883937 ], [ 38.9690956, 60.1883883 ], [ 38.9691059, 60.1883877 ], [ 38.9691068, 60.1883859 ], [ 38.9685374, 60.1878882 ], [ 38.9682305, 60.1877939 ], [ 38.9680007, 60.1877534 ], [ 38.9675023, 60.1877174 ], [ 38.9671954, 60.187641 ], [ 38.9666206, 60.18743 ], [ 38.96616, 60.1872952 ], [ 38.9658919, 60.1872951 ], [ 38.9656615, 60.187313 ], [ 38.9649332, 60.1874116 ], [ 38.9646262, 60.1874115 ], [ 38.9638592, 60.1873126 ], [ 38.9635523, 60.1872945 ], [ 38.9632076, 60.1872944 ], [ 38.9630155, 60.1873123 ], [ 38.9625936, 60.1873885 ], [ 38.9622481, 60.187541 ], [ 38.9621714, 60.1876397 ], [ 38.9620181, 60.1877518 ], [ 38.9619026, 60.1878101 ], [ 38.9616344, 60.1878864 ], [ 38.9614038, 60.1880389 ], [ 38.9613271, 60.1881331 ], [ 38.9612887, 60.1882677 ], [ 38.9613268, 60.1883844 ], [ 38.9614799, 60.1884966 ], [ 38.9620554, 60.1886314 ], [ 38.9630362, 60.1887819 ], [ 38.9630355, 60.1887826 ], [ 38.9632048, 60.1888245 ], [ 38.9632182, 60.1888265 ], [ 38.9635122, 60.1889011 ], [ 38.9639722, 60.1890538 ], [ 38.9645094, 60.1892424 ], [ 38.9647773, 60.1893592 ], [ 38.964931, 60.1894535 ], [ 38.9650841, 60.1896061 ], [ 38.9653142, 60.1897767 ], [ 38.9655057, 60.1898755 ], [ 38.966196, 60.1901045 ], [ 38.9668476, 60.1902348 ], [ 38.9670395, 60.1903157 ], [ 38.967116, 60.1904862 ], [ 38.9670775, 60.1906208 ], [ 38.9670008, 60.190733 ], [ 38.9668469, 60.1908497 ], [ 38.9666553, 60.1909259 ], [ 38.9663866, 60.1909797 ], [ 38.9660413, 60.19102 ], [ 38.9658113, 60.1911142 ], [ 38.9655807, 60.191325 ], [ 38.9654274, 60.1914192 ], [ 38.9651969, 60.1915179 ], [ 38.9649671, 60.1915717 ], [ 38.9646983, 60.1915941 ], [ 38.9641998, 60.1915939 ], [ 38.9638928, 60.1915714 ], [ 38.9635093, 60.1915174 ], [ 38.9632795, 60.191459 ], [ 38.9627812, 60.1913063 ], [ 38.9622823, 60.1911356 ], [ 38.9620526, 60.1910772 ], [ 38.9617839, 60.1910772 ], [ 38.9614774, 60.191113 ], [ 38.961247, 60.1911713 ], [ 38.9604028, 60.1914762 ], [ 38.9602494, 60.1915928 ], [ 38.9602109, 60.1917633 ], [ 38.9604404, 60.1920327 ], [ 38.9605553, 60.1920865 ], [ 38.9605935, 60.1921628 ], [ 38.9605551, 60.1922391 ], [ 38.9604401, 60.1922974 ], [ 38.960018, 60.192414 ], [ 38.9598648, 60.1924319 ], [ 38.9594812, 60.1924497 ], [ 38.959021, 60.1924137 ], [ 38.958829, 60.1923373 ], [ 38.9587524, 60.192279 ], [ 38.9587142, 60.1922027 ], [ 38.9586382, 60.1917628 ], [ 38.9584463, 60.1915698 ], [ 38.9582933, 60.1914576 ], [ 38.957795, 60.1912869 ], [ 38.9573349, 60.19117 ], [ 38.9568365, 60.1910936 ], [ 38.9558007, 60.191017 ], [ 38.954957, 60.1909763 ], [ 38.9547655, 60.1909403 ], [ 38.9546501, 60.190864 ], [ 38.9544971, 60.1907114 ], [ 38.9544209, 60.1904645 ], [ 38.9543827, 60.1903658 ], [ 38.9544213, 60.1901369 ], [ 38.9547267, 60.1893786 ], [ 38.9547441, 60.1893774 ], [ 38.9547623, 60.1893386 ], [ 38.9547423, 60.1893399 ], [ 38.9548062, 60.1891812 ], [ 38.9548833, 60.1888581 ], [ 38.9548454, 60.1885349 ], [ 38.9545781, 60.187579 ], [ 38.9542341, 60.1866634 ], [ 38.9532018, 60.184657 ], [ 38.952819, 60.1841408 ], [ 38.9525507, 60.1838714 ], [ 38.9523213, 60.1836649 ], [ 38.9517081, 60.1832249 ], [ 38.9507886, 60.1827264 ], [ 38.9503288, 60.1825153 ], [ 38.9499455, 60.1823805 ], [ 38.9489875, 60.1821333 ], [ 38.948259, 60.1819805 ], [ 38.9476071, 60.181868 ], [ 38.9468409, 60.1817107 ], [ 38.9464576, 60.1816342 ], [ 38.9461508, 60.1815578 ], [ 38.9456144, 60.181405 ], [ 38.9451928, 60.1812522 ], [ 38.9441199, 60.1807357 ], [ 38.9435837, 60.1804303 ], [ 38.9429324, 60.1800127 ], [ 38.9415925, 60.1788857 ], [ 38.9414014, 60.1787106 ], [ 38.9409806, 60.1781584 ], [ 38.9407125, 60.177889 ], [ 38.9403297, 60.1775657 ], [ 38.9399468, 60.1772783 ], [ 38.9397556, 60.1771077 ], [ 38.9396787, 60.176973 ], [ 38.939679, 60.1768609 ], [ 38.9397947, 60.1766679 ], [ 38.9398332, 60.1765513 ], [ 38.9398335, 60.1764211 ], [ 38.9397572, 60.1762461 ], [ 38.9394128, 60.1758286 ], [ 38.9391446, 60.1756355 ], [ 38.9387998, 60.1754648 ], [ 38.9381489, 60.1751952 ], [ 38.9368466, 60.1746247 ], [ 38.9365018, 60.1744495 ], [ 38.9361954, 60.1742429 ], [ 38.9358509, 60.1739151 ], [ 38.935622, 60.1735335 ], [ 38.9354305, 60.1732866 ], [ 38.9351255, 60.1726537 ], [ 38.9346662, 60.1720252 ], [ 38.9342069, 60.1717019 ], [ 38.9334414, 60.1713739 ], [ 38.9332879, 60.1712616 ], [ 38.9332117, 60.1710865 ], [ 38.9332121, 60.170916 ], [ 38.9332125, 60.1706871 ], [ 38.9331364, 60.1704762 ], [ 38.9326779, 60.1698073 ], [ 38.9325246, 60.1696187 ], [ 38.932219, 60.169291 ], [ 38.9318365, 60.1689093 ], [ 38.9314538, 60.168568 ], [ 38.9312623, 60.168357 ], [ 38.9311479, 60.1681819 ], [ 38.9309189, 60.1675535 ], [ 38.9307284, 60.167172 ], [ 38.930537, 60.1668847 ], [ 38.9303843, 60.166714 ], [ 38.9301551, 60.166503 ], [ 38.9298488, 60.166274 ], [ 38.9291978, 60.1659101 ], [ 38.9289301, 60.1657978 ], [ 38.9264405, 60.1651053 ], [ 38.9258656, 60.1649345 ], [ 38.9251385, 60.1646648 ], [ 38.9245256, 60.1644176 ], [ 38.9239898, 60.1641525 ], [ 38.922918, 60.1635191 ], [ 38.9222296, 60.163061 ], [ 38.9217704, 60.1628139 ], [ 38.9216171, 60.1626792 ], [ 38.9215791, 60.1625625 ], [ 38.9216176, 60.1624324 ], [ 38.9218105, 60.1620286 ], [ 38.9218109, 60.161858 ], [ 38.9215054, 60.1613777 ], [ 38.9211992, 60.1611486 ], [ 38.9212379, 60.1609602 ], [ 38.9214687, 60.1607135 ], [ 38.9215072, 60.1605968 ], [ 38.9214698, 60.1602333 ], [ 38.9213556, 60.1599864 ], [ 38.9208966, 60.1594117 ], [ 38.9207058, 60.1592231 ], [ 38.9207063, 60.1590122 ], [ 38.9207451, 60.1588013 ], [ 38.9208989, 60.1584558 ], [ 38.9212064, 60.1581329 ], [ 38.921245, 60.1579983 ], [ 38.9212082, 60.1573879 ], [ 38.9212469, 60.1571994 ], [ 38.921171, 60.1569481 ], [ 38.9210567, 60.1567371 ], [ 38.9210186, 60.1566608 ], [ 38.9209802, 60.1564723 ], [ 38.9209806, 60.1563197 ], [ 38.9210581, 60.1561447 ], [ 38.9212114, 60.1560326 ], [ 38.9213647, 60.1559564 ], [ 38.9217481, 60.15584 ], [ 38.9222081, 60.155746 ], [ 38.9228221, 60.1554591 ], [ 38.9231292, 60.1552484 ], [ 38.9232444, 60.1550779 ], [ 38.9233224, 60.1544497 ], [ 38.9232468, 60.1540278 ], [ 38.9231322, 60.1537226 ], [ 38.9229036, 60.1533006 ], [ 38.9226741, 60.1530536 ], [ 38.9220244, 60.1525012 ], [ 38.9216419, 60.1522318 ], [ 38.9215275, 60.1520971 ], [ 38.9214133, 60.1516033 ], [ 38.921261, 60.1512981 ], [ 38.9211085, 60.1510646 ], [ 38.9208408, 60.1507997 ], [ 38.9205729, 60.1506066 ], [ 38.9198847, 60.1502247 ], [ 38.9196167, 60.1500899 ], [ 38.9191574, 60.149937 ], [ 38.9186219, 60.1496719 ], [ 38.9182777, 60.1494024 ], [ 38.9178574, 60.1489848 ], [ 38.9177814, 60.1487739 ], [ 38.9178974, 60.1482758 ], [ 38.9180512, 60.1479707 ], [ 38.9182821, 60.1476477 ], [ 38.9185126, 60.147244 ], [ 38.9185897, 60.1469793 ], [ 38.9187073, 60.1460818 ], [ 38.9187843, 60.1458709 ], [ 38.918976, 60.1457005 ], [ 38.919398, 60.1454315 ], [ 38.9207786, 60.1448399 ], [ 38.9214683, 60.1445756 ], [ 38.9226187, 60.1440602 ], [ 38.9230022, 60.1438674 ], [ 38.9233859, 60.1435804 ], [ 38.9236928, 60.1432171 ], [ 38.9238085, 60.1430107 ], [ 38.9238473, 60.1427998 ], [ 38.9236584, 60.1415386 ], [ 38.9236596, 60.1410226 ], [ 38.92366, 60.140852 ], [ 38.9236224, 60.1405827 ], [ 38.9235087, 60.140107 ], [ 38.9235093, 60.1398557 ], [ 38.923548, 60.1396672 ], [ 38.9236248, 60.1395147 ], [ 38.9238555, 60.1392635 ], [ 38.9240857, 60.1389225 ], [ 38.9241244, 60.1387296 ], [ 38.9241247, 60.138577 ], [ 38.9242405, 60.1383886 ], [ 38.9243861, 60.1382948 ], [ 38.9228977, 60.1360437 ], [ 38.923597, 60.1343415 ], [ 38.9248319, 60.1333175 ], [ 38.9283948, 60.1225995 ], [ 38.9340677, 60.1023571 ], [ 38.9447509, 60.0885495 ], [ 38.7941319, 60.0882369 ], [ 38.7229828, 60.0902329 ], [ 38.705593, 60.0924924 ], [ 38.6938312, 60.0857997 ], [ 38.6850898, 60.0922643 ], [ 38.6788546, 60.0869693 ], [ 38.6775352, 60.0847624 ], [ 38.6759946, 60.0745333 ], [ 38.692779, 60.0760227 ], [ 38.6916583, 60.0466426 ], [ 38.6908917, 60.0199972 ], [ 38.7099849, 60.0167282 ], [ 38.7211379, 60.0203882 ], [ 38.7283538, 60.0265847 ], [ 38.7557523, 60.012818 ], [ 38.7484374, 60.0040436 ], [ 38.7598956, 59.9998467 ], [ 38.7598835, 59.9838582 ], [ 38.7777268, 59.9835175 ], [ 38.7798886, 59.9386852 ], [ 38.7884726, 59.9340015 ], [ 38.7844825, 59.9280126 ], [ 38.7857246, 59.9184293 ], [ 38.791231, 59.9185187 ], [ 38.7947909, 59.9177122 ], [ 38.8013066, 59.914782 ], [ 38.8057941, 59.9115614 ], [ 38.8080383, 59.9091321 ], [ 38.803223, 59.9021934 ], [ 38.8026178, 59.8993205 ], [ 38.801359, 59.8933433 ], [ 38.7964264, 59.8876095 ], [ 38.7881391, 59.8824583 ], [ 38.7850178, 59.8695523 ], [ 38.7886535, 59.8581559 ], [ 38.7957999, 59.8545836 ], [ 38.7997276, 59.8475854 ], [ 38.7990045, 59.8413711 ], [ 38.7936616, 59.8277061 ], [ 38.7905061, 59.8210198 ], [ 38.7837606, 59.8136788 ], [ 38.7760372, 59.8079647 ], [ 38.762197, 59.7989814 ], [ 38.754131, 59.796849 ], [ 38.738632, 59.7947015 ], [ 38.7255358, 59.7932497 ], [ 38.7135692, 59.7915423 ], [ 38.7072668, 59.790975 ], [ 38.7064734, 59.7906415 ], [ 38.7060962, 59.7903714 ], [ 38.7056469, 59.78976 ], [ 38.7050808, 59.7893952 ], [ 38.7031511, 59.7889331 ], [ 38.7025838, 59.7887029 ], [ 38.7025492, 59.7883393 ], [ 38.7031595, 59.7879188 ], [ 38.7034285, 59.7875155 ], [ 38.7032818, 59.7869991 ], [ 38.703056, 59.7867921 ], [ 38.7019975, 59.7864262 ], [ 38.701505, 59.7863667 ], [ 38.7007465, 59.786383 ], [ 38.6996859, 59.786192 ], [ 38.6989698, 59.7856922 ], [ 38.6985922, 59.7855388 ], [ 38.6977587, 59.7854785 ], [ 38.6974167, 59.7855181 ], [ 38.6970355, 59.7857641 ], [ 38.6969197, 59.7859523 ], [ 38.6969543, 59.7863159 ], [ 38.6967998, 59.7866612 ], [ 38.6966473, 59.7867191 ], [ 38.6963821, 59.7867006 ], [ 38.695515, 59.78616 ], [ 38.6952126, 59.7860651 ], [ 38.6949088, 59.7860644 ], [ 38.6946047, 59.7861579 ], [ 38.6940314, 59.7866547 ], [ 38.6938037, 59.7866722 ], [ 38.6935016, 59.7865368 ], [ 38.6922187, 59.7858472 ], [ 38.6919538, 59.7857882 ], [ 38.6913462, 59.7858451 ], [ 38.6910417, 59.785979 ], [ 38.6906617, 59.7860365 ], [ 38.6896759, 59.7860701 ], [ 38.6892943, 59.7862981 ], [ 38.6888341, 59.7868355 ], [ 38.6877288, 59.7874433 ], [ 38.687231, 59.7879582 ], [ 38.6863954, 59.7881088 ], [ 38.6843097, 59.7881038 ], [ 38.6837017, 59.7881966 ], [ 38.683018, 59.7883476 ], [ 38.6825226, 59.7885977 ], [ 38.682063, 59.7890544 ], [ 38.6817967, 59.789148 ], [ 38.6802812, 59.7889917 ], [ 38.6798634, 59.7890311 ], [ 38.6791781, 59.7892942 ], [ 38.6786464, 59.7893692 ], [ 38.6773589, 59.7891776 ], [ 38.6764104, 59.7891932 ], [ 38.6757295, 59.7890569 ], [ 38.6750515, 59.788557 ], [ 38.6743324, 59.7884026 ], [ 38.6738015, 59.7884013 ], [ 38.6730417, 59.7885341 ], [ 38.6727371, 59.788668 ], [ 38.6724683, 59.7890129 ], [ 38.6721644, 59.789066 ], [ 38.6714829, 59.7889341 ], [ 38.6711055, 59.7887222 ], [ 38.6700148, 59.7878174 ], [ 38.6692975, 59.7874745 ], [ 38.6689189, 59.7873793 ], [ 38.6683126, 59.7873554 ], [ 38.6676281, 59.7875287 ], [ 38.6668313, 59.7875805 ], [ 38.6660374, 59.7873317 ], [ 38.6649832, 59.786584 ], [ 38.6650233, 59.7863552 ], [ 38.6651764, 59.7861805 ], [ 38.6652918, 59.7860507 ], [ 38.6652181, 59.7857992 ], [ 38.6650679, 59.7856866 ], [ 38.6646532, 59.7854162 ], [ 38.6638589, 59.7852257 ], [ 38.6631798, 59.7848604 ], [ 38.6626884, 59.7847066 ], [ 38.6623475, 59.7846833 ], [ 38.6617393, 59.7847984 ], [ 38.661203, 59.7853311 ], [ 38.6609757, 59.7853126 ], [ 38.6607876, 59.7851954 ], [ 38.6606757, 59.7849842 ], [ 38.6605259, 59.7848312 ], [ 38.6603744, 59.7847949 ], [ 38.6600716, 59.7847537 ], [ 38.6598059, 59.7847755 ], [ 38.6595015, 59.7848869 ], [ 38.6591591, 59.7849623 ], [ 38.6587047, 59.7848848 ], [ 38.6578799, 59.7839851 ], [ 38.6574653, 59.7837147 ], [ 38.6565964, 59.7834252 ], [ 38.6561036, 59.783406 ], [ 38.6550404, 59.7835558 ], [ 38.6541268, 59.783881 ], [ 38.6539749, 59.7838806 ], [ 38.6537111, 59.7837273 ], [ 38.6536037, 59.7831301 ], [ 38.6532256, 59.782999 ], [ 38.6530365, 59.7829985 ], [ 38.6526943, 59.7830514 ], [ 38.6518551, 59.7835474 ], [ 38.6516273, 59.7835647 ], [ 38.6514758, 59.7835284 ], [ 38.6512916, 59.7830477 ], [ 38.6508389, 59.7828176 ], [ 38.6489866, 59.7822427 ], [ 38.6483836, 59.7819135 ], [ 38.6482337, 59.7817246 ], [ 38.6481963, 59.7816841 ], [ 38.648122, 59.7815492 ], [ 38.6496777, 59.7814412 ], [ 38.6500195, 59.7813658 ], [ 38.6502108, 59.7812137 ], [ 38.6502126, 59.7810387 ], [ 38.6500249, 59.7808497 ], [ 38.6495712, 59.7807139 ], [ 38.6469231, 59.7801727 ], [ 38.6453014, 59.7793246 ], [ 38.6425809, 59.7784376 ], [ 38.6406948, 59.7775752 ], [ 38.6377865, 59.776535 ], [ 38.6366174, 59.7759573 ], [ 38.6354125, 59.7751865 ], [ 38.6336009, 59.7744589 ], [ 38.631749, 59.7739152 ], [ 38.6304674, 59.7732653 ], [ 38.6297203, 59.7722668 ], [ 38.629381, 59.7721133 ], [ 38.628775, 59.7720353 ], [ 38.6269187, 59.7719537 ], [ 38.6251419, 59.7715268 ], [ 38.6246534, 59.7711439 ], [ 38.6244668, 59.7708741 ], [ 38.6244326, 59.7705509 ], [ 38.6244358, 59.7702636 ], [ 38.6246682, 59.7698245 ], [ 38.62505, 59.7695608 ], [ 38.625659, 59.7693112 ], [ 38.6266094, 59.769067 ], [ 38.6276736, 59.7688008 ], [ 38.628775, 59.7686333 ], [ 38.6296469, 59.7685954 ], [ 38.6318447, 59.7686599 ], [ 38.6324137, 59.7686032 ], [ 38.6329075, 59.7685103 ], [ 38.6330605, 59.7683985 ], [ 38.6329491, 59.7681648 ], [ 38.6326096, 59.7680337 ], [ 38.6318524, 59.7679553 ], [ 38.6314353, 59.7679542 ], [ 38.6307137, 59.7680823 ], [ 38.6299172, 59.7681384 ], [ 38.6291592, 59.7681363 ], [ 38.6274183, 59.7679024 ], [ 38.6266229, 59.7678643 ], [ 38.6242336, 59.7679697 ], [ 38.6229454, 59.7679301 ], [ 38.6221511, 59.7677932 ], [ 38.6207924, 59.767309 ], [ 38.6204155, 59.767097 ], [ 38.6200782, 59.7667729 ], [ 38.6195224, 59.7656223 ], [ 38.6185068, 59.7649507 ], [ 38.6179037, 59.7646841 ], [ 38.6157875, 59.7641215 ], [ 38.6142022, 59.7635827 ], [ 38.6134483, 59.7632349 ], [ 38.6125835, 59.762622 ], [ 38.6125134, 59.7621461 ], [ 38.6128611, 59.7615547 ], [ 38.6129412, 59.7611689 ], [ 38.6126134, 59.7600415 ], [ 38.612618, 59.7596421 ], [ 38.6129287, 59.7589742 ], [ 38.6141511, 59.7581341 ], [ 38.6143067, 59.7577531 ], [ 38.6141601, 59.7573532 ], [ 38.6135217, 59.7568352 ], [ 38.6134886, 59.7564312 ], [ 38.6138327, 59.7561449 ], [ 38.6146669, 59.7560711 ], [ 38.6163278, 59.7566325 ], [ 38.6168953, 59.756688 ], [ 38.6173127, 59.7566533 ], [ 38.6186443, 59.756159 ], [ 38.6191379, 59.7560662 ], [ 38.6200096, 59.7560687 ], [ 38.6206165, 59.7559942 ], [ 38.6213407, 59.7556148 ], [ 38.621572, 59.7552698 ], [ 38.6215404, 59.7546773 ], [ 38.6210545, 59.7540835 ], [ 38.6206781, 59.7538894 ], [ 38.6196959, 59.7536398 ], [ 38.6152311, 59.7531286 ], [ 38.6117174, 59.7522969 ], [ 38.609749, 59.7521565 ], [ 38.6088425, 59.7519069 ], [ 38.6083535, 59.7516003 ], [ 38.6079056, 59.7510649 ], [ 38.6068551, 59.7501596 ], [ 38.6061461, 59.7492419 ], [ 38.6040139, 59.7469421 ], [ 38.6034495, 59.7466352 ], [ 38.6031527, 59.7461182 ], [ 38.6017984, 59.7453108 ], [ 38.6014616, 59.7449821 ], [ 38.6008723, 59.7435486 ], [ 38.6006917, 59.7428031 ], [ 38.6007331, 59.742498 ], [ 38.6013069, 59.7420599 ], [ 38.6026775, 59.7414312 ], [ 38.6029077, 59.7411851 ], [ 38.6030001, 59.7397716 ], [ 38.6031168, 59.7394848 ], [ 38.6038097, 59.7385488 ], [ 38.6043151, 59.7374418 ], [ 38.6050062, 59.7366046 ], [ 38.6056562, 59.7360904 ], [ 38.6060036, 59.735517 ], [ 38.6060459, 59.7351357 ], [ 38.6057406, 59.7348744 ], [ 38.6057087, 59.7348474 ], [ 38.6052936, 59.7347115 ], [ 38.603214, 59.7344764 ], [ 38.6010246, 59.7338953 ], [ 38.6000834, 59.7334346 ], [ 38.5988447, 59.7325332 ], [ 38.5981292, 59.7322034 ], [ 38.5964306, 59.7317629 ], [ 38.5956027, 59.7313564 ], [ 38.5953792, 59.7310505 ], [ 38.595461, 59.7305346 ], [ 38.5968334, 59.7297759 ], [ 38.5969536, 59.7292018 ], [ 38.5956094, 59.7276313 ], [ 38.5937855, 59.7250809 ], [ 38.5933789, 59.7242584 ], [ 38.5930574, 59.7226506 ], [ 38.5920275, 59.7202014 ], [ 38.5908669, 59.7191476 ], [ 38.5897036, 59.7183227 ], [ 38.5889514, 59.7179388 ], [ 38.5882356, 59.7176673 ], [ 38.5868058, 59.7169761 ], [ 38.584952, 59.7169478 ], [ 38.5849159, 59.7168131 ], [ 38.5850679, 59.7167373 ], [ 38.5862837, 59.7163596 ], [ 38.5864385, 59.7160953 ], [ 38.5863634, 59.7160188 ], [ 38.5861372, 59.7159418 ], [ 38.5856075, 59.7159401 ], [ 38.5846196, 59.7162601 ], [ 38.5841657, 59.7162766 ], [ 38.5840526, 59.7162179 ], [ 38.5840594, 59.7156659 ], [ 38.584526, 59.714671 ], [ 38.5846542, 59.7134686 ], [ 38.585204, 59.7118457 ], [ 38.5846944, 59.7102194 ], [ 38.5847067, 59.7091872 ], [ 38.5852453, 59.7084618 ], [ 38.585896, 59.7078714 ], [ 38.5871169, 59.7070539 ], [ 38.5892108, 59.7059699 ], [ 38.5898557, 59.7058034 ] ] ] ] } },
{ "type": "Feature", "properties": { "NAME": "Памятник природы «Еловый лес» у деревни Кирики-Улита", "NAME_EN": null, "NAME_RU": "Памятник природы «Еловый лес» у деревни Кирики-Улита", "LEISURE": "nature_reserve", "BOUNDARY": "protected_area", "OSM_TYPE": "relation", "OSM_ID": 7878747 }, "geometry": { "type": "MultiPolygon", "coordinates": [ [ [ [ 39.8551872, 59.1542032 ], [ 39.8522956, 59.157441 ], [ 39.8528945, 59.1580402 ], [ 39.8525619, 59.158483 ], [ 39.8527014, 59.1588433 ], [ 39.8537099, 59.1596381 ], [ 39.8535543, 59.1602238 ], [ 39.8537689, 59.161288 ], [ 39.8531789, 59.1626162 ], [ 39.8529589, 59.1632404 ], [ 39.8532699, 59.1632925 ], [ 39.853425, 59.1641259 ], [ 39.852975, 59.1643623 ], [ 39.8529107, 59.1648506 ], [ 39.8507059, 59.1648018 ], [ 39.8505824, 59.1639846 ], [ 39.8503839, 59.1636792 ], [ 39.8501586, 59.1637162 ], [ 39.8500728, 59.1640657 ], [ 39.8496943, 59.1640638 ], [ 39.8495181, 59.1643261 ], [ 39.8495373, 59.1644599 ], [ 39.8492905, 59.1645629 ], [ 39.8482458, 59.1640627 ], [ 39.8480479, 59.1642002 ], [ 39.8498798, 59.1650855 ], [ 39.8497644, 59.1654195 ], [ 39.8499174, 59.1654465 ], [ 39.8502606, 59.1652092 ], [ 39.8526424, 59.1656326 ], [ 39.8532915, 59.1658495 ], [ 39.852883, 59.1662066 ], [ 39.853152, 59.1663778 ], [ 39.8542488, 59.1659216 ], [ 39.8553568, 59.1656931 ], [ 39.856199, 59.1660341 ], [ 39.8574833, 59.1666223 ], [ 39.8567863, 59.1672306 ], [ 39.8573246, 59.1678205 ], [ 39.857685, 59.1680632 ], [ 39.8583901, 59.1675523 ], [ 39.8590189, 59.1677932 ], [ 39.8594852, 59.1677665 ], [ 39.8605325, 59.1679262 ], [ 39.8611879, 59.1672741 ], [ 39.8617995, 59.1656684 ], [ 39.8600758, 59.1653387 ], [ 39.8591648, 59.1659426 ], [ 39.8590767, 59.166179 ], [ 39.8588927, 59.1663065 ], [ 39.8586226, 59.1664448 ], [ 39.8581125, 59.1662673 ], [ 39.8581713, 59.1660062 ], [ 39.8587969, 59.1658047 ], [ 39.8591553, 59.1657686 ], [ 39.8594622, 59.1653741 ], [ 39.8592353, 59.164948 ], [ 39.8567086, 59.1639114 ], [ 39.8565048, 59.1631359 ], [ 39.8567569, 59.1610158 ], [ 39.8554051, 59.1609058 ], [ 39.8550564, 59.1595748 ], [ 39.8545736, 59.1588158 ], [ 39.8548955, 59.1584968 ], [ 39.8563224, 59.1582822 ], [ 39.857744, 59.1581695 ], [ 39.8584413, 59.157845 ], [ 39.8583502, 59.1569648 ], [ 39.8575182, 59.1566848 ], [ 39.8574708, 59.1564242 ], [ 39.8584789, 59.1563461 ], [ 39.8588705, 59.1551827 ], [ 39.8582107, 59.1550286 ], [ 39.8551872, 59.1542032 ] ] ], [ [ [ 39.8523769, 59.1538789 ], [ 39.8490268, 59.1564506 ], [ 39.8488176, 59.1570089 ], [ 39.8491438, 59.1573673 ], [ 39.8503357, 59.1583469 ], [ 39.8507329, 59.1583568 ], [ 39.8504198, 59.1576941 ], [ 39.8506721, 59.1573546 ], [ 39.8520711, 59.1573623 ], [ 39.8524171, 59.1569841 ], [ 39.8549867, 59.1541787 ], [ 39.8541552, 59.1539725 ], [ 39.8523769, 59.1538789 ] ] ] ] } },
{ "type": "Feature", "properties": { "NAME": "Государственный природный заказник «Диковский лес»", "NAME_EN": null, "NAME_RU": "Государственный природный заказник «Диковский лес»", "LEISURE": "nature_reserve", "BOUNDARY": "protected_area", "OSM_TYPE": "relation", "OSM_ID": 7903102 }, "geometry": { "type": "MultiPolygon", "coordinates": [ [ [ [ 39.5078659, 59.2209451 ], [ 39.5093894, 59.2261879 ], [ 39.5117175, 59.2270497 ], [ 39.5099687, 59.2287294 ], [ 39.5103764, 59.2297723 ], [ 39.5165562, 59.2304803 ], [ 39.518702, 59.2378234 ], [ 39.538958, 59.2366436 ], [ 39.5359969, 59.2244038 ], [ 39.523251, 59.2196823 ], [ 39.5078659, 59.2209451 ] ] ] ] } },
{ "type": "Feature", "properties": { "NAME": "Урочище \"Ключи\"", "NAME_EN": null, "NAME_RU": null, "LEISURE": "nature_reserve", "BOUNDARY": "protected_area", "OSM_TYPE": "relation", "OSM_ID": 7923787 }, "geometry": { "type": "MultiPolygon", "coordinates": [ [ [ [ 36.0902667, 59.4002417 ], [ 36.0841583, 59.4024972 ], [ 36.0842722, 59.4031944 ], [ 36.0862778, 59.4026778 ], [ 36.0887056, 59.4018306 ], [ 36.0918972, 59.4004194 ], [ 36.0929667, 59.4001667 ], [ 36.0937028, 59.3997361 ], [ 36.0947222, 59.3988417 ], [ 36.0956083, 59.3983722 ], [ 36.0902667, 59.4002417 ] ] ] ] } },
{ "type": "Feature", "properties": { "NAME": "Сысоевский бор", "NAME_EN": null, "NAME_RU": null, "LEISURE": null, "BOUNDARY": "protected_area", "OSM_TYPE": "relation", "OSM_ID": 7923788 }, "geometry": { "type": "MultiPolygon", "coordinates": [ [ [ [ 43.1755998, 59.7314127 ], [ 43.1810222, 59.7338556 ], [ 43.1897167, 59.7380639 ], [ 43.1911835, 59.7387806 ], [ 43.1968995, 59.7363994 ], [ 43.1968709, 59.7361894 ], [ 43.1952987, 59.724651 ], [ 43.2285599, 59.7241891 ], [ 43.2330694, 59.7241333 ], [ 43.2316111, 59.7103778 ], [ 43.2223083, 59.7155389 ], [ 43.2213111, 59.7165722 ], [ 43.2161528, 59.7189944 ], [ 43.2086306, 59.7194083 ], [ 43.2051361, 59.7222417 ], [ 43.2006389, 59.7205639 ], [ 43.2006611, 59.720525 ], [ 43.2019556, 59.7179167 ], [ 43.2130694, 59.7185028 ], [ 43.221025, 59.7156306 ], [ 43.2293778, 59.7092556 ], [ 43.2347583, 59.7049222 ], [ 43.2190528, 59.6965694 ], [ 43.2095083, 59.7019667 ], [ 43.2012194, 59.7041389 ], [ 43.1947528, 59.7034833 ], [ 43.1947944, 59.7023944 ], [ 43.1978694, 59.7026917 ], [ 43.203125, 59.7023944 ], [ 43.2056083, 59.7011722 ], [ 43.2222111, 59.6929417 ], [ 43.2071944, 59.6831528 ], [ 43.2057111, 59.6822944 ], [ 43.2049889, 59.6833556 ], [ 43.2032056, 59.6846639 ], [ 43.1997917, 59.6860528 ], [ 43.1944944, 59.6852056 ], [ 43.1965583, 59.6834361 ], [ 43.2055639, 59.6774333 ], [ 43.2058333, 59.6766972 ], [ 43.1509028, 59.678725 ], [ 43.1540583, 59.6984861 ], [ 43.1561833, 59.7073111 ], [ 43.1745778, 59.7121194 ], [ 43.1788167, 59.711325 ], [ 43.1809389, 59.7137694 ], [ 43.1801222, 59.7141139 ], [ 43.1765806, 59.7135583 ], [ 43.1764444, 59.71505 ], [ 43.1739167, 59.7154861 ], [ 43.1704861, 59.7141861 ], [ 43.1609111, 59.7105472 ], [ 43.1566333, 59.7101139 ], [ 43.15705, 59.7123917 ], [ 43.1574806, 59.7147444 ], [ 43.1238639, 59.7161333 ], [ 43.1321944, 59.7345528 ], [ 43.1614333, 59.7333861 ], [ 43.1697622, 59.7332761 ], [ 43.1702428, 59.7329645 ], [ 43.1705121, 59.7328357 ], [ 43.1708363, 59.7327283 ], [ 43.171368, 59.7326986 ], [ 43.1720696, 59.7327136 ], [ 43.1724608, 59.7327204 ], [ 43.1729892, 59.7327059 ], [ 43.1737545, 59.7326898 ], [ 43.1741523, 59.732672 ], [ 43.1744993, 59.7326041 ], [ 43.1746857, 59.7325339 ], [ 43.1755167, 59.7321222 ], [ 43.1756097, 59.7320661 ], [ 43.175679, 59.7319466 ], [ 43.1757039, 59.7317769 ], [ 43.1755998, 59.7314127 ] ] ], [ [ [ 43.1969758, 59.7366722 ], [ 43.1914868, 59.7389349 ], [ 43.1975361, 59.7419 ], [ 43.1969758, 59.7366722 ] ] ] ] } },
{ "type": "Feature", "properties": { "NAME": "Моркинский бор", "NAME_EN": null, "NAME_RU": null, "LEISURE": "nature_reserve", "BOUNDARY": "protected_area", "OSM_TYPE": "relation", "OSM_ID": 7923789 }, "geometry": { "type": "MultiPolygon", "coordinates": [ [ [ [ 46.2194889, 60.7505194 ], [ 46.2197056, 60.7503361 ], [ 46.2197, 60.750225 ], [ 46.2196556, 60.7501389 ], [ 46.2196028, 60.7500944 ], [ 46.2194194, 60.7499889 ], [ 46.2192222, 60.7498944 ], [ 46.2190861, 60.7498389 ], [ 46.2190389, 60.7497917 ], [ 46.219025, 60.74975 ], [ 46.2190306, 60.7496833 ], [ 46.2191361, 60.7494528 ], [ 46.2191417, 60.7494111 ], [ 46.2191306, 60.7493806 ], [ 46.2191056, 60.7493472 ], [ 46.2190361, 60.7493028 ], [ 46.2190944, 60.7492139 ], [ 46.2190889, 60.7491722 ], [ 46.2190694, 60.7491444 ], [ 46.2189694, 60.7491028 ], [ 46.218525, 60.7489472 ], [ 46.2183889, 60.7489417 ], [ 46.2182722, 60.7489444 ], [ 46.2182083, 60.7489444 ], [ 46.2181778, 60.7489389 ], [ 46.2181472, 60.748925 ], [ 46.2181194, 60.7489 ], [ 46.2180889, 60.7488806 ], [ 46.2180167, 60.7488861 ], [ 46.21795, 60.7488889 ], [ 46.2178944, 60.7488861 ], [ 46.21785, 60.7488889 ], [ 46.2177722, 60.7488861 ], [ 46.2176972, 60.7488778 ], [ 46.2175917, 60.7488528 ], [ 46.2174861, 60.7488139 ], [ 46.2173333, 60.7487417 ], [ 46.217225, 60.7486806 ], [ 46.217175, 60.7486583 ], [ 46.217125, 60.7486389 ], [ 46.2170722, 60.7486278 ], [ 46.2170417, 60.7486278 ], [ 46.2169944, 60.7486306 ], [ 46.2169667, 60.7486417 ], [ 46.2169556, 60.74865 ], [ 46.2169444, 60.7486639 ], [ 46.21695, 60.7486778 ], [ 46.2170111, 60.748725 ], [ 46.2170389, 60.7487472 ], [ 46.2172806, 60.7489278 ], [ 46.2174556, 60.7490556 ], [ 46.2175222, 60.7491472 ], [ 46.2175333, 60.7491667 ], [ 46.2175389, 60.7492111 ], [ 46.2175306, 60.7492278 ], [ 46.2174972, 60.74925 ], [ 46.2174722, 60.7492611 ], [ 46.2174167, 60.7492806 ], [ 46.2173861, 60.7492861 ], [ 46.2173083, 60.7492917 ], [ 46.2172111, 60.7493139 ], [ 46.2171167, 60.74935 ], [ 46.2170111, 60.7494056 ], [ 46.2169333, 60.749475 ], [ 46.2167889, 60.7496417 ], [ 46.2167139, 60.749725 ], [ 46.2166611, 60.7497806 ], [ 46.2194889, 60.7505194 ] ] ], [ [ [ 46.2142583, 60.7487778 ], [ 46.2144417, 60.7487611 ], [ 46.2145861, 60.7487278 ], [ 46.2147028, 60.748675 ], [ 46.2147611, 60.7486194 ], [ 46.2147889, 60.748575 ], [ 46.2147917, 60.7485611 ], [ 46.2147778, 60.7485222 ], [ 46.2147778, 60.7484944 ], [ 46.2147861, 60.7484861 ], [ 46.2148139, 60.748475 ], [ 46.2148833, 60.7484611 ], [ 46.2149417, 60.7484389 ], [ 46.2149861, 60.7484 ], [ 46.2149944, 60.7483861 ], [ 46.2149889, 60.74835 ], [ 46.2149944, 60.7482972 ], [ 46.2150167, 60.7482583 ], [ 46.2150889, 60.7482028 ], [ 46.2151833, 60.7481389 ], [ 46.2152083, 60.7480722 ], [ 46.2151917, 60.7480306 ], [ 46.2151722, 60.7480139 ], [ 46.2150389, 60.7479472 ], [ 46.215, 60.7479389 ], [ 46.2149, 60.7479306 ], [ 46.2147833, 60.747925 ], [ 46.2146722, 60.7479417 ], [ 46.2146111, 60.7479667 ], [ 46.2145583, 60.748 ], [ 46.2144889, 60.7480472 ], [ 46.2144306, 60.7480833 ], [ 46.2143722, 60.7481306 ], [ 46.2143444, 60.7481583 ], [ 46.2143111, 60.7481778 ], [ 46.2142056, 60.7482222 ], [ 46.2141083, 60.7482667 ], [ 46.214075, 60.7482722 ], [ 46.2140111, 60.7482722 ], [ 46.2139694, 60.7482722 ], [ 46.213875, 60.7482611 ], [ 46.2137472, 60.7482528 ], [ 46.2136889, 60.7482556 ], [ 46.2136056, 60.7482722 ], [ 46.2135472, 60.7483111 ], [ 46.2135167, 60.7483417 ], [ 46.2134917, 60.7483861 ], [ 46.2134583, 60.748475 ], [ 46.2134722, 60.74855 ], [ 46.2134917, 60.7485833 ], [ 46.2135556, 60.7486417 ], [ 46.2136333, 60.7486806 ], [ 46.2137028, 60.7487056 ], [ 46.2138528, 60.7487444 ], [ 46.214075, 60.7487722 ], [ 46.2142583, 60.7487778 ] ] ], [ [ [ 46.2194, 60.7506139 ], [ 46.2158833, 60.74975 ], [ 46.2154861, 60.750075 ], [ 46.2155639, 60.7502111 ], [ 46.2159778, 60.7504056 ], [ 46.2163556, 60.7505583 ], [ 46.2168694, 60.7506528 ], [ 46.2173639, 60.7506917 ], [ 46.219225, 60.7507694 ], [ 46.2194, 60.7506139 ] ] ] ] } },
{ "type": "Feature", "properties": { "NAME": "Раменский лес", "NAME_EN": null, "NAME_RU": null, "LEISURE": null, "BOUNDARY": "protected_area", "OSM_TYPE": "relation", "OSM_ID": 7923790 }, "geometry": { "type": "MultiPolygon", "coordinates": [ [ [ [ 43.7979222, 60.320575 ], [ 43.7985333, 60.3203861 ], [ 43.7987889, 60.3208417 ], [ 43.798175, 60.321275 ], [ 43.7981194, 60.3226944 ], [ 43.8020722, 60.32425 ], [ 43.8026972, 60.3254222 ], [ 43.8026861, 60.3268778 ], [ 43.8037222, 60.3277917 ], [ 43.8040083, 60.3294778 ], [ 43.8025111, 60.3308 ], [ 43.8002611, 60.3308222 ], [ 43.7990167, 60.3313556 ], [ 43.7991528, 60.3320222 ], [ 43.8000333, 60.3328861 ], [ 43.8009444, 60.3337111 ], [ 43.8015639, 60.3338194 ], [ 43.8016056, 60.3341167 ], [ 43.8011583, 60.3343944 ], [ 43.8016806, 60.3366694 ], [ 43.7921583, 60.3396167 ], [ 43.8111639, 60.3388417 ], [ 43.813, 60.3356639 ], [ 43.8141139, 60.3405528 ], [ 43.8561083, 60.3413444 ], [ 43.8587, 60.3519056 ], [ 43.8591389, 60.3518889 ], [ 43.8598444, 60.34885 ], [ 43.8699861, 60.3449139 ], [ 43.8982444, 60.3514778 ], [ 43.8911028, 60.3417917 ], [ 43.90585, 60.3365056 ], [ 43.8590028, 60.3267194 ], [ 43.7982889, 60.3135 ], [ 43.795325, 60.3138444 ], [ 43.7954722, 60.3144139 ], [ 43.7955083, 60.3156806 ], [ 43.7924778, 60.3173194 ], [ 43.7926333, 60.3181167 ], [ 43.7947, 60.3199667 ], [ 43.7968806, 60.3201472 ], [ 43.7979222, 60.320575 ] ] ], [ [ [ 43.858325, 60.323425 ], [ 43.8767056, 60.3273306 ], [ 43.8815694, 60.322875 ], [ 43.8789722, 60.3155028 ], [ 43.858325, 60.323425 ] ] ] ] } },
{ "type": "Feature", "properties": { "NAME": "Исакова гора", "NAME_EN": null, "NAME_RU": null, "LEISURE": "nature_reserve", "BOUNDARY": "protected_area", "OSM_TYPE": "relation", "OSM_ID": 7923791 }, "geometry": { "type": "MultiPolygon", "coordinates": [ [ [ [ 44.5936278, 59.8371222 ], [ 44.5932194, 59.8371444 ], [ 44.5896083, 59.8377806 ], [ 44.5894556, 59.8377917 ], [ 44.5893417, 59.8377889 ], [ 44.5885556, 59.8376444 ], [ 44.5884444, 59.8376389 ], [ 44.5883083, 59.8376472 ], [ 44.588125, 59.8377167 ], [ 44.5874417, 59.838225 ], [ 44.5873722, 59.8382444 ], [ 44.5872472, 59.8382694 ], [ 44.5871528, 59.8382722 ], [ 44.5869528, 59.8382611 ], [ 44.5854583, 59.8381111 ], [ 44.5852528, 59.8381194 ], [ 44.5850417, 59.8381667 ], [ 44.58435, 59.838325 ], [ 44.5842111, 59.8383306 ], [ 44.5840889, 59.838325 ], [ 44.5839556, 59.8382972 ], [ 44.5827583, 59.8378778 ], [ 44.5826528, 59.8378639 ], [ 44.5824833, 59.8378528 ], [ 44.5820972, 59.8378694 ], [ 44.5800806, 59.8381639 ], [ 44.5797694, 59.8381889 ], [ 44.57925, 59.8382056 ], [ 44.5782194, 59.8382972 ], [ 44.5774528, 59.8384389 ], [ 44.5771222, 59.8384528 ], [ 44.5757167, 59.8382944 ], [ 44.5747778, 59.8382639 ], [ 44.5745028, 59.8382972 ], [ 44.5743528, 59.8383639 ], [ 44.5741778, 59.8384806 ], [ 44.5741028, 59.8386056 ], [ 44.5741083, 59.8387167 ], [ 44.5742111, 59.8388889 ], [ 44.5750833, 59.8397528 ], [ 44.5751417, 59.8400111 ], [ 44.5750833, 59.8408944 ], [ 44.5751056, 59.8410417 ], [ 44.5757667, 59.8418778 ], [ 44.5764528, 59.8423972 ], [ 44.5772889, 59.8434722 ], [ 44.5777528, 59.8438083 ], [ 44.5779194, 59.8439944 ], [ 44.5780861, 59.8443306 ], [ 44.5794389, 59.845425 ], [ 44.5802278, 59.8459972 ], [ 44.5807194, 59.8462333 ], [ 44.5812833, 59.8465111 ], [ 44.5815917, 59.8467167 ], [ 44.5821806, 59.8473083 ], [ 44.5825889, 59.8476444 ], [ 44.58275, 59.8477639 ], [ 44.582825, 59.8478028 ], [ 44.5829361, 59.8478333 ], [ 44.5831472, 59.8478444 ], [ 44.5833861, 59.8477806 ], [ 44.58345, 59.8477389 ], [ 44.5835639, 59.8475778 ], [ 44.5837944, 59.8468028 ], [ 44.5839472, 59.8466361 ], [ 44.5841556, 59.8466 ], [ 44.5844333, 59.8466083 ], [ 44.5846194, 59.8466694 ], [ 44.5847722, 59.8467611 ], [ 44.5848694, 59.8468417 ], [ 44.5849167, 59.8469111 ], [ 44.58505, 59.8472611 ], [ 44.5851722, 59.8474028 ], [ 44.5853778, 59.8474694 ], [ 44.5856639, 59.8474861 ], [ 44.5861222, 59.8474639 ], [ 44.5868806, 59.8473139 ], [ 44.5883306, 59.8468472 ], [ 44.5890111, 59.8465806 ], [ 44.5894722, 59.8463306 ], [ 44.5904194, 59.8456444 ], [ 44.5910167, 59.8451278 ], [ 44.5916306, 59.8446972 ], [ 44.5923056, 59.8442944 ], [ 44.5925611, 59.8440667 ], [ 44.5934639, 59.8430306 ], [ 44.5936417, 59.8427972 ], [ 44.5939028, 59.8425667 ], [ 44.59475, 59.8420611 ], [ 44.5951611, 59.8417083 ], [ 44.5953917, 59.8411417 ], [ 44.5953944, 59.8410667 ], [ 44.5953056, 59.8409444 ], [ 44.5953167, 59.8408111 ], [ 44.5954528, 59.8406417 ], [ 44.595725, 59.8404139 ], [ 44.5957917, 59.8403111 ], [ 44.5958139, 59.8402333 ], [ 44.5957833, 59.8400556 ], [ 44.5958083, 59.8393944 ], [ 44.5959, 59.839125 ], [ 44.5960083, 59.8389528 ], [ 44.5961389, 59.8388139 ], [ 44.5962361, 59.8387583 ], [ 44.5968111, 59.8386889 ], [ 44.5968806, 59.8386722 ], [ 44.5969528, 59.8386333 ], [ 44.5981139, 59.8374139 ], [ 44.5981333, 59.8373472 ], [ 44.5981222, 59.8373167 ], [ 44.5980389, 59.8372639 ], [ 44.5979417, 59.8372528 ], [ 44.5978056, 59.837275 ], [ 44.5966806, 59.8377861 ], [ 44.5961, 59.8382333 ], [ 44.5956694, 59.8384528 ], [ 44.5953944, 59.8385139 ], [ 44.5950694, 59.8385333 ], [ 44.5947361, 59.8385139 ], [ 44.5946083, 59.8384694 ], [ 44.5944694, 59.8383306 ], [ 44.5944139, 59.8381833 ], [ 44.594375, 59.8374444 ], [ 44.5942944, 59.837325 ], [ 44.5941444, 59.8372222 ], [ 44.5939111, 59.8371389 ], [ 44.5936278, 59.8371222 ] ] ], [ [ [ 44.6031083, 59.83325 ], [ 44.602925, 59.8332639 ], [ 44.6027694, 59.8332972 ], [ 44.6026944, 59.8333722 ], [ 44.6026861, 59.8336278 ], [ 44.6024833, 59.8342944 ], [ 44.6023056, 59.8345861 ], [ 44.6021111, 59.8347083 ], [ 44.6019667, 59.8347583 ], [ 44.6016917, 59.8347861 ], [ 44.6012278, 59.8347944 ], [ 44.5994722, 59.8348472 ], [ 44.5993028, 59.8348667 ], [ 44.5991944, 59.834925 ], [ 44.5992083, 59.835 ], [ 44.5993361, 59.8350667 ], [ 44.6018333, 59.8357639 ], [ 44.6027472, 59.8359222 ], [ 44.6033528, 59.8360583 ], [ 44.6036417, 59.8361667 ], [ 44.6038861, 59.8362694 ], [ 44.6041222, 59.8364444 ], [ 44.6043611, 59.8366417 ], [ 44.6044361, 59.8367694 ], [ 44.6044917, 59.8369722 ], [ 44.6015167, 59.837025 ], [ 44.6007861, 59.8370611 ], [ 44.5995639, 59.8372389 ], [ 44.5992167, 59.8373028 ], [ 44.5988194, 59.83745 ], [ 44.5984611, 59.8376278 ], [ 44.5981444, 59.8379306 ], [ 44.5976639, 59.8385556 ], [ 44.5960722, 59.8410389 ], [ 44.595625, 59.8417889 ], [ 44.595425, 59.842075 ], [ 44.5952361, 59.84225 ], [ 44.5948417, 59.8425278 ], [ 44.5944278, 59.8428833 ], [ 44.5943528, 59.8430361 ], [ 44.5943667, 59.843125 ], [ 44.5944194, 59.8431861 ], [ 44.5945306, 59.8432306 ], [ 44.5946472, 59.8432444 ], [ 44.5948611, 59.8432361 ], [ 44.5952917, 59.8431333 ], [ 44.5961083, 59.8429972 ], [ 44.5971306, 59.8427028 ], [ 44.5980333, 59.8424806 ], [ 44.5984806, 59.8424278 ], [ 44.5987528, 59.842425 ], [ 44.5989417, 59.8424861 ], [ 44.5989667, 59.8425389 ], [ 44.5989389, 59.8425944 ], [ 44.5987861, 59.8426889 ], [ 44.5986, 59.8427333 ], [ 44.5982472, 59.8427917 ], [ 44.5969278, 59.8430444 ], [ 44.5951417, 59.8434889 ], [ 44.5948389, 59.8436056 ], [ 44.5934528, 59.8442472 ], [ 44.59285, 59.8445583 ], [ 44.592825, 59.8446 ], [ 44.592825, 59.8446278 ], [ 44.5928722, 59.8446583 ], [ 44.592925, 59.8446694 ], [ 44.5930806, 59.8446722 ], [ 44.5934056, 59.8446639 ], [ 44.5936472, 59.8446972 ], [ 44.5942389, 59.8448667 ], [ 44.5944667, 59.8449806 ], [ 44.5944861, 59.8450528 ], [ 44.5944556, 59.845125 ], [ 44.5942889, 59.8452361 ], [ 44.5939306, 59.8454083 ], [ 44.5938389, 59.8455056 ], [ 44.5938, 59.8455889 ], [ 44.5938972, 59.8458083 ], [ 44.5939833, 59.84585 ], [ 44.5941833, 59.845875 ], [ 44.5943611, 59.8458528 ], [ 44.5949139, 59.8457556 ], [ 44.5952861, 59.84565 ], [ 44.59545, 59.8456528 ], [ 44.5959611, 59.8457139 ], [ 44.5962278, 59.8457361 ], [ 44.5964806, 59.845725 ], [ 44.5967639, 59.8456694 ], [ 44.5969472, 59.8455833 ], [ 44.5972417, 59.8452333 ], [ 44.5973139, 59.84515 ], [ 44.5974333, 59.8450806 ], [ 44.5985361, 59.8445639 ], [ 44.5989056, 59.8443083 ], [ 44.5999917, 59.8433167 ], [ 44.6001639, 59.8432028 ], [ 44.6003139, 59.8431778 ], [ 44.6005167, 59.8432194 ], [ 44.6005667, 59.8432861 ], [ 44.6005472, 59.8433583 ], [ 44.6004611, 59.843475 ], [ 44.599575, 59.8442417 ], [ 44.5986083, 59.8448667 ], [ 44.5974222, 59.8455972 ], [ 44.6025278, 59.8453417 ], [ 44.6257083, 59.8441222 ], [ 44.6328639, 59.8418056 ], [ 44.6330389, 59.8417556 ], [ 44.6332194, 59.8417361 ], [ 44.6334389, 59.8417444 ], [ 44.6369056, 59.8422306 ], [ 44.6372028, 59.84225 ], [ 44.6373833, 59.8422333 ], [ 44.6374833, 59.8421917 ], [ 44.6375556, 59.8420944 ], [ 44.6375444, 59.8420444 ], [ 44.6374972, 59.8419611 ], [ 44.6372444, 59.8416667 ], [ 44.6370167, 59.8412861 ], [ 44.6369833, 59.8411611 ], [ 44.6368694, 59.8407972 ], [ 44.6367917, 59.8407139 ], [ 44.6366972, 59.8406611 ], [ 44.6365222, 59.8405972 ], [ 44.6341361, 59.8401194 ], [ 44.6338472, 59.8400306 ], [ 44.6337611, 59.8399861 ], [ 44.6336556, 59.8398611 ], [ 44.6336528, 59.8397472 ], [ 44.6337, 59.8395861 ], [ 44.6337944, 59.8395139 ], [ 44.6339472, 59.8394583 ], [ 44.6361694, 59.8388389 ], [ 44.6363194, 59.8387083 ], [ 44.6363694, 59.8385472 ], [ 44.6362667, 59.8384056 ], [ 44.6359222, 59.8382778 ], [ 44.6348444, 59.838175 ], [ 44.6345583, 59.8382 ], [ 44.6342611, 59.8382944 ], [ 44.6322389, 59.8388722 ], [ 44.6304722, 59.8392417 ], [ 44.62935, 59.8393889 ], [ 44.6264944, 59.8393861 ], [ 44.6249389, 59.8393306 ], [ 44.6221861, 59.8390972 ], [ 44.6204389, 59.8390556 ], [ 44.6186583, 59.8389639 ], [ 44.6179889, 59.8387694 ], [ 44.6170833, 59.8385306 ], [ 44.6162111, 59.8383556 ], [ 44.614725, 59.8381417 ], [ 44.6082917, 59.8373389 ], [ 44.6081944, 59.8373139 ], [ 44.608125, 59.837275 ], [ 44.6080889, 59.8372306 ], [ 44.60805, 59.8371 ], [ 44.6080722, 59.8369139 ], [ 44.6080417, 59.8365389 ], [ 44.607875, 59.8361222 ], [ 44.6071139, 59.8349556 ], [ 44.6067833, 59.8345306 ], [ 44.6065417, 59.8343833 ], [ 44.6059556, 59.8341028 ], [ 44.6045778, 59.8336278 ], [ 44.6035333, 59.8333417 ], [ 44.6032722, 59.8332694 ], [ 44.6031083, 59.83325 ] ] ] ] } },
{ "type": "Feature", "properties": { "NAME": "Природный парк «Вепсский лес»", "NAME_EN": null, "NAME_RU": null, "LEISURE": "nature_reserve", "BOUNDARY": "protected_area", "OSM_TYPE": "relation", "OSM_ID": 9452143 }, "geometry": { "type": "MultiPolygon", "coordinates": [ [ [ [ 35.175518, 60.128019 ], [ 35.155502, 60.151927 ], [ 35.181838, 60.201357 ], [ 35.174712, 60.211912 ], [ 35.185005, 60.245507 ], [ 35.162628, 60.256032 ], [ 35.177336, 60.261979 ], [ 35.184840151104225, 60.265618231174599 ], [ 35.1846779, 60.2607712 ], [ 35.1782191, 60.2551612 ], [ 35.1762879, 60.2536495 ], [ 35.1820815, 60.2515414 ], [ 35.1889909, 60.2511581 ], [ 35.1944411, 60.2481341 ], [ 35.1915443, 60.2450566 ], [ 35.186137, 60.2470054 ], [ 35.1861799, 60.2468563 ], [ 35.185622, 60.2470906 ], [ 35.1885617, 60.225243 ], [ 35.1816953, 60.2193499 ], [ 35.1897634, 60.212539 ], [ 35.190965, 60.2027198 ], [ 35.1778543, 60.1850358 ], [ 35.1752794, 60.1761795 ], [ 35.1685203, 60.1701281 ], [ 35.1649797, 60.1652286 ], [ 35.1629413, 60.161428 ], [ 35.1620615, 60.1602535 ], [ 35.1610959, 60.1562068 ], [ 35.1732409, 60.1371087 ], [ 35.1763738, 60.1327385 ], [ 35.1768244, 60.1326637 ], [ 35.178026, 60.1302059 ], [ 35.1912654, 60.1272135 ], [ 35.2035606, 60.1165242 ], [ 35.203869338189712, 60.115692060127323 ], [ 35.175518, 60.128019 ] ] ], [ [ [ 35.213954, 60.074013 ], [ 35.213770690324061, 60.077170796892524 ], [ 35.2153838, 60.0703495 ], [ 35.2151263, 60.0693538 ], [ 35.2119935, 60.0682189 ], [ 35.195237896543404, 60.066110329677372 ], [ 35.213954, 60.074013 ] ] ] ] } },
{ "type": "Feature", "properties": { "NAME": "Старый парк в с. Борисово-Судское", "NAME_EN": null, "NAME_RU": null, "LEISURE": "nature_reserve", "BOUNDARY": "protected_area", "OSM_TYPE": "relation", "OSM_ID": 10349874 }, "geometry": { "type": "MultiPolygon", "coordinates": [ [ [ [ 35.999826, 59.9127527 ], [ 35.9998208, 59.91455 ], [ 36.0023099, 59.9145715 ], [ 36.0023099, 59.9152223 ], [ 36.0033875, 59.916035 ], [ 36.003281, 59.9163996 ], [ 36.0059439, 59.9162911 ], [ 36.0059741, 59.915925 ], [ 36.0058368, 59.9153255 ], [ 36.0055095, 59.9143618 ], [ 36.0051356, 59.9134839 ], [ 36.0045926, 59.9130123 ], [ 36.0042646, 59.9129329 ], [ 36.0039321, 59.9122444 ], [ 36.0039514, 59.911963 ], [ 36.0037368, 59.9116671 ], [ 36.0038066, 59.911417 ], [ 36.0034193, 59.9098097 ], [ 36.0023055, 59.9095405 ], [ 36.0016417, 59.9095803 ], [ 36.0016423, 59.9095959 ], [ 36.0009152, 59.9102149 ], [ 36.0000836, 59.9115723 ], [ 35.999826, 59.9127527 ] ] ], [ [ [ 35.9882925, 59.9114899 ], [ 35.9884446, 59.912934 ], [ 35.991413, 59.9122244 ], [ 35.9958843, 59.9124265 ], [ 35.9964251, 59.9119334 ], [ 35.9981739, 59.9119549 ], [ 35.9995295, 59.9116622 ], [ 36.0010413, 59.9094368 ], [ 35.9995693, 59.9095936 ], [ 35.9972011, 59.9104432 ], [ 35.9963339, 59.9099298 ], [ 35.9953297, 59.9094593 ], [ 35.9918849, 59.9093809 ], [ 35.9908645, 59.9102656 ], [ 35.989069, 59.9106505 ], [ 35.9890221, 59.9112909 ], [ 35.9882925, 59.9114899 ] ] ] ] } },
{ "type": "Feature", "properties": { "NAME": "Смородинка", "NAME_EN": null, "NAME_RU": null, "LEISURE": "nature_reserve", "BOUNDARY": "protected_area", "OSM_TYPE": "relation", "OSM_ID": 10349875 }, "geometry": { "type": "MultiPolygon", "coordinates": [ [ [ [ 35.6620594, 59.490044 ], [ 35.6626119, 59.4907926 ], [ 35.6632379, 59.49068 ], [ 35.6630008, 59.4902768 ], [ 35.6621343, 59.4891968 ], [ 35.6602346, 59.487497 ], [ 35.6591147, 59.4861604 ], [ 35.6598867, 59.4859221 ], [ 35.6630845, 59.4894457 ], [ 35.6641031, 59.4907181 ], [ 35.6653749, 59.4906306 ], [ 35.6656209, 59.4902472 ], [ 35.6649348, 59.4889959 ], [ 35.6651947, 59.4888196 ], [ 35.6656389, 59.488967 ], [ 35.6659866, 59.4894258 ], [ 35.6670789, 59.4896119 ], [ 35.6681594, 59.4896633 ], [ 35.6683299, 59.4898216 ], [ 35.6738678, 59.4881786 ], [ 35.674665, 59.4873159 ], [ 35.6739911, 59.4867502 ], [ 35.6731393, 59.4857682 ], [ 35.6733539, 59.4854236 ], [ 35.6736405, 59.4848418 ], [ 35.6746326, 59.4845063 ], [ 35.6755455, 59.4844864 ], [ 35.6767605, 59.4852078 ], [ 35.6771161, 59.4852393 ], [ 35.6779719, 59.4848984 ], [ 35.6787081, 59.4842246 ], [ 35.6772552, 59.4826813 ], [ 35.6754787, 59.4806658 ], [ 35.6750205, 59.4806196 ], [ 35.6688161, 59.480488 ], [ 35.6659895, 59.4805776 ], [ 35.6631756, 59.4815735 ], [ 35.6610158, 59.4823052 ], [ 35.6595069, 59.4845935 ], [ 35.6597151, 59.4856932 ], [ 35.659113, 59.4857369 ], [ 35.6577579, 59.485836 ], [ 35.6586806, 59.4868847 ], [ 35.6592292, 59.4874032 ], [ 35.6599899, 59.4880647 ], [ 35.6604581, 59.4884994 ], [ 35.6613371, 59.489234 ], [ 35.661864, 59.4897278 ], [ 35.6620594, 59.490044 ] ] ], [ [ [ 35.6388837, 59.4967949 ], [ 35.6410654, 59.4978277 ], [ 35.6413781, 59.4976318 ], [ 35.6417681, 59.4974917 ], [ 35.6421933, 59.4974283 ], [ 35.6425492, 59.4974061 ], [ 35.642626, 59.4974012 ], [ 35.6429961, 59.4957094 ], [ 35.6446923, 59.4943579 ], [ 35.6488532, 59.4950315 ], [ 35.6495547, 59.4951482 ], [ 35.6501838, 59.4948195 ], [ 35.6499701, 59.4945955 ], [ 35.6500756, 59.4943482 ], [ 35.6501758, 59.494132 ], [ 35.6500166, 59.4937301 ], [ 35.6501267, 59.4936076 ], [ 35.6504379, 59.4936022 ], [ 35.650609, 59.4937245 ], [ 35.6511229, 59.4943288 ], [ 35.6515626, 59.494099 ], [ 35.6517789, 59.494041 ], [ 35.6522964, 59.4939229 ], [ 35.6512378, 59.4926848 ], [ 35.6507641, 59.4921007 ], [ 35.6501849, 59.4915891 ], [ 35.6494421, 59.4908786 ], [ 35.6507188, 59.4908028 ], [ 35.6531904, 59.4911544 ], [ 35.6511274, 59.4892671 ], [ 35.6510203, 59.4892331 ], [ 35.6509247, 59.4891424 ], [ 35.6509185, 59.4890761 ], [ 35.6482584, 59.4866421 ], [ 35.6481944, 59.4864434 ], [ 35.6470862, 59.4862671 ], [ 35.6461524, 59.4860108 ], [ 35.6446288, 59.4862053 ], [ 35.6426926, 59.4865782 ], [ 35.641223, 59.4874733 ], [ 35.6420339, 59.4874791 ], [ 35.642921, 59.4879288 ], [ 35.6424906, 59.4881681 ], [ 35.6421133, 59.48856 ], [ 35.6433365, 59.4887892 ], [ 35.6432351, 59.4895432 ], [ 35.6435131, 59.4896593 ], [ 35.644106, 59.4896767 ], [ 35.6452695, 59.4898183 ], [ 35.6462369, 59.4899742 ], [ 35.6463503, 59.4901321 ], [ 35.6460727, 59.4902332 ], [ 35.6449806, 59.4900726 ], [ 35.6442662, 59.4900831 ], [ 35.6439885, 59.4901237 ], [ 35.6434364, 59.4900825 ], [ 35.6425826, 59.4907582 ], [ 35.6419318, 59.4907632 ], [ 35.6418343, 59.4910021 ], [ 35.6416833, 59.4910771 ], [ 35.6415118, 59.491098 ], [ 35.6413318, 59.4910607 ], [ 35.6403214, 59.4910217 ], [ 35.6403732, 59.4924479 ], [ 35.6400872, 59.4933048 ], [ 35.639601, 59.4940267 ], [ 35.6380902, 59.4953157 ], [ 35.6369904, 59.4958562 ], [ 35.6388837, 59.4967949 ] ] ], [ [ [ 35.6379826, 59.4923757 ], [ 35.6389139, 59.4928362 ], [ 35.6394178, 59.4924253 ], [ 35.6394449, 59.4919243 ], [ 35.639142, 59.4919035 ], [ 35.6399382, 59.4890309 ], [ 35.6405064, 59.4890525 ], [ 35.6405507, 59.4888091 ], [ 35.6405869, 59.4887421 ], [ 35.6407408, 59.4886845 ], [ 35.6408921, 59.4885453 ], [ 35.6411115, 59.4882852 ], [ 35.6411737, 59.4879289 ], [ 35.641046, 59.4874347 ], [ 35.6392927, 59.4883603 ], [ 35.6393104, 59.4885633 ], [ 35.6395674, 59.4888381 ], [ 35.6394682, 59.4890371 ], [ 35.6390771, 59.4891929 ], [ 35.6386132, 59.4892852 ], [ 35.6380868, 59.4894829 ], [ 35.6372141, 59.4907159 ], [ 35.6376562, 59.4911284 ], [ 35.6378175, 59.4915399 ], [ 35.6373624, 59.4919228 ], [ 35.6379826, 59.4923757 ] ] ], [ [ [ 35.6629354, 59.4939766 ], [ 35.6614454, 59.4939861 ], [ 35.6603008, 59.4938499 ], [ 35.6572858, 59.493239 ], [ 35.6572972, 59.4944385 ], [ 35.6573027, 59.4950245 ], [ 35.6584104, 59.4954621 ], [ 35.6587815, 59.4956955 ], [ 35.6592045, 59.4960658 ], [ 35.6583624, 59.4967199 ], [ 35.6589095, 59.4966611 ], [ 35.660239, 59.4963013 ], [ 35.6610853, 59.4959584 ], [ 35.6616055, 59.4954704 ], [ 35.6617292, 59.4950729 ], [ 35.6616085, 59.4947363 ], [ 35.6626422, 59.4942788 ], [ 35.6629354, 59.4939766 ] ] ] ] } },
{ "type": "Feature", "properties": { "NAME": "Отненский", "NAME_EN": null, "NAME_RU": null, "LEISURE": "nature_reserve", "BOUNDARY": "protected_area", "OSM_TYPE": "relation", "OSM_ID": 10349876 }, "geometry": { "type": "MultiPolygon", "coordinates": [ [ [ [ 36.3701955, 59.181364 ], [ 36.3748879, 59.1859135 ], [ 36.4046166, 59.2152584 ], [ 36.4161439, 59.2138416 ], [ 36.4245034, 59.2128521 ], [ 36.4322396, 59.2119819 ], [ 36.4471582, 59.2103113 ], [ 36.4808744, 59.2061417 ], [ 36.4872124, 59.205264 ], [ 36.5348488, 59.1983199 ], [ 36.5319609, 59.1667969 ], [ 36.5302325, 59.1413114 ], [ 36.5281717, 59.1236756 ], [ 36.4621884, 59.123067 ], [ 36.4294098, 59.1230345 ], [ 36.4325412, 59.1453438 ], [ 36.4256538, 59.1452452 ], [ 36.4226637, 59.1452125 ], [ 36.4158531, 59.1453438 ], [ 36.4074883, 59.145116 ], [ 36.4067258, 59.145642 ], [ 36.4052187, 59.1462748 ], [ 36.3978279, 59.1486756 ], [ 36.4005135, 59.1623556 ], [ 36.4015884, 59.1712239 ], [ 36.4024983, 59.1758804 ], [ 36.4027837, 59.177158 ], [ 36.4028216, 59.1779081 ], [ 36.4031023, 59.1787379 ], [ 36.4033487, 59.1799917 ], [ 36.3701955, 59.181364 ] ] ] ] } },
{ "type": "Feature", "properties": { "NAME": "Сосновая аллея", "NAME_EN": null, "NAME_RU": null, "LEISURE": "nature_reserve", "BOUNDARY": "protected_area", "OSM_TYPE": "relation", "OSM_ID": 10349877 }, "geometry": { "type": "MultiPolygon", "coordinates": [ [ [ [ 39.9933612, 60.4504598 ], [ 39.9953087, 60.4494826 ], [ 40.0029625, 60.4479014 ], [ 40.0082516, 60.4468258 ], [ 40.0095327, 60.4467228 ], [ 40.0099017, 60.4465557 ], [ 40.0101548, 60.4463247 ], [ 40.0102403, 60.446142 ], [ 40.0101577, 60.4458495 ], [ 40.0100405, 60.4457186 ], [ 40.0099257, 60.4453255 ], [ 40.0101379, 60.4450667 ], [ 40.0107996, 60.4445909 ], [ 40.0112161, 60.4442005 ], [ 40.011593, 60.4437993 ], [ 40.0116782, 60.4434619 ], [ 40.0114558, 60.4429432 ], [ 40.0116489, 60.4426286 ], [ 40.0121392, 60.4422908 ], [ 40.0123221, 60.4421186 ], [ 40.0123907, 60.4417437 ], [ 40.0126012, 60.4413654 ], [ 40.0129438, 60.4410612 ], [ 40.0128398, 60.4408523 ], [ 40.0129226, 60.4406021 ], [ 40.0116942, 60.4402137 ], [ 40.011132, 60.4401128 ], [ 40.0108151, 60.4401037 ], [ 40.0105773, 60.4401965 ], [ 40.0103545, 60.4403831 ], [ 40.0094286, 60.4402197 ], [ 40.008725, 60.440185 ], [ 40.0086631, 60.4403622 ], [ 40.0084633, 60.4408595 ], [ 40.0079543, 60.44141 ], [ 40.0076559, 60.4418834 ], [ 40.0072215, 60.4423328 ], [ 40.0067224, 60.4425208 ], [ 40.0062078, 60.4425148 ], [ 40.0055062, 60.4427242 ], [ 40.0053032, 60.4427871 ], [ 40.0049982, 60.4427907 ], [ 40.0048399, 60.4427602 ], [ 40.0048065, 60.4426452 ], [ 40.0045965, 60.4425877 ], [ 40.0039876, 60.4425711 ], [ 40.0038173, 60.4425539 ], [ 40.0034917, 60.4424395 ], [ 40.0030912, 60.4424637 ], [ 40.0025652, 60.4425682 ], [ 40.001608, 60.4426211 ], [ 40.0005734, 60.4427601 ], [ 40.0000991, 60.4428513 ], [ 39.9993782, 60.4431833 ], [ 39.9988069, 60.4434583 ], [ 39.9983296, 60.4437496 ], [ 39.99802, 60.4441975 ], [ 39.9973088, 60.444237 ], [ 39.9969825, 60.4441399 ], [ 39.9963784, 60.4440783 ], [ 39.9955901, 60.4440768 ], [ 39.9947489, 60.4439893 ], [ 39.994449, 60.443848 ], [ 39.9942766, 60.4431027 ], [ 39.9978298, 60.442008 ], [ 39.9982562, 60.4418864 ], [ 39.9985432, 60.4419097 ], [ 39.9988706, 60.4420384 ], [ 39.999168, 60.4419896 ], [ 39.9997779, 60.4418515 ], [ 40.0003709, 60.4417794 ], [ 40.0005175, 60.4417554 ], [ 40.0004699, 60.4416651 ], [ 40.0003907, 60.4414691 ], [ 40.0000489, 60.441116 ], [ 39.9999106, 60.4407473 ], [ 39.9999319, 60.4405191 ], [ 40.0006608, 60.4402577 ], [ 40.001322, 60.4401628 ], [ 40.0018446, 60.4400088 ], [ 40.0020404, 60.4399084 ], [ 40.0021314, 60.4397453 ], [ 40.0021002, 60.4396871 ], [ 40.0018776, 60.4397162 ], [ 40.0008895, 60.4398043 ], [ 40.0004398, 60.4399539 ], [ 39.9993719, 60.4400395 ], [ 39.9983492, 60.4403286 ], [ 39.9980584, 60.4405259 ], [ 39.9982853, 60.4409565 ], [ 39.9983892, 60.4410327 ], [ 39.9984667, 60.4411262 ], [ 39.9984667, 60.4412669 ], [ 39.9982408, 60.4414735 ], [ 39.9975838, 60.4416925 ], [ 39.9962754, 60.4418174 ], [ 39.9954155, 60.4417963 ], [ 39.9933738, 60.4420177 ], [ 39.9931045, 60.4421981 ], [ 39.9925823, 60.4423383 ], [ 39.9918738, 60.4424635 ], [ 39.9918831, 60.4425268 ], [ 39.9920146, 60.442657 ], [ 39.9919859, 60.4428075 ], [ 39.9919632, 60.4429184 ], [ 39.9923812, 60.4430472 ], [ 39.9930977, 60.4434487 ], [ 39.9934916, 60.443728 ], [ 39.9936429, 60.4438782 ], [ 39.9936347, 60.444048 ], [ 39.9931444, 60.4446243 ], [ 39.9925855, 60.4449431 ], [ 39.9924186, 60.4450986 ], [ 39.992339, 60.4452687 ], [ 39.9924749, 60.4454142 ], [ 39.9926807, 60.445479 ], [ 39.9929919, 60.4454121 ], [ 39.993316, 60.4453018 ], [ 39.9935633, 60.4453047 ], [ 39.9938063, 60.4453999 ], [ 39.9939748, 60.4455771 ], [ 39.9939187, 60.4457996 ], [ 39.9934812, 60.4460455 ], [ 39.9931053, 60.4462269 ], [ 39.9930825, 60.4463283 ], [ 39.9933123, 60.4465787 ], [ 39.993343, 60.4468753 ], [ 39.9932469, 60.447197 ], [ 39.9927731, 60.4471877 ], [ 39.9921956, 60.4472387 ], [ 39.9915457, 60.4473785 ], [ 39.9919512, 60.4474558 ], [ 39.9924631, 60.4477967 ], [ 39.9933964, 60.4480142 ], [ 39.9939056, 60.4482574 ], [ 39.9941141, 60.4487682 ], [ 39.9931142, 60.4493859 ], [ 39.9929106, 60.4497476 ], [ 39.9929385, 60.4500426 ], [ 39.9933612, 60.4504598 ] ] ], [ [ [ 39.9984031, 60.4491061 ], [ 39.9988103, 60.4494033 ], [ 39.9999033, 60.4495974 ], [ 40.0011258, 60.4497718 ], [ 40.0019273, 60.4498579 ], [ 40.0026713, 60.4498781 ], [ 40.0031763, 60.4498143 ], [ 40.0038721, 60.449532 ], [ 40.0041869, 60.449354 ], [ 40.0047828, 60.4490657 ], [ 40.0052007, 60.4490473 ], [ 40.0058443, 60.449078 ], [ 40.0061446, 60.4492136 ], [ 40.0061074, 60.4495045 ], [ 40.005971, 60.4497242 ], [ 40.0061405, 60.4499212 ], [ 40.0067283, 60.4502133 ], [ 40.0072248, 60.4504262 ], [ 40.0074853, 60.450777 ], [ 40.007654, 60.4508444 ], [ 40.0079123, 60.4508324 ], [ 40.0081313, 60.4505281 ], [ 40.0082966, 60.4502381 ], [ 40.0078233, 60.4496346 ], [ 40.0075481, 60.4490313 ], [ 40.0075971, 60.4485492 ], [ 40.0077281, 60.4480484 ], [ 40.0081831, 60.4475695 ], [ 40.0086566, 60.4471317 ], [ 40.0087448, 60.4470316 ], [ 40.008386, 60.4470604 ], [ 40.0031505, 60.4481252 ], [ 39.9984031, 60.4491061 ] ] ], [ [ [ 36.437488, 58.7289827 ], [ 36.437838, 58.729032 ], [ 36.4380003, 58.7287204 ], [ 36.4382723, 58.7282171 ], [ 36.4384986, 58.7277672 ], [ 36.4387317, 58.7273282 ], [ 36.4388982, 58.7270079 ], [ 36.4391298, 58.7265701 ], [ 36.4393673, 58.7261147 ], [ 36.4396171, 58.7256579 ], [ 36.4398761, 58.7251983 ], [ 36.4401272, 58.7247417 ], [ 36.4403836, 58.7242851 ], [ 36.4406139, 58.7238878 ], [ 36.4408596, 58.7234376 ], [ 36.4413616, 58.7225136 ], [ 36.4416504, 58.7220074 ], [ 36.4421306, 58.7211397 ], [ 36.4425455, 58.7203602 ], [ 36.442349, 58.7203282 ], [ 36.4421707, 58.7205824 ], [ 36.4417819, 58.7210886 ], [ 36.4416029, 58.7214202 ], [ 36.4413028, 58.7219542 ], [ 36.4410133, 58.7224612 ], [ 36.4405108, 58.7233863 ], [ 36.4402659, 58.7238348 ], [ 36.4400359, 58.7242314 ], [ 36.4397789, 58.7246893 ], [ 36.4395279, 58.7251458 ], [ 36.4392688, 58.7256056 ], [ 36.4390179, 58.7260643 ], [ 36.43878, 58.7265204 ], [ 36.4385484, 58.7269584 ], [ 36.438382, 58.7272785 ], [ 36.4381486, 58.7277182 ], [ 36.4379225, 58.7281677 ], [ 36.437651, 58.7286703 ], [ 36.4375853, 58.7287963 ], [ 36.437488, 58.7289827 ] ] ], [ [ [ 36.4380622, 58.7290525 ], [ 36.4383233, 58.7291005 ], [ 36.4384849, 58.7287907 ], [ 36.4387575, 58.7282862 ], [ 36.4389842, 58.7278357 ], [ 36.4390808, 58.7276537 ], [ 36.4392166, 58.7273977 ], [ 36.4393832, 58.7270774 ], [ 36.439399, 58.7270475 ], [ 36.4396147, 58.7266397 ], [ 36.4398517, 58.7261855 ], [ 36.4401001, 58.7257311 ], [ 36.4403591, 58.7252716 ], [ 36.44061, 58.7248149 ], [ 36.4408652, 58.7243602 ], [ 36.4410964, 58.7239619 ], [ 36.4413329, 58.723529 ], [ 36.4413434, 58.7235097 ], [ 36.4415418, 58.7232201 ], [ 36.4419705, 58.7225942 ], [ 36.4421326, 58.722082 ], [ 36.4424346, 58.7215448 ], [ 36.4426146, 58.7212112 ], [ 36.4429185, 58.7206508 ], [ 36.4429149, 58.7205251 ], [ 36.4427334, 58.7204089 ], [ 36.4426242, 58.7206084 ], [ 36.4423221, 58.7211741 ], [ 36.4421398, 58.7214985 ], [ 36.4418654, 58.722033 ], [ 36.4415472, 58.7225444 ], [ 36.4410668, 58.7234597 ], [ 36.4408371, 58.7239214 ], [ 36.4406064, 58.7243149 ], [ 36.4403664, 58.7247668 ], [ 36.4401073, 58.7252373 ], [ 36.4398403, 58.7256927 ], [ 36.4396043, 58.7261322 ], [ 36.4393588, 58.7265942 ], [ 36.4391246, 58.7270348 ], [ 36.4389595, 58.7273608 ], [ 36.4387281, 58.7277882 ], [ 36.4384936, 58.7282479 ], [ 36.4382293, 58.7287447 ], [ 36.4380622, 58.7290525 ] ] ] ] } },
{ "type": "Feature", "properties": { "NAME": "Яшкин бор", "NAME_EN": null, "NAME_RU": null, "LEISURE": "nature_reserve", "BOUNDARY": "protected_area", "OSM_TYPE": "relation", "OSM_ID": 10349879 }, "geometry": { "type": "MultiPolygon", "coordinates": [ [ [ [ 45.4300542, 59.4983843 ], [ 45.4312923, 59.4984704 ], [ 45.4336022, 59.4986206 ], [ 45.434605, 59.4986228 ], [ 45.4342248, 59.4977172 ], [ 45.4368476, 59.4955479 ], [ 45.440873, 59.4919567 ], [ 45.4440542, 59.4908433 ], [ 45.4435915, 59.4880013 ], [ 45.4415382, 59.4882349 ], [ 45.4396054, 59.4882473 ], [ 45.4363104, 59.4881312 ], [ 45.4315897, 59.487609 ], [ 45.4260388, 59.4865514 ], [ 45.4253073, 59.4865496 ], [ 45.4243919, 59.486724 ], [ 45.4233797, 59.4871311 ], [ 45.4227446, 59.4876101 ], [ 45.4226843, 59.4881925 ], [ 45.4227884, 59.4893265 ], [ 45.4222519, 59.4908022 ], [ 45.4222063, 59.4916906 ], [ 45.4219618, 59.4927795 ], [ 45.4217596, 59.4933369 ], [ 45.421726, 59.4939631 ], [ 45.4220214, 59.4944137 ], [ 45.4224859, 59.4946546 ], [ 45.424141, 59.4950657 ], [ 45.4252948, 59.4953094 ], [ 45.4260148, 59.495463 ], [ 45.4271115, 59.4958593 ], [ 45.4278025, 59.4964832 ], [ 45.4282592, 59.4971212 ], [ 45.428672, 59.4976453 ], [ 45.4293754, 59.4982372 ], [ 45.4300542, 59.4983843 ] ] ], [ [ [ 45.4353927, 59.498607 ], [ 45.4389547, 59.4987137 ], [ 45.4407399, 59.4990229 ], [ 45.4453144, 59.4992548 ], [ 45.4441298, 59.4913071 ], [ 45.4414641, 59.4922293 ], [ 45.4395563, 59.493983 ], [ 45.4375134, 59.4957513 ], [ 45.4350493, 59.4977894 ], [ 45.4353927, 59.498607 ] ] ] ] } },
{ "type": "Feature", "properties": { "NAME": "Захаровский бор", "NAME_EN": null, "NAME_RU": null, "LEISURE": "nature_reserve", "BOUNDARY": "protected_area", "OSM_TYPE": "relation", "OSM_ID": 10349880 }, "geometry": { "type": "MultiPolygon", "coordinates": [ [ [ [ 45.6029993, 60.0538215 ], [ 45.6052494, 60.0545015 ], [ 45.6069556, 60.0550097 ], [ 45.6096421, 60.0557686 ], [ 45.6098225, 60.0559235 ], [ 45.6098618, 60.0560008 ], [ 45.6115956, 60.0553124 ], [ 45.6119747, 60.055163 ], [ 45.6153899, 60.0538119 ], [ 45.6122238, 60.0521616 ], [ 45.6090715, 60.0501122 ], [ 45.6076086, 60.0489654 ], [ 45.6071767, 60.0486208 ], [ 45.605057, 60.049497 ], [ 45.6045544, 60.0497993 ], [ 45.6046704, 60.0502812 ], [ 45.6040152, 60.0505269 ], [ 45.6034883, 60.0508005 ], [ 45.6022632, 60.0514397 ], [ 45.6016762, 60.0519166 ], [ 45.6014818, 60.0523295 ], [ 45.6014459, 60.0529964 ], [ 45.6014073, 60.0534133 ], [ 45.6019527, 60.0534992 ], [ 45.6029993, 60.0538215 ] ] ], [ [ [ 45.6005345, 60.0615281 ], [ 45.6047604, 60.0616107 ], [ 45.6058756, 60.0588379 ], [ 45.6096098, 60.0561324 ], [ 45.6095311, 60.0560794 ], [ 45.6094868, 60.0559921 ], [ 45.6093807, 60.055901 ], [ 45.6067753, 60.055165 ], [ 45.6050647, 60.0546554 ], [ 45.6028124, 60.0539747 ], [ 45.6018025, 60.0536637 ], [ 45.6013379, 60.0535905 ], [ 45.600957, 60.0535749 ], [ 45.6006423, 60.0540682 ], [ 45.6009723, 60.054199 ], [ 45.6011243, 60.0543938 ], [ 45.6012562, 60.0545294 ], [ 45.601163, 60.0547488 ], [ 45.6010274, 60.0547863 ], [ 45.6005899, 60.0547898 ], [ 45.600419, 60.054864 ], [ 45.6003599, 60.0550102 ], [ 45.6002374, 60.0551707 ], [ 45.5997593, 60.0553339 ], [ 45.5990666, 60.0554862 ], [ 45.598422, 60.0555848 ], [ 45.5979745, 60.0557789 ], [ 45.5975813, 60.056374 ], [ 45.5973289, 60.0568655 ], [ 45.5972468, 60.0571204 ], [ 45.5971776, 60.0575023 ], [ 45.5967301, 60.0580064 ], [ 45.5988517, 60.0582175 ], [ 45.5990142, 60.0583445 ], [ 45.5992863, 60.0587422 ], [ 45.6005345, 60.0615281 ] ] ] ] } },
{ "type": "Feature", "properties": { "NAME": "Ирма", "NAME_EN": null, "NAME_RU": null, "LEISURE": "nature_reserve", "BOUNDARY": "protected_area", "OSM_TYPE": "relation", "OSM_ID": 10349881 }, "geometry": { "type": "MultiPolygon", "coordinates": [ [ [ [ 38.4438153, 59.384133 ], [ 38.4448103, 59.384338 ], [ 38.44495, 59.3842448 ], [ 38.4451169, 59.3840919 ], [ 38.4457739, 59.3835161 ], [ 38.4461413, 59.3831231 ], [ 38.4463904, 59.3829159 ], [ 38.447272, 59.382325 ], [ 38.4475027, 59.3820907 ], [ 38.4479019, 59.3818747 ], [ 38.4487315, 59.3812726 ], [ 38.4488688, 59.3811916 ], [ 38.4489205, 59.3811712 ], [ 38.4492281, 59.3810497 ], [ 38.4493467, 59.3810445 ], [ 38.4493957, 59.3810183 ], [ 38.4494644, 59.3810397 ], [ 38.4497779, 59.3807593 ], [ 38.4497079, 59.3807412 ], [ 38.4496912, 59.380606 ], [ 38.4499426, 59.3803758 ], [ 38.4500894, 59.3803086 ], [ 38.4502609, 59.3801155 ], [ 38.4512504, 59.3794435 ], [ 38.4516718, 59.3792358 ], [ 38.451776, 59.3791039 ], [ 38.4526003, 59.378538 ], [ 38.4528719, 59.3784185 ], [ 38.4530413, 59.3782887 ], [ 38.4532105, 59.378053 ], [ 38.4533741, 59.3776173 ], [ 38.4537059, 59.3773596 ], [ 38.4537061, 59.3773171 ], [ 38.4536495, 59.3772147 ], [ 38.4530788, 59.376924 ], [ 38.4529762, 59.3767452 ], [ 38.4530595, 59.3766042 ], [ 38.4534968, 59.3764158 ], [ 38.4536452, 59.3761841 ], [ 38.4536955, 59.375846 ], [ 38.4536654, 59.3757077 ], [ 38.4534387, 59.3755793 ], [ 38.4530746, 59.3755084 ], [ 38.4528961, 59.3753123 ], [ 38.4529169, 59.3748509 ], [ 38.4531153, 59.3747265 ], [ 38.4533946, 59.3746366 ], [ 38.4536806, 59.3746271 ], [ 38.4540654, 59.3747207 ], [ 38.4543171, 59.3747403 ], [ 38.454714, 59.3746531 ], [ 38.4550497, 59.374632 ], [ 38.4552516, 59.3746808 ], [ 38.4554233, 59.3746731 ], [ 38.4555492, 59.3746245 ], [ 38.4555991, 59.3745507 ], [ 38.4555345, 59.3744281 ], [ 38.454869, 59.3740084 ], [ 38.4547315, 59.3739865 ], [ 38.4543404, 59.3740127 ], [ 38.4537695, 59.3739453 ], [ 38.4535712, 59.3738439 ], [ 38.4532597, 59.3738219 ], [ 38.4530552, 59.3737505 ], [ 38.4527275, 59.373742 ], [ 38.4524884, 59.373648 ], [ 38.4521594, 59.373613 ], [ 38.4515051, 59.3736473 ], [ 38.4491058, 59.3739595 ], [ 38.4471667, 59.3741438 ], [ 38.4445779, 59.3741051 ], [ 38.4432459, 59.3743497 ], [ 38.4426791, 59.3745519 ], [ 38.4413709, 59.3749163 ], [ 38.4389263, 59.3756865 ], [ 38.4381901, 59.3760914 ], [ 38.4377804, 59.3761494 ], [ 38.4378275, 59.3762102 ], [ 38.4380021, 59.3764851 ], [ 38.4382221, 59.3769485 ], [ 38.4381909, 59.3777998 ], [ 38.4393785, 59.3777706 ], [ 38.4397307, 59.3792128 ], [ 38.4397663, 59.3793174 ], [ 38.4403347, 59.379267 ], [ 38.4403441, 59.3792935 ], [ 38.4409021, 59.3792439 ], [ 38.442447, 59.3791043 ], [ 38.4440442, 59.3789986 ], [ 38.445081, 59.3790435 ], [ 38.4452322, 59.3790649 ], [ 38.4451295, 59.3792157 ], [ 38.4450555, 59.379324 ], [ 38.4450087, 59.3793928 ], [ 38.4446308, 59.3800052 ], [ 38.4445845, 59.3800732 ], [ 38.4445511, 59.3800673 ], [ 38.444508, 59.3801309 ], [ 38.4449013, 59.3803303 ], [ 38.4447179, 59.38062 ], [ 38.4455585, 59.3807865 ], [ 38.4452062, 59.3813216 ], [ 38.4456056, 59.3813719 ], [ 38.4459217, 59.3813901 ], [ 38.4452304, 59.3822697 ], [ 38.4443177, 59.3834366 ], [ 38.4443504, 59.3834432 ], [ 38.4438153, 59.384133 ] ] ], [ [ [ 38.4531649, 59.3731387 ], [ 38.4542842, 59.3733653 ], [ 38.4552223, 59.3736669 ], [ 38.4557519, 59.3737425 ], [ 38.4560875, 59.3736914 ], [ 38.4566185, 59.3732404 ], [ 38.456646, 59.3730147 ], [ 38.4564652, 59.3729017 ], [ 38.4552054, 59.3725177 ], [ 38.4549305, 59.3725141 ], [ 38.4542326, 59.3726469 ], [ 38.453448, 59.3726053 ], [ 38.4530519, 59.372735 ], [ 38.4529373, 59.3729435 ], [ 38.4531649, 59.3731387 ] ] ] ] } },
{ "type": "Feature", "properties": { "NAME": "Круча", "NAME_EN": null, "NAME_RU": null, "LEISURE": "nature_reserve", "BOUNDARY": "protected_area", "OSM_TYPE": "relation", "OSM_ID": 10349882 }, "geometry": { "type": "MultiPolygon", "coordinates": [ [ [ [ 40.3667437, 58.6942089 ], [ 40.366815, 58.6943913 ], [ 40.3669992, 58.6946726 ], [ 40.3668922, 58.694855 ], [ 40.3669041, 58.6951116 ], [ 40.3680324, 58.6964966 ], [ 40.3686384, 58.6974147 ], [ 40.3692975, 58.6986668 ], [ 40.3697192, 58.6994798 ], [ 40.3696777, 58.6997425 ], [ 40.3694876, 58.7000331 ], [ 40.3678958, 58.7014209 ], [ 40.3665714, 58.7033497 ], [ 40.3670154, 58.7031463 ], [ 40.3674784, 58.7031636 ], [ 40.3702288, 58.7042687 ], [ 40.3705357, 58.7044649 ], [ 40.3705203, 58.7045266 ], [ 40.3699855, 58.704887 ], [ 40.3702805, 58.7051392 ], [ 40.3713672, 58.7065702 ], [ 40.3716285, 58.707145 ], [ 40.3732262, 58.7083379 ], [ 40.3740517, 58.7088787 ], [ 40.3742121, 58.7091631 ], [ 40.3744377, 58.7092928 ], [ 40.3754593, 58.7092959 ], [ 40.3755721, 58.7093638 ], [ 40.3755542, 58.7095617 ], [ 40.3757087, 58.7097656 ], [ 40.3759166, 58.7099572 ], [ 40.3760294, 58.7101056 ], [ 40.3762788, 58.7102384 ], [ 40.378227, 58.7095082 ], [ 40.3790288, 58.7096946 ], [ 40.3795277, 58.7099448 ], [ 40.379878, 58.7104022 ], [ 40.3801927, 58.7106556 ], [ 40.3807689, 58.7108256 ], [ 40.3809574, 58.7109245 ], [ 40.3811564, 58.7109353 ], [ 40.3819269, 58.7115943 ], [ 40.3818445, 58.7112972 ], [ 40.3818796, 58.7112296 ], [ 40.3818072, 58.7111089 ], [ 40.3818072, 58.7109792 ], [ 40.3818721, 58.7108351 ], [ 40.3818821, 58.7107521 ], [ 40.3818173, 58.7106729 ], [ 40.3817373, 58.7105717 ], [ 40.3815379, 58.7102473 ], [ 40.3814057, 58.7099215 ], [ 40.3813932, 58.709867 ], [ 40.3813733, 58.7096282 ], [ 40.3817497, 58.7092701 ], [ 40.3818921, 58.7091454 ], [ 40.3822087, 58.7089183 ], [ 40.3824332, 58.708769 ], [ 40.3828847, 58.7085303 ], [ 40.3830594, 58.7084032 ], [ 40.3831417, 58.7083109 ], [ 40.3830991, 58.7082162 ], [ 40.3828198, 58.7080813 ], [ 40.3827426, 58.7080164 ], [ 40.3826852, 58.707936 ], [ 40.3827051, 58.7078217 ], [ 40.3827951, 58.707701 ], [ 40.3833561, 58.7072818 ], [ 40.3840246, 58.7068132 ], [ 40.3847379, 58.7063629 ], [ 40.3849175, 58.7062967 ], [ 40.3854387, 58.706298 ], [ 40.3855934, 58.7062838 ], [ 40.3857181, 58.7062356 ], [ 40.3857481, 58.7061773 ], [ 40.3855809, 58.7060086 ], [ 40.3854811, 58.7058086 ], [ 40.3854763, 58.7056269 ], [ 40.3855561, 58.7054699 ], [ 40.3857581, 58.7051817 ], [ 40.3859377, 58.7046691 ], [ 40.3861421, 58.7044367 ], [ 40.386282, 58.7043368 ], [ 40.3865163, 58.7042576 ], [ 40.3867334, 58.7042356 ], [ 40.3869602, 58.7042161 ], [ 40.3874566, 58.7040746 ], [ 40.3879279, 58.7039358 ], [ 40.3882223, 58.7038929 ], [ 40.3887637, 58.7039046 ], [ 40.3889332, 58.7038839 ], [ 40.3891476, 58.7038034 ], [ 40.3893247, 58.7037851 ], [ 40.3895942, 58.7035256 ], [ 40.3894619, 58.7033438 ], [ 40.3892174, 58.7032673 ], [ 40.3892151, 58.7032335 ], [ 40.3892923, 58.7031738 ], [ 40.3893772, 58.7031881 ], [ 40.3895268, 58.7031388 ], [ 40.3895991, 58.7031401 ], [ 40.389886, 58.7030271 ], [ 40.389886, 58.7029479 ], [ 40.3900056, 58.7028597 ], [ 40.3901029, 58.7027766 ], [ 40.3900106, 58.7026883 ], [ 40.3899932, 58.7025508 ], [ 40.389911, 58.7023522 ], [ 40.3899759, 58.7022158 ], [ 40.3899633, 58.7019874 ], [ 40.3901379, 58.7017499 ], [ 40.3901603, 58.7016083 ], [ 40.3902501, 58.7015811 ], [ 40.3903549, 58.7014279 ], [ 40.3905819, 58.7014123 ], [ 40.3915371, 58.7010748 ], [ 40.3918439, 58.7010528 ], [ 40.3931609, 58.7007386 ], [ 40.3938019, 58.7006763 ], [ 40.3947073, 58.7006764 ], [ 40.3951363, 58.7008646 ], [ 40.3954182, 58.7010827 ], [ 40.3957647, 58.7012046 ], [ 40.3965031, 58.7016005 ], [ 40.3965529, 58.7016759 ], [ 40.396942, 58.7018603 ], [ 40.3974683, 58.7022172 ], [ 40.3978, 58.7024989 ], [ 40.3979971, 58.7027806 ], [ 40.3982765, 58.702944 ], [ 40.3988502, 58.703105 ], [ 40.3989897, 58.7030895 ], [ 40.3988726, 58.703031 ], [ 40.3990421, 58.7030285 ], [ 40.3993365, 58.7030946 ], [ 40.3992965, 58.703166 ], [ 40.3995285, 58.7032154 ], [ 40.3995984, 58.7031674 ], [ 40.3997455, 58.7032309 ], [ 40.399803, 58.7032258 ], [ 40.400222, 58.7034828 ], [ 40.4007132, 58.7036139 ], [ 40.4011322, 58.7036944 ], [ 40.4011896, 58.7036736 ], [ 40.4015188, 58.703758 ], [ 40.4015712, 58.7037528 ], [ 40.4021275, 58.7040396 ], [ 40.4022348, 58.7041512 ], [ 40.4022397, 58.7043629 ], [ 40.4024119, 58.704503 ], [ 40.4024641, 58.7046782 ], [ 40.4026113, 58.7046509 ], [ 40.4029979, 58.7049041 ], [ 40.4030652, 58.7049923 ], [ 40.4040055, 58.705714 ], [ 40.4041153, 58.705736 ], [ 40.4041078, 58.7056192 ], [ 40.4042624, 58.7055556 ], [ 40.4045916, 58.7057594 ], [ 40.4046466, 58.7058658 ], [ 40.4045119, 58.7058645 ], [ 40.4044546, 58.7059437 ], [ 40.4057789, 58.7066303 ], [ 40.4057989, 58.7066874 ], [ 40.4069611, 58.7071987 ], [ 40.4072056, 58.7072273 ], [ 40.4075099, 58.707339 ], [ 40.4080661, 58.707457 ], [ 40.4081085, 58.7074104 ], [ 40.4090089, 58.7076205 ], [ 40.4095101, 58.7075557 ], [ 40.4101014, 58.7075622 ], [ 40.4103482, 58.7075298 ], [ 40.4107473, 58.7075337 ], [ 40.4108322, 58.7074428 ], [ 40.411376, 58.7073728 ], [ 40.4115628, 58.7072767 ], [ 40.4115256, 58.7072182 ], [ 40.4114832, 58.7072222 ], [ 40.4113709, 58.7072948 ], [ 40.4112438, 58.7072611 ], [ 40.411296, 58.7071378 ], [ 40.4114233, 58.7071794 ], [ 40.4115154, 58.7071326 ], [ 40.411593, 58.7070197 ], [ 40.4117176, 58.7068821 ], [ 40.4117301, 58.7067731 ], [ 40.4119022, 58.706716 ], [ 40.4120344, 58.7065694 ], [ 40.4121168, 58.7064654 ], [ 40.4119447, 58.7064356 ], [ 40.4119422, 58.7063331 ], [ 40.4120119, 58.7062968 ], [ 40.4120968, 58.7063383 ], [ 40.4121839, 58.706158 ], [ 40.4122564, 58.705971 ], [ 40.4121891, 58.7053168 ], [ 40.4123261, 58.7052091 ], [ 40.4124933, 58.7051559 ], [ 40.4126705, 58.7049236 ], [ 40.4125456, 58.7049119 ], [ 40.412623, 58.7048042 ], [ 40.4125607, 58.7047418 ], [ 40.412633, 58.7046926 ], [ 40.4127153, 58.7044654 ], [ 40.4131118, 58.7041357 ], [ 40.4135609, 58.7039773 ], [ 40.4139973, 58.7039786 ], [ 40.4144713, 58.704089 ], [ 40.4146757, 58.7041915 ], [ 40.4148029, 58.7041721 ], [ 40.4150972, 58.7043447 ], [ 40.4150822, 58.7044057 ], [ 40.4151771, 58.7045031 ], [ 40.4151721, 58.7047029 ], [ 40.4149152, 58.7050157 ], [ 40.4149002, 58.705174 ], [ 40.4151645, 58.705383 ], [ 40.4156211, 58.7054324 ], [ 40.4161947, 58.7053662 ], [ 40.4165862, 58.7052805 ], [ 40.4169753, 58.7050469 ], [ 40.4171225, 58.7047834 ], [ 40.4171025, 58.7046095 ], [ 40.4169554, 58.704581 ], [ 40.4169454, 58.7045109 ], [ 40.4171176, 58.7042992 ], [ 40.4172223, 58.7042564 ], [ 40.4172796, 58.7043667 ], [ 40.417332, 58.7043888 ], [ 40.4174043, 58.7043615 ], [ 40.4175864, 58.704407 ], [ 40.4178583, 58.7046368 ], [ 40.4178783, 58.7048509 ], [ 40.4178332, 58.7049301 ], [ 40.4179207, 58.705017 ], [ 40.4179582, 58.705361 ], [ 40.418003, 58.7055115 ], [ 40.4181002, 58.7054973 ], [ 40.4181301, 58.7055609 ], [ 40.4179707, 58.7056556 ], [ 40.4182874, 58.706141 ], [ 40.4182024, 58.7062566 ], [ 40.4184469, 58.7065706 ], [ 40.418467, 58.7067485 ], [ 40.4186988, 58.706947 ], [ 40.4190181, 58.7070145 ], [ 40.4193224, 58.7070315 ], [ 40.4195741, 58.7069989 ], [ 40.4195718, 58.7069444 ], [ 40.419482, 58.7069288 ], [ 40.4196815, 58.7068549 ], [ 40.4196267, 58.7068419 ], [ 40.4197689, 58.7067394 ], [ 40.4201379, 58.7065641 ], [ 40.4203974, 58.7065291 ], [ 40.4212976, 58.7065511 ], [ 40.421667, 58.7066109 ], [ 40.4217792, 58.7067381 ], [ 40.4218591, 58.7069613 ], [ 40.4222555, 58.7072196 ], [ 40.4227419, 58.707374 ], [ 40.424009, 58.7074948 ], [ 40.4244579, 58.707352 ], [ 40.4250091, 58.7073001 ], [ 40.4256752, 58.7071911 ], [ 40.4263634, 58.7070262 ], [ 40.4277428, 58.7068199 ], [ 40.4280594, 58.7066472 ], [ 40.4286532, 58.7064241 ], [ 40.4287181, 58.7062579 ], [ 40.4287005, 58.7060632 ], [ 40.4288452, 58.7059672 ], [ 40.4288301, 58.7058841 ], [ 40.428708, 58.7058829 ], [ 40.4288254, 58.705679 ], [ 40.4289675, 58.7052027 ], [ 40.4294962, 58.7044628 ], [ 40.4299827, 58.7038203 ], [ 40.4302146, 58.7035945 ], [ 40.4307084, 58.7034531 ], [ 40.4314291, 58.7033895 ], [ 40.4322648, 58.7036127 ], [ 40.4330055, 58.7038347 ], [ 40.4336814, 58.7038476 ], [ 40.4344846, 58.704202 ], [ 40.4345244, 58.7041539 ], [ 40.4350581, 58.7044693 ], [ 40.4351081, 58.7046861 ], [ 40.4352328, 58.7047523 ], [ 40.4354075, 58.7049716 ], [ 40.4353477, 58.7051534 ], [ 40.4349485, 58.7053299 ], [ 40.4345146, 58.7054272 ], [ 40.4341453, 58.7055584 ], [ 40.4339308, 58.7057102 ], [ 40.4337687, 58.7057231 ], [ 40.4328408, 58.7062852 ], [ 40.4312197, 58.7071159 ], [ 40.4306435, 58.7074325 ], [ 40.4301196, 58.7078594 ], [ 40.4300198, 58.7078542 ], [ 40.4299226, 58.7079425 ], [ 40.430025, 58.7079841 ], [ 40.4299026, 58.7083448 ], [ 40.4300024, 58.7085084 ], [ 40.4303192, 58.7087666 ], [ 40.4306162, 58.7088537 ], [ 40.4309629, 58.7088679 ], [ 40.4312146, 58.7088406 ], [ 40.4321275, 58.7089147 ], [ 40.432549, 58.7088861 ], [ 40.4329855, 58.7088355 ], [ 40.4331253, 58.7088757 ], [ 40.4332101, 58.7088705 ], [ 40.4332623, 58.7087965 ], [ 40.4338783, 58.7087692 ], [ 40.4340804, 58.708816 ], [ 40.4342826, 58.7088068 ], [ 40.4342874, 58.7088407 ], [ 40.4343573, 58.7088602 ], [ 40.4344496, 58.7088393 ], [ 40.4345469, 58.7087693 ], [ 40.4345194, 58.7087394 ], [ 40.4347913, 58.7087095 ], [ 40.4350157, 58.7087537 ], [ 40.435562, 58.7087536 ], [ 40.435597, 58.7087173 ], [ 40.4369487, 58.7087978 ], [ 40.4379589, 58.708899 ], [ 40.4383431, 58.7090353 ], [ 40.4384104, 58.7090198 ], [ 40.4386348, 58.7091041 ], [ 40.4389691, 58.709252 ], [ 40.4396875, 58.7097128 ], [ 40.4404829, 58.7105486 ], [ 40.44071, 58.7114051 ], [ 40.4408571, 58.7113973 ], [ 40.4411315, 58.7117489 ], [ 40.4412812, 58.7117411 ], [ 40.4414109, 58.7119229 ], [ 40.4415479, 58.7119605 ], [ 40.4414259, 58.7120046 ], [ 40.4414782, 58.7121447 ], [ 40.441563, 58.7121642 ], [ 40.4414858, 58.7122706 ], [ 40.4420069, 58.7132205 ], [ 40.4420943, 58.7135177 ], [ 40.442396, 58.7140445 ], [ 40.442573, 58.7143053 ], [ 40.4425283, 58.7144598 ], [ 40.44283, 58.7147283 ], [ 40.4429124, 58.7146621 ], [ 40.4432117, 58.7146336 ], [ 40.4436854, 58.7151941 ], [ 40.4451271, 58.7154563 ], [ 40.4451697, 58.7154199 ], [ 40.4456834, 58.7154913 ], [ 40.4459726, 58.7154381 ], [ 40.4462222, 58.7154355 ], [ 40.4464765, 58.7153408 ], [ 40.4465214, 58.7153719 ], [ 40.4466211, 58.7153473 ], [ 40.4465987, 58.7153084 ], [ 40.4467085, 58.715224 ], [ 40.4468456, 58.7152513 ], [ 40.447402, 58.7149568 ], [ 40.4472997, 58.7146323 ], [ 40.4471401, 58.7146479 ], [ 40.4470104, 58.7144805 ], [ 40.4470152, 58.7143611 ], [ 40.4468581, 58.7143923 ], [ 40.4464091, 58.7139745 ], [ 40.446307, 58.7133736 ], [ 40.4460551, 58.7130959 ], [ 40.4460725, 58.7130739 ], [ 40.4458904, 58.7128831 ], [ 40.4459278, 58.7128247 ], [ 40.4457783, 58.7124251 ], [ 40.4456933, 58.7123901 ], [ 40.4456608, 58.7122589 ], [ 40.4457881, 58.7121798 ], [ 40.4458706, 58.7118749 ], [ 40.4457632, 58.7118865 ], [ 40.4456135, 58.7113712 ], [ 40.445611, 58.7110858 ], [ 40.4458755, 58.710908 ], [ 40.4456734, 58.7109469 ], [ 40.4457532, 58.7108561 ], [ 40.4458479, 58.7108742 ], [ 40.4465464, 58.7107484 ], [ 40.4467883, 58.7107134 ], [ 40.4475066, 58.7106148 ], [ 40.4478534, 58.7104162 ], [ 40.4479282, 58.7104603 ], [ 40.447988, 58.7103656 ], [ 40.4482773, 58.7103357 ], [ 40.4483098, 58.7101747 ], [ 40.4484969, 58.7102553 ], [ 40.4486016, 58.7101683 ], [ 40.4487713, 58.7101397 ], [ 40.4489806, 58.7100735 ], [ 40.4489857, 58.7101359 ], [ 40.4491304, 58.7101164 ], [ 40.4491976, 58.7099775 ], [ 40.4493698, 58.7099568 ], [ 40.4495745, 58.7096272 ], [ 40.4496866, 58.7095234 ], [ 40.4499833, 58.7093455 ], [ 40.4501106, 58.7089991 ], [ 40.4500608, 58.7087563 ], [ 40.449966, 58.7087511 ], [ 40.4498463, 58.7086681 ], [ 40.4494697, 58.7086616 ], [ 40.4491054, 58.7087226 ], [ 40.4491305, 58.7087524 ], [ 40.4489333, 58.7087693 ], [ 40.4488061, 58.7087421 ], [ 40.448225, 58.7088121 ], [ 40.4478334, 58.7088082 ], [ 40.4475714, 58.7088446 ], [ 40.4472848, 58.7088459 ], [ 40.4469679, 58.7088109 ], [ 40.4463793, 58.7086149 ], [ 40.4462422, 58.7084487 ], [ 40.4462345, 58.708363 ], [ 40.4463768, 58.7082398 ], [ 40.4466038, 58.7082269 ], [ 40.4466213, 58.7081645 ], [ 40.4468157, 58.7081113 ], [ 40.4468756, 58.7081555 ], [ 40.4470229, 58.7080854 ], [ 40.4472473, 58.7080932 ], [ 40.4472922, 58.7081568 ], [ 40.4477362, 58.7079647 ], [ 40.447639, 58.7078193 ], [ 40.4475067, 58.7078128 ], [ 40.4474269, 58.7078478 ], [ 40.4473595, 58.7078129 ], [ 40.4473993, 58.7077596 ], [ 40.447382, 58.7077064 ], [ 40.4466861, 58.7074092 ], [ 40.4466538, 58.7072742 ], [ 40.4464042, 58.7071509 ], [ 40.4464267, 58.7070834 ], [ 40.4460301, 58.7069459 ], [ 40.4460277, 58.7067485 ], [ 40.445878, 58.7067693 ], [ 40.4460426, 58.7066227 ], [ 40.4461, 58.7066447 ], [ 40.4461897, 58.7066006 ], [ 40.4461423, 58.7065552 ], [ 40.4462147, 58.7065098 ], [ 40.4463021, 58.7065513 ], [ 40.4464193, 58.7065058 ], [ 40.4465364, 58.7065344 ], [ 40.4467685, 58.7063851 ], [ 40.4466836, 58.706363 ], [ 40.4467511, 58.7061996 ], [ 40.4468433, 58.7061256 ], [ 40.4471076, 58.7057232 ], [ 40.4473196, 58.7056532 ], [ 40.447589, 58.705657 ], [ 40.4476463, 58.7057089 ], [ 40.4478011, 58.7058024 ], [ 40.4480579, 58.7057998 ], [ 40.4483397, 58.7058634 ], [ 40.4484446, 58.7058205 ], [ 40.4486041, 58.7058841 ], [ 40.4490331, 58.7058971 ], [ 40.4491503, 58.7059114 ], [ 40.4503078, 58.7057647 ], [ 40.450582, 58.7056531 ], [ 40.4508291, 58.7056753 ], [ 40.4509837, 58.7055714 ], [ 40.4513852, 58.7055272 ], [ 40.4514998, 58.7054247 ], [ 40.4515897, 58.705487 ], [ 40.4519664, 58.7053702 ], [ 40.452116, 58.7053845 ], [ 40.4526772, 58.7052313 ], [ 40.4527246, 58.7052625 ], [ 40.4529241, 58.7052223 ], [ 40.4529192, 58.7051586 ], [ 40.4531809, 58.7051145 ], [ 40.453241, 58.7051417 ], [ 40.4536875, 58.7050366 ], [ 40.4537522, 58.7049549 ], [ 40.454226, 58.7049678 ], [ 40.4545103, 58.7051301 ], [ 40.4548197, 58.7051015 ], [ 40.455129, 58.7051742 ], [ 40.4551864, 58.7052612 ], [ 40.4555855, 58.7053949 ], [ 40.4556478, 58.7053326 ], [ 40.4563361, 58.7053897 ], [ 40.4564759, 58.7054455 ], [ 40.4565681, 58.7053858 ], [ 40.4575534, 58.7054585 ], [ 40.457718, 58.7053988 ], [ 40.4578575, 58.705378 ], [ 40.4579649, 58.7053106 ], [ 40.4580571, 58.7052911 ], [ 40.458112, 58.7050302 ], [ 40.4580721, 58.704938 ], [ 40.4577328, 58.7047705 ], [ 40.4576531, 58.7045992 ], [ 40.4578153, 58.7045435 ], [ 40.4580746, 58.7045551 ], [ 40.4588628, 58.7047731 ], [ 40.4588828, 58.7048446 ], [ 40.4592095, 58.7049185 ], [ 40.4596259, 58.7049043 ], [ 40.4597931, 58.7049316 ], [ 40.4600301, 58.7048186 ], [ 40.4612372, 58.7048316 ], [ 40.4614119, 58.7047394 ], [ 40.4615739, 58.7047563 ], [ 40.4617187, 58.7046109 ], [ 40.4617959, 58.7046135 ], [ 40.4619756, 58.7044786 ], [ 40.4619979, 58.7042877 ], [ 40.4620605, 58.7042073 ], [ 40.4619706, 58.7041411 ], [ 40.4619555, 58.7038736 ], [ 40.4618758, 58.703701 ], [ 40.4619631, 58.7036284 ], [ 40.4616788, 58.7032092 ], [ 40.4616963, 58.7031131 ], [ 40.4615839, 58.7030715 ], [ 40.4614144, 58.7028807 ], [ 40.4610877, 58.7027028 ], [ 40.4610078, 58.7026133 ], [ 40.460549, 58.70249 ], [ 40.4604841, 58.7024199 ], [ 40.4604042, 58.7024459 ], [ 40.4599852, 58.7023628 ], [ 40.4596685, 58.7021187 ], [ 40.4595737, 58.7019617 ], [ 40.4590051, 58.7018565 ], [ 40.4587082, 58.701902 ], [ 40.4584189, 58.702094 ], [ 40.4585037, 58.7021343 ], [ 40.4579549, 58.7022563 ], [ 40.4575059, 58.7023057 ], [ 40.4570595, 58.702264 ], [ 40.4567651, 58.702111 ], [ 40.4564186, 58.7020837 ], [ 40.4559421, 58.7020331 ], [ 40.4553286, 58.701915 ], [ 40.4552387, 58.7018253 ], [ 40.4551366, 58.7018708 ], [ 40.4546701, 58.7016708 ], [ 40.4546651, 58.7015904 ], [ 40.4544331, 58.7015891 ], [ 40.4539444, 58.7011478 ], [ 40.4539169, 58.7007337 ], [ 40.4539743, 58.7007129 ], [ 40.4539568, 58.7006168 ], [ 40.453897, 58.7006428 ], [ 40.453857, 58.7004286 ], [ 40.4540367, 58.7001533 ], [ 40.4541738, 58.7001794 ], [ 40.4542288, 58.7001144 ], [ 40.4541938, 58.7000534 ], [ 40.4540541, 58.7000742 ], [ 40.4541064, 58.6999717 ], [ 40.4539693, 58.6999665 ], [ 40.4539916, 58.6999054 ], [ 40.4541439, 58.6998783 ], [ 40.4541813, 58.6997952 ], [ 40.4543984, 58.6997666 ], [ 40.4547997, 58.6997744 ], [ 40.4548472, 58.6998458 ], [ 40.4550219, 58.6998393 ], [ 40.4550643, 58.699803 ], [ 40.4549645, 58.6997185 ], [ 40.455174, 58.6996757 ], [ 40.4561792, 58.6997133 ], [ 40.4562515, 58.6997964 ], [ 40.4565883, 58.6998341 ], [ 40.4569023, 58.6998134 ], [ 40.4571045, 58.699738 ], [ 40.4571293, 58.6996666 ], [ 40.4572567, 58.6996212 ], [ 40.4581247, 58.6997535 ], [ 40.4583267, 58.6997406 ], [ 40.4589577, 58.6995342 ], [ 40.4590749, 58.6994486 ], [ 40.4593119, 58.6994551 ], [ 40.4592369, 58.6994187 ], [ 40.4592919, 58.6993759 ], [ 40.4594191, 58.6993798 ], [ 40.4594217, 58.6992914 ], [ 40.4594865, 58.6992889 ], [ 40.4595639, 58.6989864 ], [ 40.4595114, 58.6989695 ], [ 40.4594366, 58.6990409 ], [ 40.4593394, 58.6989839 ], [ 40.4592669, 58.6989787 ], [ 40.4591822, 58.6988968 ], [ 40.4592845, 58.6987644 ], [ 40.4594765, 58.6986294 ], [ 40.4601624, 58.6984645 ], [ 40.4603494, 58.6982412 ], [ 40.4602396, 58.6981517 ], [ 40.4600926, 58.698214 ], [ 40.4600027, 58.6981087 ], [ 40.46015, 58.6978933 ], [ 40.4600376, 58.6976973 ], [ 40.4601423, 58.6975648 ], [ 40.460297, 58.6975493 ], [ 40.4604616, 58.6974039 ], [ 40.4605315, 58.6971339 ], [ 40.4606413, 58.6970819 ], [ 40.4607036, 58.6968859 ], [ 40.4608058, 58.6968326 ], [ 40.4607536, 58.6967054 ], [ 40.4605739, 58.6966924 ], [ 40.460499, 58.6966327 ], [ 40.4605189, 58.6965912 ], [ 40.4606113, 58.6966042 ], [ 40.4604368, 58.6964328 ], [ 40.4604294, 58.6963601 ], [ 40.4604642, 58.696299 ], [ 40.4602796, 58.6962394 ], [ 40.4602396, 58.6960861 ], [ 40.4602722, 58.6959693 ], [ 40.4596211, 58.6953682 ], [ 40.4591373, 58.6951254 ], [ 40.4591649, 58.694954 ], [ 40.4590425, 58.6949281 ], [ 40.4589378, 58.6946268 ], [ 40.4587955, 58.6945542 ], [ 40.4589278, 58.6943503 ], [ 40.4590949, 58.6942386 ], [ 40.4591574, 58.6942334 ], [ 40.4592095, 58.6939673 ], [ 40.4589926, 58.6938257 ], [ 40.4588581, 58.6937985 ], [ 40.4584139, 58.6935752 ], [ 40.4582818, 58.6934518 ], [ 40.4581796, 58.6934518 ], [ 40.4579626, 58.6932636 ], [ 40.457546, 58.6931065 ], [ 40.4573963, 58.6930948 ], [ 40.4574163, 58.6930182 ], [ 40.4573017, 58.6929169 ], [ 40.4570672, 58.6928558 ], [ 40.4570721, 58.6926378 ], [ 40.4575261, 58.6925157 ], [ 40.4577706, 58.6925559 ], [ 40.457779, 58.692286 ], [ 40.4566417, 58.6916494 ], [ 40.4560541, 58.6914141 ], [ 40.455617, 58.6912391 ], [ 40.4551836, 58.690927 ], [ 40.4550274, 58.6908146 ], [ 40.4548655, 58.6906981 ], [ 40.4545923, 58.6904427 ], [ 40.4544863, 58.6901436 ], [ 40.4541975, 58.6897621 ], [ 40.4540904, 58.6896206 ], [ 40.4536527, 58.689281 ], [ 40.4528609, 58.6893753 ], [ 40.4524735, 58.6894711 ], [ 40.452176, 58.6896306 ], [ 40.4518069, 58.6897856 ], [ 40.451355, 58.6898579 ], [ 40.4511211, 58.6898559 ], [ 40.4504415, 58.6897344 ], [ 40.4499293, 58.6895479 ], [ 40.4496297, 58.6893484 ], [ 40.4495353, 58.6892172 ], [ 40.4499548, 58.6886851 ], [ 40.4495101, 58.6882667 ], [ 40.4493709, 58.6880172 ], [ 40.4493679, 58.6871057 ], [ 40.4493937, 58.6868167 ], [ 40.4496465, 58.6865867 ], [ 40.4497711, 58.6865087 ], [ 40.449498, 58.6863163 ], [ 40.4491047, 58.6862329 ], [ 40.4485371, 58.6861586 ], [ 40.4483238, 58.6860871 ], [ 40.4480312, 58.6858806 ], [ 40.4478045, 58.6855455 ], [ 40.4476632, 58.6854175 ], [ 40.4476678, 58.6852699 ], [ 40.4476767, 58.6851 ], [ 40.4493457, 58.6850306 ], [ 40.4493819, 58.6840623 ], [ 40.448936, 58.6840035 ], [ 40.4480757, 58.6836781 ], [ 40.4476507, 58.6834873 ], [ 40.4470802, 58.6831914 ], [ 40.4463928, 58.6831069 ], [ 40.4467997, 58.6825495 ], [ 40.4465523, 58.6822873 ], [ 40.4462946, 58.6817192 ], [ 40.4458124, 58.6810647 ], [ 40.4451958, 58.6801715 ], [ 40.4444935, 58.6801907 ], [ 40.4437626, 58.6803195 ], [ 40.4431231, 58.6805698 ], [ 40.4425702, 58.6808296 ], [ 40.4414774, 58.6804691 ], [ 40.4416731, 58.6799304 ], [ 40.4425115, 58.6792033 ], [ 40.4415846, 58.6787746 ], [ 40.4405375, 58.6782869 ], [ 40.4414869, 58.6778514 ], [ 40.442071, 58.6776592 ], [ 40.4419294, 58.6775438 ], [ 40.4392551, 58.6766622 ], [ 40.4353441, 58.6774312 ], [ 40.4310244, 58.678038 ], [ 40.4268316, 58.6786489 ], [ 40.425581, 58.6788302 ], [ 40.4219375, 58.6793444 ], [ 40.4192862, 58.6798037 ], [ 40.4154227, 58.6804682 ], [ 40.4151711, 58.6802888 ], [ 40.4145027, 58.6794835 ], [ 40.4143879, 58.6789094 ], [ 40.4147473, 58.6783248 ], [ 40.4150515, 58.6782469 ], [ 40.4149667, 58.67813 ], [ 40.4150116, 58.6779741 ], [ 40.4146224, 58.6775351 ], [ 40.4146525, 58.6774389 ], [ 40.413959, 58.6767037 ], [ 40.4137494, 58.6766413 ], [ 40.4134603, 58.6762126 ], [ 40.4134203, 58.6760412 ], [ 40.41135, 58.6746175 ], [ 40.4109311, 58.6743186 ], [ 40.4104422, 58.6740795 ], [ 40.4097089, 58.673812 ], [ 40.4093449, 58.6737158 ], [ 40.4078831, 58.6736067 ], [ 40.4078632, 58.6736768 ], [ 40.4056384, 58.6736742 ], [ 40.4039872, 58.673617 ], [ 40.4017824, 58.6733911 ], [ 40.4016976, 58.6734585 ], [ 40.4014083, 58.6735027 ], [ 40.4006401, 58.6733599 ], [ 40.4005553, 58.6732586 ], [ 40.3998021, 58.6731207 ], [ 40.3991636, 58.6728402 ], [ 40.3988343, 58.6728194 ], [ 40.3975622, 58.6725284 ], [ 40.3974076, 58.6725362 ], [ 40.3971733, 58.6724452 ], [ 40.3971782, 58.6722815 ], [ 40.396849, 58.6719983 ], [ 40.3967541, 58.6717151 ], [ 40.3966643, 58.6715567 ], [ 40.3966695, 58.671029 ], [ 40.3966245, 58.6709459 ], [ 40.3966644, 58.6704367 ], [ 40.396814, 58.6701663 ], [ 40.3965395, 58.6696727 ], [ 40.3965696, 58.6695194 ], [ 40.3963302, 58.6689606 ], [ 40.396395, 58.6687528 ], [ 40.3962953, 58.6686567 ], [ 40.3964748, 58.6681786 ], [ 40.3967543, 58.6677055 ], [ 40.3971483, 58.6673027 ], [ 40.396864, 58.667165 ], [ 40.39639, 58.6671338 ], [ 40.3959859, 58.6669909 ], [ 40.3958662, 58.6667544 ], [ 40.395981, 58.6667024 ], [ 40.3960709, 58.6666998 ], [ 40.3962105, 58.6665621 ], [ 40.3961406, 58.6664347 ], [ 40.3954721, 58.6662425 ], [ 40.3950533, 58.6662113 ], [ 40.394699, 58.6663464 ], [ 40.3941553, 58.6663307 ], [ 40.3934419, 58.6661801 ], [ 40.393043, 58.666123 ], [ 40.3921099, 58.6660813 ], [ 40.3915963, 58.6659955 ], [ 40.391247, 58.6658812 ], [ 40.3910276, 58.6657097 ], [ 40.3909378, 58.665507 ], [ 40.3908032, 58.6654914 ], [ 40.3897056, 58.665611 ], [ 40.3892019, 58.6656187 ], [ 40.3890421, 58.6654913 ], [ 40.3885583, 58.6652653 ], [ 40.3884085, 58.6650782 ], [ 40.3880445, 58.6651171 ], [ 40.3874408, 58.6650235 ], [ 40.3871215, 58.6651509 ], [ 40.386962, 58.6653458 ], [ 40.3870118, 58.6654497 ], [ 40.3870543, 58.6655711 ], [ 40.3869015, 58.6656262 ], [ 40.3869075, 58.6657272 ], [ 40.3867018, 58.665822 ], [ 40.3865431, 58.6658985 ], [ 40.3862375, 58.666018 ], [ 40.3858675, 58.6658985 ], [ 40.3855328, 58.665819 ], [ 40.3850392, 58.6657915 ], [ 40.3848043, 58.6658404 ], [ 40.384487, 58.6658772 ], [ 40.3839465, 58.6660332 ], [ 40.3836997, 58.6660853 ], [ 40.3833825, 58.6661343 ], [ 40.3830476, 58.6662321 ], [ 40.3827245, 58.6662689 ], [ 40.3826363, 58.6662658 ], [ 40.3825424, 58.6663117 ], [ 40.3823721, 58.6662842 ], [ 40.3821841, 58.666324 ], [ 40.3817727, 58.6663455 ], [ 40.3815143, 58.6663056 ], [ 40.381197, 58.6661985 ], [ 40.381062, 58.6661067 ], [ 40.3811032, 58.6658955 ], [ 40.3813615, 58.6656017 ], [ 40.3812734, 58.6654946 ], [ 40.3810148, 58.6653844 ], [ 40.3803922, 58.6653935 ], [ 40.3800573, 58.6654731 ], [ 40.3799282, 58.6656231 ], [ 40.3799692, 58.6658863 ], [ 40.379934, 58.6659598 ], [ 40.3799221, 58.6663147 ], [ 40.3798458, 58.6665291 ], [ 40.379552, 58.66678 ], [ 40.3791819, 58.667184 ], [ 40.3787473, 58.6673463 ], [ 40.3785123, 58.6673126 ], [ 40.3783654, 58.6673524 ], [ 40.3780892, 58.6673187 ], [ 40.3777896, 58.6672269 ], [ 40.3776485, 58.6670708 ], [ 40.3775135, 58.66693 ], [ 40.3774723, 58.6667311 ], [ 40.3773137, 58.6665566 ], [ 40.3772608, 58.6661342 ], [ 40.377108, 58.6660608 ], [ 40.3770141, 58.6659262 ], [ 40.3771317, 58.6658833 ], [ 40.3770611, 58.66577 ], [ 40.3768849, 58.665721 ], [ 40.3764383, 58.6655007 ], [ 40.3753868, 58.665669 ], [ 40.3747346, 58.6660547 ], [ 40.374629, 58.6660485 ], [ 40.3736829, 58.6663699 ], [ 40.3730721, 58.6666269 ], [ 40.3728665, 58.6667555 ], [ 40.3725022, 58.6669881 ], [ 40.3724903, 58.6670646 ], [ 40.3723084, 58.6671289 ], [ 40.3719382, 58.6675635 ], [ 40.3718912, 58.6676859 ], [ 40.3716827, 58.6678114 ], [ 40.3713596, 58.6681511 ], [ 40.3710893, 58.6682613 ], [ 40.3706194, 58.6689071 ], [ 40.3703137, 58.6693997 ], [ 40.3702257, 58.6696477 ], [ 40.3703197, 58.6701098 ], [ 40.3704783, 58.6704096 ], [ 40.3706133, 58.6705168 ], [ 40.3707837, 58.6707891 ], [ 40.3706742, 58.6708504 ], [ 40.3694238, 58.6705996 ], [ 40.3670644, 58.6700998 ], [ 40.3652212, 58.6696558 ], [ 40.3609205, 58.6687975 ], [ 40.3552751, 58.6674269 ], [ 40.3523342, 58.6667463 ], [ 40.3526197, 58.6671707 ], [ 40.353141, 58.6676751 ], [ 40.3535973, 58.6680542 ], [ 40.3548475, 58.6686796 ], [ 40.3555214, 58.6689616 ], [ 40.3564039, 58.6693459 ], [ 40.3561533, 58.6696418 ], [ 40.3560919, 58.6699399 ], [ 40.3563168, 58.6702041 ], [ 40.3569443, 58.6709713 ], [ 40.3568619, 58.6712195 ], [ 40.356666, 58.671354 ], [ 40.3561659, 58.6714102 ], [ 40.3557399, 58.671405 ], [ 40.3559396, 58.6716939 ], [ 40.3561729, 58.6717714 ], [ 40.356405, 58.6718738 ], [ 40.3570628, 58.6719939 ], [ 40.3573141, 58.6721962 ], [ 40.3574347, 58.6726584 ], [ 40.3574474, 58.6734057 ], [ 40.3574608, 58.67363 ], [ 40.3581548, 58.6739871 ], [ 40.3585694, 58.6742412 ], [ 40.3586335, 58.6743913 ], [ 40.3571731, 58.6742118 ], [ 40.3565172, 58.6740543 ], [ 40.3556834, 58.6736457 ], [ 40.3548507, 58.6732122 ], [ 40.3538441, 58.672951 ], [ 40.3524293, 58.6728093 ], [ 40.3508627, 58.6728774 ], [ 40.3502638, 58.6730195 ], [ 40.3493735, 58.6733201 ], [ 40.3485984, 58.6736843 ], [ 40.3480864, 58.6740018 ], [ 40.3478166, 58.6741978 ], [ 40.3479374, 58.6746599 ], [ 40.348497, 58.6748536 ], [ 40.3482504, 58.6750622 ], [ 40.3472531, 58.6756229 ], [ 40.3468576, 58.6759793 ], [ 40.3465729, 58.6764988 ], [ 40.3465388, 58.6767225 ], [ 40.3466134, 58.6771593 ], [ 40.3467664, 58.6774351 ], [ 40.3466394, 58.6776203 ], [ 40.346331, 58.677629 ], [ 40.346017, 58.6772516 ], [ 40.3458609, 58.6770381 ], [ 40.3455409, 58.6767851 ], [ 40.3449681, 58.6763672 ], [ 40.3437855, 58.6768385 ], [ 40.3435148, 58.6770594 ], [ 40.3438149, 58.6772249 ], [ 40.3437388, 58.6773361 ], [ 40.3437815, 58.6774362 ], [ 40.3445987, 58.6779064 ], [ 40.3443991, 58.6781395 ], [ 40.344644, 58.6784525 ], [ 40.3450339, 58.6786929 ], [ 40.3451934, 58.6788188 ], [ 40.3450408, 58.6790526 ], [ 40.3444199, 58.6792186 ], [ 40.3444975, 58.6795792 ], [ 40.344992, 58.680106 ], [ 40.3456402, 58.6803743 ], [ 40.3455815, 58.6806216 ], [ 40.3458794, 58.6808112 ], [ 40.3462106, 58.6807905 ], [ 40.3464781, 58.6806201 ], [ 40.3470278, 58.6809739 ], [ 40.3482027, 58.681075 ], [ 40.3493355, 58.681064 ], [ 40.3503332, 58.6809149 ], [ 40.3510053, 58.6806626 ], [ 40.351899, 58.6802146 ], [ 40.3526834, 58.6790709 ], [ 40.3531957, 58.6792136 ], [ 40.3533211, 58.6795624 ], [ 40.353378, 58.6803691 ], [ 40.3539933, 58.6808354 ], [ 40.354424, 58.6812126 ], [ 40.3550269, 58.6819515 ], [ 40.3553287, 58.6820544 ], [ 40.3560768, 58.6816915 ], [ 40.3567157, 58.6816496 ], [ 40.3572654, 58.6814951 ], [ 40.357783, 58.6815261 ], [ 40.358024, 58.6819259 ], [ 40.3581768, 58.6821883 ], [ 40.3584398, 58.6826254 ], [ 40.3586284, 58.6831362 ], [ 40.3586186, 58.6833469 ], [ 40.3581889, 58.6834532 ], [ 40.3579269, 58.683512 ], [ 40.3574508, 58.6836054 ], [ 40.3567698, 58.6835352 ], [ 40.3566093, 58.683434 ], [ 40.3552264, 58.6832436 ], [ 40.3547549, 58.6832379 ], [ 40.3544172, 58.683395 ], [ 40.3544777, 58.683619 ], [ 40.3543348, 58.683818 ], [ 40.3542025, 58.6845643 ], [ 40.3550484, 58.6848428 ], [ 40.3562765, 58.6850141 ], [ 40.3569462, 58.6851518 ], [ 40.3578274, 58.6852098 ], [ 40.3585323, 58.6853506 ], [ 40.3595722, 58.6856259 ], [ 40.3597954, 58.6857941 ], [ 40.3609352, 58.686464 ], [ 40.3617518, 58.6868923 ], [ 40.3627975, 58.6877182 ], [ 40.3633849, 58.6880455 ], [ 40.3644719, 58.6887092 ], [ 40.3653413, 58.6894983 ], [ 40.3656144, 58.6895931 ], [ 40.3666862, 58.6892719 ], [ 40.367424, 58.6898379 ], [ 40.3676884, 58.6902141 ], [ 40.3685813, 58.690948 ], [ 40.3689279, 58.6912142 ], [ 40.3692687, 58.6915781 ], [ 40.3693861, 58.6919665 ], [ 40.3699291, 58.692391 ], [ 40.3701985, 58.6929428 ], [ 40.3700534, 58.6932694 ], [ 40.3677529, 58.6940512 ], [ 40.3667437, 58.6942089 ] ], [ [ 40.4300508, 58.6947678 ], [ 40.4284777, 58.6940179 ], [ 40.4282234, 58.6937106 ], [ 40.4280629, 58.6934774 ], [ 40.4281164, 58.6932495 ], [ 40.4288953, 58.6933131 ], [ 40.4302527, 58.6925233 ], [ 40.4313834, 58.6914633 ], [ 40.432026, 58.6908983 ], [ 40.4327385, 58.6905173 ], [ 40.4331818, 58.6902555 ], [ 40.4350902, 58.6898786 ], [ 40.4351742, 58.6899714 ], [ 40.435304, 58.6900907 ], [ 40.4360397, 58.6905068 ], [ 40.4362279, 58.690569 ], [ 40.4363425, 58.6909891 ], [ 40.4365639, 58.6912965 ], [ 40.4367217, 58.6913455 ], [ 40.4385212, 58.6911825 ], [ 40.4385696, 58.6913164 ], [ 40.4385187, 58.6918318 ], [ 40.4378365, 58.6927261 ], [ 40.4366607, 58.6934165 ], [ 40.4361235, 58.6938882 ], [ 40.4354722, 58.6943332 ], [ 40.4347619, 58.694789 ], [ 40.4337463, 58.6954753 ], [ 40.4334818, 58.695629 ], [ 40.433614, 58.6958397 ], [ 40.4325832, 58.6960781 ], [ 40.43226, 58.6959603 ], [ 40.4314861, 58.6959219 ], [ 40.4312165, 58.6958927 ], [ 40.4310713, 58.6956899 ], [ 40.430688, 58.695475 ], [ 40.4302518, 58.6949003 ], [ 40.4300508, 58.6947678 ] ], [ [ 40.4055639, 58.6895178 ], [ 40.4067127, 58.6889852 ], [ 40.4070481, 58.6887436 ], [ 40.4084117, 58.68822 ], [ 40.4090654, 58.6886913 ], [ 40.4094286, 58.6882346 ], [ 40.4091882, 58.6879814 ], [ 40.4095405, 58.6878359 ], [ 40.4099986, 58.6877836 ], [ 40.4105406, 58.6878708 ], [ 40.4127426, 58.6876469 ], [ 40.4129, 58.6877531 ], [ 40.412825, 58.6878731 ], [ 40.4127019, 58.6881073 ], [ 40.4128036, 58.6885673 ], [ 40.4126001, 58.6893785 ], [ 40.4123591, 58.6900671 ], [ 40.4117969, 58.6904741 ], [ 40.4112989, 58.6912713 ], [ 40.4109561, 58.6913745 ], [ 40.4102923, 58.6914666 ], [ 40.4099656, 58.6914944 ], [ 40.409596, 58.6915 ], [ 40.408283, 58.6911904 ], [ 40.4085355, 58.6907153 ], [ 40.408132, 58.6904631 ], [ 40.4073524, 58.6902316 ], [ 40.4071168, 58.6902566 ], [ 40.4064636, 58.6900391 ], [ 40.4061958, 58.6901173 ], [ 40.4059227, 58.6900001 ], [ 40.406019, 58.689819 ], [ 40.4058744, 58.6896935 ], [ 40.4055639, 58.6895178 ] ], [ [ 40.3844174, 58.6783236 ], [ 40.3847794, 58.678341 ], [ 40.3846913, 58.6815073 ], [ 40.3848258, 58.6823644 ], [ 40.3846744, 58.6827416 ], [ 40.3845123, 58.6831701 ], [ 40.3842155, 58.6834622 ], [ 40.3840729, 58.6836896 ], [ 40.3840907, 58.6837499 ], [ 40.3837878, 58.6838257 ], [ 40.3841753, 58.684339 ], [ 40.3841281, 58.6848909 ], [ 40.3839809, 58.6851942 ], [ 40.3838514, 58.6853903 ], [ 40.383663, 58.6855129 ], [ 40.3824684, 58.6854179 ], [ 40.3820447, 58.6854087 ], [ 40.3815266, 58.6853138 ], [ 40.3810047, 58.6853699 ], [ 40.3801916, 58.6851099 ], [ 40.3798206, 58.6850554 ], [ 40.3791215, 58.6849218 ], [ 40.3778232, 58.6843126 ], [ 40.3778696, 58.6841813 ], [ 40.3776795, 58.6840184 ], [ 40.3776069, 58.6836634 ], [ 40.3779366, 58.6835616 ], [ 40.378104, 58.6834137 ], [ 40.3782085, 58.6832726 ], [ 40.3781515, 58.6829779 ], [ 40.3782182, 58.6824208 ], [ 40.3776951, 58.6818091 ], [ 40.3778375, 58.6814897 ], [ 40.3776473, 58.680915 ], [ 40.3779043, 58.6805584 ], [ 40.3782704, 58.6803604 ], [ 40.3786549, 58.6799171 ], [ 40.3788786, 58.6796026 ], [ 40.3788975, 58.6794119 ], [ 40.3793113, 58.6789041 ], [ 40.379599, 58.6786676 ], [ 40.379977, 58.6786281 ], [ 40.3800799, 58.6782999 ], [ 40.3813291, 58.6780389 ], [ 40.3831469, 58.6780896 ], [ 40.3844174, 58.6783236 ] ] ] ] } },
{ "type": "Feature", "properties": { "NAME": "Урочище \"Ключи\"", "NAME_EN": null, "NAME_RU": null, "LEISURE": "nature_reserve", "BOUNDARY": "protected_area", "OSM_TYPE": "relation", "OSM_ID": 10349883 }, "geometry": { "type": "MultiPolygon", "coordinates": [ [ [ [ 36.0609492, 59.4170917 ], [ 36.0660261, 59.417179 ], [ 36.068377, 59.4171574 ], [ 36.0683275, 59.4170295 ], [ 36.0685117, 59.4169658 ], [ 36.0688916, 59.4170054 ], [ 36.0693229, 59.4169747 ], [ 36.0696814, 59.4168452 ], [ 36.0699876, 59.4167013 ], [ 36.0703014, 59.4167581 ], [ 36.070557, 59.4170254 ], [ 36.0707014, 59.4171674 ], [ 36.071641, 59.4171569 ], [ 36.0753158, 59.4161301 ], [ 36.0848574, 59.4181982 ], [ 36.084543, 59.4188708 ], [ 36.0853239, 59.4192238 ], [ 36.0855327, 59.4191522 ], [ 36.0857556, 59.4191212 ], [ 36.0859559, 59.4191481 ], [ 36.0863225, 59.4191923 ], [ 36.0865091, 59.4191739 ], [ 36.0866471, 59.4191052 ], [ 36.0869561, 59.4189953 ], [ 36.0872251, 59.418943 ], [ 36.0874631, 59.4189438 ], [ 36.0879093, 59.4189807 ], [ 36.0882446, 59.4190779 ], [ 36.0885427, 59.4191969 ], [ 36.0887307, 59.4193673 ], [ 36.089098, 59.4195012 ], [ 36.089631, 59.4196568 ], [ 36.0902903, 59.4197793 ], [ 36.0910799, 59.4199227 ], [ 36.0914057, 59.4200287 ], [ 36.0914974, 59.4200892 ], [ 36.0915161, 59.4201794 ], [ 36.0914836, 59.4202506 ], [ 36.0912896, 59.4203539 ], [ 36.0907992, 59.4207293 ], [ 36.0905911, 59.420792 ], [ 36.0903594, 59.4208228 ], [ 36.0899587, 59.4207689 ], [ 36.0897973, 59.420698 ], [ 36.0897529, 59.4205982 ], [ 36.089882, 59.4204303 ], [ 36.08989, 59.4203362 ], [ 36.0898517, 59.4202681 ], [ 36.0897122, 59.4202515 ], [ 36.0892011, 59.4204556 ], [ 36.0890252, 59.4204516 ], [ 36.0888483, 59.4203579 ], [ 36.0889187, 59.4202563 ], [ 36.0893154, 59.4199462 ], [ 36.0893476, 59.4198796 ], [ 36.0892819, 59.4198243 ], [ 36.089156, 59.4197495 ], [ 36.0890081, 59.4197283 ], [ 36.0886998, 59.4197259 ], [ 36.0884132, 59.419679 ], [ 36.0878963, 59.4194384 ], [ 36.0876136, 59.4193424 ], [ 36.0873521, 59.4193095 ], [ 36.0871398, 59.4193183 ], [ 36.086949, 59.4193858 ], [ 36.0866304, 59.4196078 ], [ 36.0862361, 59.420093 ], [ 36.086223, 59.4202453 ], [ 36.0862841, 59.4203546 ], [ 36.0864095, 59.4204338 ], [ 36.0866033, 59.4205368 ], [ 36.0870166, 59.4206494 ], [ 36.08744, 59.4207486 ], [ 36.0876637, 59.420812 ], [ 36.0877693, 59.4209177 ], [ 36.0877657, 59.420958 ], [ 36.0876925, 59.4209878 ], [ 36.0876309, 59.4209865 ], [ 36.0875174, 59.4209749 ], [ 36.0873009, 59.4209296 ], [ 36.0871625, 59.4208996 ], [ 36.087057, 59.4208973 ], [ 36.0869859, 59.4209046 ], [ 36.086901, 59.4209702 ], [ 36.0868015, 59.4211026 ], [ 36.0867305, 59.4213121 ], [ 36.0867856, 59.421493 ], [ 36.0868584, 59.4216698 ], [ 36.0870204, 59.4218351 ], [ 36.0872248, 59.4220193 ], [ 36.0877733, 59.4224825 ], [ 36.0880037, 59.4228142 ], [ 36.0878392, 59.4236192 ], [ 36.0879931, 59.4240666 ], [ 36.0887802, 59.4246905 ], [ 36.0893461, 59.4252333 ], [ 36.089455, 59.4254623 ], [ 36.0891265, 59.4257095 ], [ 36.0921619, 59.4258271 ], [ 36.0994156, 59.4262629 ], [ 36.1047758, 59.4249254 ], [ 36.105984, 59.4241737 ], [ 36.1054432, 59.4238837 ], [ 36.1054131, 59.4234432 ], [ 36.1048417, 59.4231346 ], [ 36.104465, 59.4231657 ], [ 36.1039873, 59.4229167 ], [ 36.1041685, 59.4227633 ], [ 36.1037834, 59.4225559 ], [ 36.1051643, 59.4208119 ], [ 36.1055729, 59.4203492 ], [ 36.106616, 59.4176709 ], [ 36.1092821, 59.4127076 ], [ 36.1082885, 59.4089476 ], [ 36.1063433, 59.406753 ], [ 36.1067819, 59.4050673 ], [ 36.1068758, 59.4021958 ], [ 36.1088915, 59.4009434 ], [ 36.1111558, 59.3996986 ], [ 36.1131634, 59.3992015 ], [ 36.1044291, 59.400226 ], [ 36.1015405, 59.3993127 ], [ 36.0985119, 59.3980019 ], [ 36.0980038, 59.3983759 ], [ 36.0972464, 59.3987537 ], [ 36.096235, 59.399642 ], [ 36.0954344, 59.4001116 ], [ 36.094344, 59.4003686 ], [ 36.0934648, 59.4007591 ], [ 36.0911722, 59.4017718 ], [ 36.0887128, 59.4026288 ], [ 36.0865731, 59.4031814 ], [ 36.0866405, 59.4035974 ], [ 36.087519, 59.4073438 ], [ 36.0871596, 59.411309 ], [ 36.0844621, 59.4109487 ], [ 36.0816176, 59.4108031 ], [ 36.0768746, 59.4108525 ], [ 36.0723506, 59.4112637 ], [ 36.0722377, 59.4115914 ], [ 36.0715817, 59.411554 ], [ 36.071058, 59.4116028 ], [ 36.0705894, 59.4118183 ], [ 36.0702278, 59.4121871 ], [ 36.0700489, 59.4124816 ], [ 36.0700662, 59.4127621 ], [ 36.0705062, 59.4132411 ], [ 36.0710866, 59.4134659 ], [ 36.071795, 59.4134965 ], [ 36.0723441, 59.4133941 ], [ 36.0727713, 59.4130451 ], [ 36.0728739, 59.4128911 ], [ 36.0727145, 59.4127581 ], [ 36.0724401, 59.4128194 ], [ 36.0719084, 59.4131955 ], [ 36.0714365, 59.413204 ], [ 36.0708442, 59.4130461 ], [ 36.0706171, 59.4127799 ], [ 36.0705843, 59.4123526 ], [ 36.0708939, 59.4120175 ], [ 36.071638, 59.4118141 ], [ 36.0722797, 59.4117715 ], [ 36.0732422, 59.4121216 ], [ 36.073452, 59.4121274 ], [ 36.0737243, 59.4119327 ], [ 36.0739461, 59.4118584 ], [ 36.0746015, 59.4118558 ], [ 36.0756076, 59.4116314 ], [ 36.0770473, 59.4114852 ], [ 36.0777147, 59.4114158 ], [ 36.0778989, 59.4112683 ], [ 36.078445, 59.4112576 ], [ 36.0789706, 59.4109856 ], [ 36.0796324, 59.4109661 ], [ 36.0811749, 59.4111622 ], [ 36.0823148, 59.4110058 ], [ 36.0834569, 59.4110012 ], [ 36.0844772, 59.4112146 ], [ 36.0840989, 59.4112437 ], [ 36.0835621, 59.4116219 ], [ 36.0813582, 59.412923 ], [ 36.0803359, 59.4132965 ], [ 36.0785905, 59.4138052 ], [ 36.0774493, 59.4142427 ], [ 36.0761695, 59.4145541 ], [ 36.0747216, 59.4145947 ], [ 36.0726264, 59.4147283 ], [ 36.0708484, 59.4150185 ], [ 36.0699426, 59.4152383 ], [ 36.0690229, 59.4153469 ], [ 36.0685622, 59.4153487 ], [ 36.0683061, 59.4152448 ], [ 36.0678304, 59.4148167 ], [ 36.0675514, 59.4143877 ], [ 36.0672277, 59.413709 ], [ 36.0668257, 59.4137433 ], [ 36.0663096, 59.4139023 ], [ 36.0657605, 59.4140383 ], [ 36.0653071, 59.414082 ], [ 36.0648536, 59.4140314 ], [ 36.0646181, 59.4140035 ], [ 36.0641512, 59.414002 ], [ 36.0634696, 59.4141394 ], [ 36.0629725, 59.4142853 ], [ 36.0628193, 59.4144256 ], [ 36.0627743, 59.4145369 ], [ 36.0629699, 59.4152284 ], [ 36.0629352, 59.4154253 ], [ 36.0628112, 59.4155347 ], [ 36.0625571, 59.4156188 ], [ 36.0619262, 59.4156809 ], [ 36.0609086, 59.41573 ], [ 36.0601363, 59.4156946 ], [ 36.0593043, 59.4159407 ], [ 36.0609492, 59.4170917 ] ] ], [ [ [ 36.0865448, 59.4030076 ], [ 36.0885511, 59.4024894 ], [ 36.0909784, 59.4016436 ], [ 36.0932571, 59.4006371 ], [ 36.09417, 59.4002315 ], [ 36.0952398, 59.3999795 ], [ 36.0959761, 59.3995475 ], [ 36.096994, 59.3986536 ], [ 36.0977606, 59.3982712 ], [ 36.0978794, 59.3981837 ], [ 36.0925375, 59.4000552 ], [ 36.0864317, 59.4023107 ], [ 36.0865448, 59.4030076 ] ] ] ] } },
{ "type": "Feature", "properties": { "NAME": "Сосновый бор \"Шишкина нива\"", "NAME_EN": null, "NAME_RU": null, "LEISURE": "nature_reserve", "BOUNDARY": "protected_area", "OSM_TYPE": "relation", "OSM_ID": 10349884 }, "geometry": { "type": "MultiPolygon", "coordinates": [ [ [ [ 36.4641624, 58.8486124 ], [ 36.4650746, 58.8485056 ], [ 36.4683988, 58.848261 ], [ 36.4703012, 58.8480463 ], [ 36.4712581, 58.8480829 ], [ 36.4737135, 58.8485784 ], [ 36.4762974, 58.8489552 ], [ 36.4777065, 58.8489548 ], [ 36.4803427, 58.8488514 ], [ 36.4818567, 58.8489175 ], [ 36.4834795, 58.8491528 ], [ 36.4861385, 58.8495752 ], [ 36.4884157, 58.850069 ], [ 36.4909774, 58.85056 ], [ 36.4923528, 58.8508662 ], [ 36.4947404, 58.8511027 ], [ 36.4975885, 58.8516803 ], [ 36.4998025, 58.8520465 ], [ 36.5007832, 58.8522329 ], [ 36.5012701, 58.8521379 ], [ 36.5027167, 58.848035 ], [ 36.5020768, 58.8477904 ], [ 36.5015818, 58.847465 ], [ 36.500894, 58.8472668 ], [ 36.4981739, 58.8462575 ], [ 36.4945986, 58.8452674 ], [ 36.4937316, 58.8449106 ], [ 36.4921975, 58.8445518 ], [ 36.4906667, 58.8442496 ], [ 36.4892337, 58.8440768 ], [ 36.4874083, 58.8437286 ], [ 36.4866428, 58.8434246 ], [ 36.4857651, 58.8433394 ], [ 36.4832524, 58.8426653 ], [ 36.4812581, 58.8421438 ], [ 36.4739937, 58.8404338 ], [ 36.4723456, 58.8401413 ], [ 36.4699715, 58.8398847 ], [ 36.4692403, 58.8398651 ], [ 36.4679559, 58.8400893 ], [ 36.4664327, 58.840492 ], [ 36.4642224, 58.8412702 ], [ 36.4667723, 58.8430392 ], [ 36.4640781, 58.8430585 ], [ 36.4621712, 58.8456794 ], [ 36.4639239, 58.8483908 ], [ 36.4641624, 58.8486124 ] ] ], [ [ [ 36.4647206, 58.8501054 ], [ 36.4663455, 58.849783 ], [ 36.4685126, 58.8496013 ], [ 36.4784047, 58.850491 ], [ 36.500964, 58.8528363 ], [ 36.5005317, 58.8523799 ], [ 36.481167, 58.8493558 ], [ 36.4657341, 58.8489687 ], [ 36.4645194, 58.849352 ], [ 36.4647206, 58.8501054 ] ] ] ] } },
{ "type": "Feature", "properties": { "NAME": "Царев бор", "NAME_EN": null, "NAME_RU": null, "LEISURE": "nature_reserve", "BOUNDARY": "protected_area", "OSM_TYPE": "relation", "OSM_ID": 10349885 }, "geometry": { "type": "MultiPolygon", "coordinates": [ [ [ [ 39.9933612, 60.4504598 ], [ 39.9953087, 60.4494826 ], [ 40.0029625, 60.4479014 ], [ 40.0082516, 60.4468258 ], [ 40.0095327, 60.4467228 ], [ 40.0099017, 60.4465557 ], [ 40.0101548, 60.4463247 ], [ 40.0102403, 60.446142 ], [ 40.0101577, 60.4458495 ], [ 40.0100405, 60.4457186 ], [ 40.0099257, 60.4453255 ], [ 40.0101379, 60.4450667 ], [ 40.0107996, 60.4445909 ], [ 40.0112161, 60.4442005 ], [ 40.011593, 60.4437993 ], [ 40.0116782, 60.4434619 ], [ 40.0114558, 60.4429432 ], [ 40.0116489, 60.4426286 ], [ 40.0121392, 60.4422908 ], [ 40.0123221, 60.4421186 ], [ 40.0123907, 60.4417437 ], [ 40.0126012, 60.4413654 ], [ 40.0129438, 60.4410612 ], [ 40.0128398, 60.4408523 ], [ 40.0129226, 60.4406021 ], [ 40.0116942, 60.4402137 ], [ 40.011132, 60.4401128 ], [ 40.0108151, 60.4401037 ], [ 40.0105773, 60.4401965 ], [ 40.0103545, 60.4403831 ], [ 40.0094286, 60.4402197 ], [ 40.008725, 60.440185 ], [ 40.0086631, 60.4403622 ], [ 40.0084633, 60.4408595 ], [ 40.0079543, 60.44141 ], [ 40.0076559, 60.4418834 ], [ 40.0072215, 60.4423328 ], [ 40.0067224, 60.4425208 ], [ 40.0062078, 60.4425148 ], [ 40.0055062, 60.4427242 ], [ 40.0053032, 60.4427871 ], [ 40.0049982, 60.4427907 ], [ 40.0048399, 60.4427602 ], [ 40.0048065, 60.4426452 ], [ 40.0045965, 60.4425877 ], [ 40.0039876, 60.4425711 ], [ 40.0038173, 60.4425539 ], [ 40.0034917, 60.4424395 ], [ 40.0030912, 60.4424637 ], [ 40.0025652, 60.4425682 ], [ 40.001608, 60.4426211 ], [ 40.0005734, 60.4427601 ], [ 40.0000991, 60.4428513 ], [ 39.9993782, 60.4431833 ], [ 39.9988069, 60.4434583 ], [ 39.9983296, 60.4437496 ], [ 39.99802, 60.4441975 ], [ 39.9973088, 60.444237 ], [ 39.9969825, 60.4441399 ], [ 39.9963784, 60.4440783 ], [ 39.9955901, 60.4440768 ], [ 39.9947489, 60.4439893 ], [ 39.994449, 60.443848 ], [ 39.9942766, 60.4431027 ], [ 39.9978298, 60.442008 ], [ 39.9982562, 60.4418864 ], [ 39.9985432, 60.4419097 ], [ 39.9988706, 60.4420384 ], [ 39.999168, 60.4419896 ], [ 39.9997779, 60.4418515 ], [ 40.0003709, 60.4417794 ], [ 40.0005175, 60.4417554 ], [ 40.0004699, 60.4416651 ], [ 40.0003907, 60.4414691 ], [ 40.0000489, 60.441116 ], [ 39.9999106, 60.4407473 ], [ 39.9999319, 60.4405191 ], [ 40.0006608, 60.4402577 ], [ 40.001322, 60.4401628 ], [ 40.0018446, 60.4400088 ], [ 40.0020404, 60.4399084 ], [ 40.0021314, 60.4397453 ], [ 40.0021002, 60.4396871 ], [ 40.0018776, 60.4397162 ], [ 40.0008895, 60.4398043 ], [ 40.0004398, 60.4399539 ], [ 39.9993719, 60.4400395 ], [ 39.9983492, 60.4403286 ], [ 39.9980584, 60.4405259 ], [ 39.9982853, 60.4409565 ], [ 39.9983892, 60.4410327 ], [ 39.9984667, 60.4411262 ], [ 39.9984667, 60.4412669 ], [ 39.9982408, 60.4414735 ], [ 39.9975838, 60.4416925 ], [ 39.9962754, 60.4418174 ], [ 39.9954155, 60.4417963 ], [ 39.9933738, 60.4420177 ], [ 39.9931045, 60.4421981 ], [ 39.9925823, 60.4423383 ], [ 39.9918738, 60.4424635 ], [ 39.9918831, 60.4425268 ], [ 39.9920146, 60.442657 ], [ 39.9919859, 60.4428075 ], [ 39.9919632, 60.4429184 ], [ 39.9923812, 60.4430472 ], [ 39.9930977, 60.4434487 ], [ 39.9934916, 60.443728 ], [ 39.9936429, 60.4438782 ], [ 39.9936347, 60.444048 ], [ 39.9931444, 60.4446243 ], [ 39.9925855, 60.4449431 ], [ 39.9924186, 60.4450986 ], [ 39.992339, 60.4452687 ], [ 39.9924749, 60.4454142 ], [ 39.9926807, 60.445479 ], [ 39.9929919, 60.4454121 ], [ 39.993316, 60.4453018 ], [ 39.9935633, 60.4453047 ], [ 39.9938063, 60.4453999 ], [ 39.9939748, 60.4455771 ], [ 39.9939187, 60.4457996 ], [ 39.9934812, 60.4460455 ], [ 39.9931053, 60.4462269 ], [ 39.9930825, 60.4463283 ], [ 39.9933123, 60.4465787 ], [ 39.993343, 60.4468753 ], [ 39.9932469, 60.447197 ], [ 39.9927731, 60.4471877 ], [ 39.9921956, 60.4472387 ], [ 39.9915457, 60.4473785 ], [ 39.9919512, 60.4474558 ], [ 39.9924631, 60.4477967 ], [ 39.9933964, 60.4480142 ], [ 39.9939056, 60.4482574 ], [ 39.9941141, 60.4487682 ], [ 39.9931142, 60.4493859 ], [ 39.9929106, 60.4497476 ], [ 39.9929385, 60.4500426 ], [ 39.9933612, 60.4504598 ] ] ], [ [ [ 39.9984031, 60.4491061 ], [ 39.9988103, 60.4494033 ], [ 39.9999033, 60.4495974 ], [ 40.0011258, 60.4497718 ], [ 40.0019273, 60.4498579 ], [ 40.0026713, 60.4498781 ], [ 40.0031763, 60.4498143 ], [ 40.0038721, 60.449532 ], [ 40.0041869, 60.449354 ], [ 40.0047828, 60.4490657 ], [ 40.0052007, 60.4490473 ], [ 40.0058443, 60.449078 ], [ 40.0061446, 60.4492136 ], [ 40.0061074, 60.4495045 ], [ 40.005971, 60.4497242 ], [ 40.0061405, 60.4499212 ], [ 40.0067283, 60.4502133 ], [ 40.0072248, 60.4504262 ], [ 40.0074853, 60.450777 ], [ 40.007654, 60.4508444 ], [ 40.0079123, 60.4508324 ], [ 40.0081313, 60.4505281 ], [ 40.0082966, 60.4502381 ], [ 40.0078233, 60.4496346 ], [ 40.0075481, 60.4490313 ], [ 40.0075971, 60.4485492 ], [ 40.0077281, 60.4480484 ], [ 40.0081831, 60.4475695 ], [ 40.0086566, 60.4471317 ], [ 40.0087448, 60.4470316 ], [ 40.008386, 60.4470604 ], [ 40.0031505, 60.4481252 ], [ 39.9984031, 60.4491061 ] ] ] ] } },
{ "type": "Feature", "properties": { "NAME": "Исакова гора", "NAME_EN": null, "NAME_RU": null, "LEISURE": "nature_reserve", "BOUNDARY": "protected_area", "OSM_TYPE": "relation", "OSM_ID": 10349886 }, "geometry": { "type": "MultiPolygon", "coordinates": [ [ [ [ 44.6071139, 59.8349556 ], [ 44.6067833, 59.8345306 ], [ 44.6065416, 59.8343834 ], [ 44.6059555, 59.8341028 ], [ 44.6045778, 59.8336278 ], [ 44.6035333, 59.8333417 ], [ 44.6032723, 59.8332695 ], [ 44.6031084, 59.83325 ], [ 44.6029249, 59.8332639 ], [ 44.6027695, 59.8332972 ], [ 44.6026945, 59.8333722 ], [ 44.6027417, 59.8336278 ], [ 44.6024833, 59.8342945 ], [ 44.6023056, 59.8345861 ], [ 44.6021112, 59.8347083 ], [ 44.6019667, 59.8347584 ], [ 44.6016917, 59.8347861 ], [ 44.6012277, 59.8347945 ], [ 44.5994722, 59.8348472 ], [ 44.5993029, 59.8348667 ], [ 44.5991945, 59.834925 ], [ 44.5992084, 59.835 ], [ 44.5993361, 59.8350667 ], [ 44.6018889, 59.8357639 ], [ 44.6027472, 59.8359222 ], [ 44.6033529, 59.8360583 ], [ 44.6036418, 59.8361666 ], [ 44.6038861, 59.8362694 ], [ 44.6041223, 59.8364444 ], [ 44.6043612, 59.8366417 ], [ 44.6044361, 59.8367694 ], [ 44.6044918, 59.8369722 ], [ 44.6015167, 59.837025 ], [ 44.6007861, 59.8370611 ], [ 44.5995639, 59.8372389 ], [ 44.5992167, 59.8373028 ], [ 44.5988194, 59.83745 ], [ 44.5984611, 59.8376333 ], [ 44.5981444, 59.8379306 ], [ 44.597664, 59.8385555 ], [ 44.5960723, 59.8410389 ], [ 44.5956251, 59.8417889 ], [ 44.595425, 59.842075 ], [ 44.5952362, 59.8422501 ], [ 44.5948416, 59.8425278 ], [ 44.5944278, 59.8428833 ], [ 44.5943527, 59.8430361 ], [ 44.5943667, 59.8431251 ], [ 44.5944194, 59.8431862 ], [ 44.5945306, 59.8432306 ], [ 44.5946473, 59.8432444 ], [ 44.5948611, 59.8432361 ], [ 44.5952918, 59.8431334 ], [ 44.5961083, 59.8429973 ], [ 44.5971307, 59.8427028 ], [ 44.5980334, 59.8424528 ], [ 44.5984807, 59.8424278 ], [ 44.5987528, 59.842425 ], [ 44.5994972, 59.8424861 ], [ 44.5989667, 59.8425389 ], [ 44.5989389, 59.8425945 ], [ 44.598786, 59.8426889 ], [ 44.5986001, 59.8427334 ], [ 44.5982472, 59.8427917 ], [ 44.5969278, 59.8430445 ], [ 44.5951417, 59.8434889 ], [ 44.594839, 59.8436056 ], [ 44.5934528, 59.8442473 ], [ 44.5928499, 59.8445584 ], [ 44.592825, 59.8446 ], [ 44.5928251, 59.8446333 ], [ 44.5928722, 59.8446584 ], [ 44.592925, 59.8446695 ], [ 44.5930805, 59.8446722 ], [ 44.5934055, 59.8446639 ], [ 44.5936473, 59.8446972 ], [ 44.5942388, 59.8448667 ], [ 44.5944668, 59.8449806 ], [ 44.5944861, 59.8450528 ], [ 44.5944555, 59.845125 ], [ 44.5942889, 59.8452361 ], [ 44.5939306, 59.8454083 ], [ 44.5938388, 59.8455055 ], [ 44.5938001, 59.8455889 ], [ 44.5938972, 59.8458084 ], [ 44.5939834, 59.84585 ], [ 44.5941834, 59.8458751 ], [ 44.5943611, 59.8458528 ], [ 44.5949139, 59.8457556 ], [ 44.5952861, 59.84565 ], [ 44.59545, 59.8456528 ], [ 44.5959611, 59.8457139 ], [ 44.5962278, 59.8457361 ], [ 44.5964806, 59.845725 ], [ 44.596764, 59.8456694 ], [ 44.5969472, 59.8455889 ], [ 44.5972416, 59.8452333 ], [ 44.5973139, 59.84515 ], [ 44.5974333, 59.8450806 ], [ 44.5985362, 59.8445639 ], [ 44.5989056, 59.8443084 ], [ 44.5999917, 59.8433167 ], [ 44.600164, 59.8432028 ], [ 44.6003139, 59.8431778 ], [ 44.6005166, 59.8432194 ], [ 44.6005667, 59.8432861 ], [ 44.6005472, 59.8433584 ], [ 44.6004612, 59.843475 ], [ 44.5995749, 59.8442417 ], [ 44.5986083, 59.8448667 ], [ 44.5974223, 59.8455972 ], [ 44.6025278, 59.8453417 ], [ 44.6257084, 59.8441222 ], [ 44.632864, 59.8418056 ], [ 44.633039, 59.8417555 ], [ 44.6332194, 59.8417361 ], [ 44.6334388, 59.8417444 ], [ 44.6369112, 59.8422306 ], [ 44.6372028, 59.84225 ], [ 44.6373833, 59.8422333 ], [ 44.6374833, 59.8421917 ], [ 44.6375556, 59.8420944 ], [ 44.6375444, 59.8420444 ], [ 44.6374973, 59.8419611 ], [ 44.6372445, 59.8416667 ], [ 44.6370222, 59.8412861 ], [ 44.6369833, 59.8411611 ], [ 44.6368695, 59.8407972 ], [ 44.6367917, 59.8407139 ], [ 44.6366972, 59.8406611 ], [ 44.6365222, 59.8405972 ], [ 44.6341361, 59.8401194 ], [ 44.6338473, 59.8400306 ], [ 44.6337612, 59.8399861 ], [ 44.6336557, 59.8398612 ], [ 44.6336529, 59.8397473 ], [ 44.6337001, 59.8395861 ], [ 44.6337944, 59.8395139 ], [ 44.6339473, 59.8394583 ], [ 44.6361695, 59.8388389 ], [ 44.6363194, 59.8387084 ], [ 44.6363694, 59.8385472 ], [ 44.6362722, 59.8384056 ], [ 44.6359222, 59.8382222 ], [ 44.6348445, 59.838175 ], [ 44.6345584, 59.8382 ], [ 44.6342611, 59.8382945 ], [ 44.6322389, 59.8388723 ], [ 44.6304722, 59.8392416 ], [ 44.62935, 59.8393889 ], [ 44.6264945, 59.8393861 ], [ 44.6249388, 59.8393305 ], [ 44.6221861, 59.8390973 ], [ 44.6204389, 59.8390556 ], [ 44.6186583, 59.8389639 ], [ 44.6179889, 59.8387694 ], [ 44.6170834, 59.8385306 ], [ 44.6162111, 59.8383556 ], [ 44.6147251, 59.8381417 ], [ 44.6082916, 59.8373389 ], [ 44.6081944, 59.8373139 ], [ 44.608125, 59.837275 ], [ 44.6080889, 59.8372306 ], [ 44.6080499, 59.8371 ], [ 44.6080723, 59.8369139 ], [ 44.6080416, 59.8365389 ], [ 44.6078751, 59.8361222 ], [ 44.6071139, 59.8349556 ] ] ], [ [ [ 44.633864, 59.8253445 ], [ 44.6322222, 59.8255334 ], [ 44.6299389, 59.8257972 ], [ 44.6288806, 59.8259805 ], [ 44.626175, 59.8265584 ], [ 44.6241667, 59.8271417 ], [ 44.6222056, 59.8279528 ], [ 44.6190112, 59.8292583 ], [ 44.6188777, 59.8292972 ], [ 44.6185862, 59.8293583 ], [ 44.6184445, 59.8293806 ], [ 44.6180667, 59.8294139 ], [ 44.6170167, 59.8294528 ], [ 44.6153223, 59.829525 ], [ 44.6150861, 59.8295556 ], [ 44.6149555, 59.8295778 ], [ 44.614136, 59.829775 ], [ 44.6134223, 59.8298556 ], [ 44.6128611, 59.8299167 ], [ 44.6122722, 59.8300778 ], [ 44.6121167, 59.8301944 ], [ 44.6121195, 59.8302611 ], [ 44.6125389, 59.8306556 ], [ 44.6125667, 59.8307583 ], [ 44.6124834, 59.8308917 ], [ 44.6122612, 59.8309722 ], [ 44.6119695, 59.8309834 ], [ 44.6117417, 59.8309472 ], [ 44.6116055, 59.8308611 ], [ 44.6114917, 59.830725 ], [ 44.6113694, 59.83065 ], [ 44.6111028, 59.8306111 ], [ 44.6108807, 59.8306306 ], [ 44.6105777, 59.8307333 ], [ 44.6099529, 59.8309778 ], [ 44.6095666, 59.8310611 ], [ 44.609114, 59.8310917 ], [ 44.6086889, 59.8310778 ], [ 44.6083751, 59.831075 ], [ 44.608025, 59.8311417 ], [ 44.6077222, 59.8312111 ], [ 44.6071056, 59.8314389 ], [ 44.6057417, 59.8318444 ], [ 44.6053639, 59.8319361 ], [ 44.6052056, 59.8319945 ], [ 44.6046417, 59.8322473 ], [ 44.6043638, 59.8324417 ], [ 44.6043222, 59.8324889 ], [ 44.604311, 59.8325389 ], [ 44.6043222, 59.8325972 ], [ 44.6043972, 59.8326833 ], [ 44.6044945, 59.8327306 ], [ 44.6046779, 59.8327723 ], [ 44.6050695, 59.8328056 ], [ 44.6053222, 59.8328056 ], [ 44.6058556, 59.8327584 ], [ 44.6072972, 59.832625 ], [ 44.6075805, 59.8326333 ], [ 44.6077611, 59.8326917 ], [ 44.6078001, 59.8327611 ], [ 44.6077861, 59.8328195 ], [ 44.6077028, 59.8328806 ], [ 44.6072638, 59.8330361 ], [ 44.6066917, 59.8332917 ], [ 44.6065972, 59.8333806 ], [ 44.6065972, 59.8334972 ], [ 44.6067111, 59.8337056 ], [ 44.6069111, 59.8340528 ], [ 44.6075167, 59.835 ], [ 44.608, 59.8357778 ], [ 44.6084223, 59.8364945 ], [ 44.6085389, 59.8366528 ], [ 44.6086389, 59.8367556 ], [ 44.6088222, 59.8368278 ], [ 44.6098278, 59.8371167 ], [ 44.6111251, 59.8374444 ], [ 44.6114777, 59.8374833 ], [ 44.6117056, 59.8374889 ], [ 44.6127917, 59.8374722 ], [ 44.6133056, 59.8374639 ], [ 44.6172695, 59.8382251 ], [ 44.6173333, 59.8382306 ], [ 44.6174473, 59.8382195 ], [ 44.6175306, 59.8381389 ], [ 44.6175223, 59.8381028 ], [ 44.6174249, 59.838025 ], [ 44.6169473, 59.8378222 ], [ 44.6166472, 59.8376028 ], [ 44.6166084, 59.8375417 ], [ 44.6165944, 59.8374139 ], [ 44.6166305, 59.8373639 ], [ 44.6168139, 59.8372167 ], [ 44.6172778, 59.8370472 ], [ 44.6173833, 59.8370278 ], [ 44.6176972, 59.8370334 ], [ 44.6178083, 59.8370472 ], [ 44.6180611, 59.8371389 ], [ 44.6183167, 59.8372556 ], [ 44.6183888, 59.8373194 ], [ 44.6184445, 59.8374944 ], [ 44.6183806, 59.8378305 ], [ 44.6182028, 59.8382806 ], [ 44.6182223, 59.8383833 ], [ 44.6182556, 59.8384333 ], [ 44.618364, 59.8385055 ], [ 44.6184611, 59.8385389 ], [ 44.6186, 59.8385611 ], [ 44.6195084, 59.8386667 ], [ 44.6211639, 59.8387223 ], [ 44.6226528, 59.8387695 ], [ 44.6244222, 59.8388472 ], [ 44.62505, 59.8387862 ], [ 44.6253168, 59.8387778 ], [ 44.6250583, 59.8382667 ], [ 44.6246557, 59.837425 ], [ 44.6245833, 59.8371139 ], [ 44.6245945, 59.8370389 ], [ 44.6246555, 59.8368861 ], [ 44.6248111, 59.8367445 ], [ 44.6251167, 59.836575 ], [ 44.6252555, 59.8365362 ], [ 44.6255861, 59.8364861 ], [ 44.6260666, 59.8364694 ], [ 44.6262334, 59.8364722 ], [ 44.6269222, 59.8365195 ], [ 44.6283555, 59.836475 ], [ 44.6300472, 59.8363306 ], [ 44.63025, 59.8362805 ], [ 44.6303861, 59.8361945 ], [ 44.6304583, 59.8360667 ], [ 44.6305028, 59.836025 ], [ 44.6306722, 59.8359195 ], [ 44.6316535, 59.8355639 ], [ 44.6317501, 59.8355139 ], [ 44.6318223, 59.8354417 ], [ 44.6323167, 59.8346834 ], [ 44.632389, 59.8346251 ], [ 44.6326306, 59.8344945 ], [ 44.6329362, 59.8344 ], [ 44.6333499, 59.8343417 ], [ 44.6336361, 59.8343306 ], [ 44.6337722, 59.8343361 ], [ 44.6359251, 59.8344861 ], [ 44.6361278, 59.8344722 ], [ 44.6362084, 59.8344528 ], [ 44.6373778, 59.8340611 ], [ 44.6375723, 59.8339611 ], [ 44.6376417, 59.8339056 ], [ 44.6377277, 59.8338083 ], [ 44.6378027, 59.8336944 ], [ 44.637814, 59.8336361 ], [ 44.6377861, 59.8335612 ], [ 44.6376778, 59.83345 ], [ 44.6373834, 59.8332389 ], [ 44.6373611, 59.8332 ], [ 44.6373501, 59.8331333 ], [ 44.6374028, 59.8330306 ], [ 44.6374694, 59.8329472 ], [ 44.6376388, 59.8328167 ], [ 44.6379472, 59.8326916 ], [ 44.6380584, 59.8326667 ], [ 44.6384416, 59.8326139 ], [ 44.6391056, 59.8325417 ], [ 44.6395028, 59.8324417 ], [ 44.6396501, 59.8323694 ], [ 44.6397, 59.8322917 ], [ 44.6396888, 59.8322584 ], [ 44.639639, 59.8322139 ], [ 44.6395806, 59.8322 ], [ 44.639464, 59.8321833 ], [ 44.6393722, 59.8321555 ], [ 44.6392194, 59.8320805 ], [ 44.6390612, 59.831925 ], [ 44.63905, 59.8318001 ], [ 44.6390779, 59.8317584 ], [ 44.6391583, 59.8317056 ], [ 44.6392472, 59.8316833 ], [ 44.6394111, 59.8316667 ], [ 44.6395221, 59.8316695 ], [ 44.6397611, 59.8316917 ], [ 44.6398805, 59.8317166 ], [ 44.6402944, 59.8318139 ], [ 44.6409, 59.8318194 ], [ 44.6416223, 59.8317472 ], [ 44.6415222, 59.8311528 ], [ 44.6416722, 59.8307861 ], [ 44.6420223, 59.8304723 ], [ 44.6423611, 59.8300362 ], [ 44.6424472, 59.8297083 ], [ 44.6424195, 59.8293723 ], [ 44.6422528, 59.8290445 ], [ 44.6414805, 59.8282361 ], [ 44.6412611, 59.8279056 ], [ 44.6412334, 59.8278195 ], [ 44.641211, 59.8276028 ], [ 44.6413444, 59.8273639 ], [ 44.6421778, 59.8261 ], [ 44.6422083, 59.8259806 ], [ 44.642175, 59.82585 ], [ 44.6421083, 59.8257611 ], [ 44.6420222, 59.8257111 ], [ 44.6418723, 59.8256611 ], [ 44.64155, 59.8256139 ], [ 44.6409307, 59.8255277 ], [ 44.6394389, 59.8254611 ], [ 44.6375805, 59.8253889 ], [ 44.6348277, 59.8253445 ], [ 44.633864, 59.8253445 ] ] ], [ [ [ 44.5936278, 59.8371222 ], [ 44.5932194, 59.8371444 ], [ 44.5896083, 59.8377806 ], [ 44.5894555, 59.8377917 ], [ 44.5893417, 59.8377889 ], [ 44.5885556, 59.8376445 ], [ 44.5884445, 59.8376389 ], [ 44.5883083, 59.8376473 ], [ 44.588125, 59.8377167 ], [ 44.5874417, 59.838225 ], [ 44.5873723, 59.8382444 ], [ 44.5872473, 59.8382695 ], [ 44.5871528, 59.8382722 ], [ 44.5869529, 59.8382611 ], [ 44.5854584, 59.8381111 ], [ 44.5852528, 59.8381194 ], [ 44.5850417, 59.8381667 ], [ 44.5843556, 59.838325 ], [ 44.5842111, 59.8383305 ], [ 44.5840889, 59.838325 ], [ 44.5839555, 59.8382972 ], [ 44.5827584, 59.8378778 ], [ 44.5826528, 59.8378639 ], [ 44.5824834, 59.8378528 ], [ 44.5820973, 59.8378694 ], [ 44.5800806, 59.8381639 ], [ 44.5797694, 59.8381889 ], [ 44.5792501, 59.8382055 ], [ 44.5782195, 59.8382972 ], [ 44.5774528, 59.8384389 ], [ 44.5771223, 59.8384528 ], [ 44.5757167, 59.8382945 ], [ 44.5747778, 59.8382639 ], [ 44.5745029, 59.8382972 ], [ 44.5743527, 59.8383639 ], [ 44.5741777, 59.8384806 ], [ 44.5741029, 59.8386055 ], [ 44.5741083, 59.8387167 ], [ 44.5742112, 59.8388889 ], [ 44.5750834, 59.8397528 ], [ 44.5751417, 59.8400111 ], [ 44.5750833, 59.8408945 ], [ 44.5751056, 59.8410417 ], [ 44.5757667, 59.8418778 ], [ 44.5764529, 59.8423972 ], [ 44.5772888, 59.8434722 ], [ 44.5777529, 59.8438083 ], [ 44.5779194, 59.8439945 ], [ 44.5780861, 59.8443306 ], [ 44.5794388, 59.845425 ], [ 44.5802278, 59.8459973 ], [ 44.5807194, 59.8462333 ], [ 44.5812834, 59.8465112 ], [ 44.5815917, 59.8467166 ], [ 44.5821805, 59.8473084 ], [ 44.5825888, 59.8476444 ], [ 44.5827501, 59.8477639 ], [ 44.582825, 59.8478028 ], [ 44.5829362, 59.8478334 ], [ 44.5831472, 59.8478444 ], [ 44.583386, 59.8477806 ], [ 44.58345, 59.8477389 ], [ 44.5835639, 59.8475778 ], [ 44.5837945, 59.8468028 ], [ 44.5839472, 59.8466361 ], [ 44.5841555, 59.8466 ], [ 44.5844334, 59.8466083 ], [ 44.5846195, 59.8466695 ], [ 44.5847722, 59.8467611 ], [ 44.5848695, 59.8468417 ], [ 44.5849166, 59.8469111 ], [ 44.5850501, 59.8472611 ], [ 44.5851722, 59.8474028 ], [ 44.5853778, 59.8474695 ], [ 44.585664, 59.8474861 ], [ 44.5861222, 59.8474639 ], [ 44.5868806, 59.8473139 ], [ 44.5883306, 59.8468473 ], [ 44.5890111, 59.8465806 ], [ 44.5894723, 59.8463056 ], [ 44.5904194, 59.8456445 ], [ 44.5910168, 59.8451278 ], [ 44.5916306, 59.8446973 ], [ 44.5923056, 59.8442945 ], [ 44.5925611, 59.8440667 ], [ 44.5934639, 59.8430306 ], [ 44.5936418, 59.8427972 ], [ 44.5939028, 59.8425666 ], [ 44.59475, 59.8420611 ], [ 44.595161, 59.8417083 ], [ 44.5953916, 59.8411417 ], [ 44.5953944, 59.8410667 ], [ 44.5953056, 59.8409445 ], [ 44.5953166, 59.8408111 ], [ 44.5954528, 59.8406417 ], [ 44.595725, 59.8404139 ], [ 44.5957916, 59.8403112 ], [ 44.595814, 59.8402333 ], [ 44.5957834, 59.8400555 ], [ 44.5958084, 59.8393945 ], [ 44.5959, 59.8391251 ], [ 44.5960084, 59.8389528 ], [ 44.5961389, 59.8388139 ], [ 44.5962361, 59.8387584 ], [ 44.5968111, 59.8386889 ], [ 44.5968807, 59.8386722 ], [ 44.5969528, 59.8386333 ], [ 44.5981139, 59.8374139 ], [ 44.5981334, 59.8373472 ], [ 44.5981223, 59.8373167 ], [ 44.5980389, 59.8372639 ], [ 44.5979417, 59.8372528 ], [ 44.5978055, 59.837275 ], [ 44.5966806, 59.8377861 ], [ 44.5961, 59.8382333 ], [ 44.5956694, 59.8384527 ], [ 44.5953945, 59.8385139 ], [ 44.5950694, 59.8385334 ], [ 44.594736, 59.8385139 ], [ 44.5946083, 59.8384694 ], [ 44.5944695, 59.8383305 ], [ 44.5944139, 59.8381834 ], [ 44.5943751, 59.8374445 ], [ 44.5942945, 59.837325 ], [ 44.5941444, 59.8372222 ], [ 44.5939112, 59.8371389 ], [ 44.5936278, 59.8371222 ] ] ] ] } },
{ "type": "Feature", "properties": { "NAME": "Озериха", "NAME_EN": null, "NAME_RU": null, "LEISURE": null, "BOUNDARY": "protected_area", "OSM_TYPE": "relation", "OSM_ID": 10349887 }, "geometry": { "type": "MultiPolygon", "coordinates": [ [ [ [ 44.153175, 59.97105 ], [ 44.1562416, 59.9703176 ], [ 44.1444946, 59.9666605 ], [ 44.1516768, 59.9615246 ], [ 44.1547972, 59.9590916 ], [ 44.1578408, 59.9567666 ], [ 44.1535848, 59.9553686 ], [ 44.159846, 59.9502256 ], [ 44.1650961, 59.9492836 ], [ 44.1693099, 59.951318 ], [ 44.193933, 59.9448047 ], [ 44.1866451, 59.9408617 ], [ 44.1846561, 59.9362057 ], [ 44.1772804, 59.9193977 ], [ 44.1854833, 59.9172957 ], [ 44.1855514, 59.9175477 ], [ 44.1966284, 59.9145197 ], [ 44.1927195, 59.9124888 ], [ 44.1923275, 59.9122897 ], [ 44.1921015, 59.9125918 ], [ 44.1882456, 59.9128648 ], [ 44.1861756, 59.9154468 ], [ 44.1826611, 59.9163 ], [ 44.1668784, 59.9193026 ], [ 44.1636555, 59.9195387 ], [ 44.1626724, 59.9195686 ], [ 44.1613305, 59.9195387 ], [ 44.1609575, 59.9196056 ], [ 44.1607023, 59.9196076 ], [ 44.1586844, 59.9193196 ], [ 44.1579403, 59.9193561 ], [ 44.1574054, 59.9194585 ], [ 44.1566533, 59.9195777 ], [ 44.1566844, 59.9214486 ], [ 44.1462053, 59.9233066 ], [ 44.1429295, 59.9234426 ], [ 44.1337432, 59.9257226 ], [ 44.1403812, 59.9300686 ], [ 44.1381222, 59.9395335 ], [ 44.1415801, 59.9424885 ], [ 44.1414639, 59.9501366 ], [ 44.1363908, 59.9540445 ], [ 44.1397789, 59.9540525 ], [ 44.1391358, 59.9574955 ], [ 44.1369139, 59.9604435 ], [ 44.1360877, 59.9676354 ], [ 44.1340368, 59.9684485 ], [ 44.1343716, 59.9695515 ], [ 44.1317388, 59.9696729 ], [ 44.1307118, 59.9702794 ], [ 44.1287986, 59.9696564 ], [ 44.1236105, 59.9690854 ], [ 44.1187908, 59.9706235 ], [ 44.1181428, 59.9684224 ], [ 44.1157268, 59.9682254 ], [ 44.1018248, 59.9626284 ], [ 44.1059509, 59.9596984 ], [ 44.0988009, 59.9494044 ], [ 44.0748358, 59.9551183 ], [ 44.0772389, 59.9578192 ], [ 44.0753688, 59.9620212 ], [ 44.0701787, 59.9749232 ], [ 44.0492356, 59.9769601 ], [ 44.0361626, 59.9780661 ], [ 44.0376925, 59.9834481 ], [ 44.0406736, 59.9831401 ], [ 44.0424705, 59.9845143 ], [ 44.0423804, 59.9847581 ], [ 44.0395505, 59.9881042 ], [ 44.0412534, 59.9892661 ], [ 44.0452043, 59.9887425 ], [ 44.0508964, 59.9893672 ], [ 44.0502154, 59.9838362 ], [ 44.0518224, 59.9834752 ], [ 44.0561364, 59.9832523 ], [ 44.0598523, 59.9830344 ], [ 44.0603404, 59.9836402 ], [ 44.0669284, 59.9839693 ], [ 44.0705435, 59.9786012 ], [ 44.0991357, 59.9733223 ], [ 44.103926, 59.9753951 ], [ 44.1161194, 59.9715695 ], [ 44.1174223, 59.9721861 ], [ 44.1178916, 59.9721833 ], [ 44.1181833, 59.9722806 ], [ 44.1182528, 59.9724305 ], [ 44.1184167, 59.9725639 ], [ 44.1189973, 59.9727916 ], [ 44.1193194, 59.9729333 ], [ 44.1193334, 59.9730556 ], [ 44.1193555, 59.9731722 ], [ 44.1196167, 59.9733695 ], [ 44.1204862, 59.9736944 ], [ 44.1214028, 59.9739306 ], [ 44.121825, 59.9740389 ], [ 44.1221583, 59.9740722 ], [ 44.1222555, 59.9740639 ], [ 44.1223279, 59.9740333 ], [ 44.1223666, 59.9739862 ], [ 44.122375, 59.9739028 ], [ 44.1223778, 59.9736361 ], [ 44.1224721, 59.9734833 ], [ 44.1225195, 59.9734472 ], [ 44.1225889, 59.9734306 ], [ 44.1226583, 59.9734444 ], [ 44.1230083, 59.9735945 ], [ 44.1230972, 59.9736278 ], [ 44.1231723, 59.9736389 ], [ 44.1232694, 59.9736222 ], [ 44.1233194, 59.9735889 ], [ 44.1233749, 59.9733917 ], [ 44.1234501, 59.9733001 ], [ 44.1236, 59.9732556 ], [ 44.1238807, 59.97325 ], [ 44.1240612, 59.9732917 ], [ 44.1241195, 59.9734917 ], [ 44.1242916, 59.9735973 ], [ 44.1248138, 59.9737778 ], [ 44.1249084, 59.9738445 ], [ 44.1249806, 59.9740556 ], [ 44.1251223, 59.9742139 ], [ 44.1254, 59.9744861 ], [ 44.1255389, 59.9746 ], [ 44.1259334, 59.9747417 ], [ 44.1262723, 59.974725 ], [ 44.1264694, 59.9746111 ], [ 44.1264445, 59.9743916 ], [ 44.1261861, 59.9741083 ], [ 44.1261139, 59.97385 ], [ 44.1261362, 59.9737861 ], [ 44.1263084, 59.9737222 ], [ 44.1264861, 59.9736833 ], [ 44.1267779, 59.9736667 ], [ 44.12735, 59.9736695 ], [ 44.127711, 59.9736361 ], [ 44.1288916, 59.9734972 ], [ 44.1300111, 59.9731972 ], [ 44.1308528, 59.9730139 ], [ 44.13115, 59.9729778 ], [ 44.131786, 59.9729805 ], [ 44.1320027, 59.9730222 ], [ 44.1320972, 59.9730667 ], [ 44.1322834, 59.973175 ], [ 44.1324944, 59.973325 ], [ 44.1326111, 59.9740695 ], [ 44.1327057, 59.9742806 ], [ 44.132764, 59.9743278 ], [ 44.133011, 59.9743889 ], [ 44.1332027, 59.9743834 ], [ 44.1334417, 59.9742917 ], [ 44.1335195, 59.9742111 ], [ 44.1335473, 59.974125 ], [ 44.1335445, 59.9740167 ], [ 44.1334833, 59.9738556 ], [ 44.134139, 59.9737667 ], [ 44.1342305, 59.9738639 ], [ 44.1346028, 59.9739333 ], [ 44.13515, 59.9739001 ], [ 44.1357084, 59.9740944 ], [ 44.1364418, 59.9740889 ], [ 44.13665, 59.9741362 ], [ 44.136825, 59.974275 ], [ 44.137, 59.9743862 ], [ 44.1371917, 59.9744473 ], [ 44.1375528, 59.9744611 ], [ 44.13885, 59.9742833 ], [ 44.1391751, 59.9742389 ], [ 44.1394472, 59.9742556 ], [ 44.140025, 59.9743195 ], [ 44.1410833, 59.9745139 ], [ 44.1412861, 59.974525 ], [ 44.1414472, 59.9745083 ], [ 44.1416056, 59.97445 ], [ 44.1416559, 59.9744011 ], [ 44.1416566, 59.9743486 ], [ 44.1416388, 59.9742651 ], [ 44.1415334, 59.9740722 ], [ 44.1414195, 59.9739139 ], [ 44.1414112, 59.973775 ], [ 44.1415362, 59.9735972 ], [ 44.1418111, 59.9734083 ], [ 44.14186, 59.9733149 ], [ 44.1418472, 59.9731917 ], [ 44.1417841, 59.9730999 ], [ 44.1410778, 59.97235 ], [ 44.1409694, 59.9721889 ], [ 44.1409833, 59.9720945 ], [ 44.1410528, 59.97205 ], [ 44.1411972, 59.972 ], [ 44.1413694, 59.9720334 ], [ 44.1415249, 59.9721 ], [ 44.1416499, 59.9721861 ], [ 44.1420278, 59.972575 ], [ 44.1423139, 59.9728945 ], [ 44.1423556, 59.9730334 ], [ 44.1423695, 59.9732444 ], [ 44.1424334, 59.9734472 ], [ 44.1426695, 59.9736306 ], [ 44.1427278, 59.9738222 ], [ 44.1425445, 59.9740223 ], [ 44.1423944, 59.9741306 ], [ 44.1423333, 59.9742334 ], [ 44.142375, 59.9743972 ], [ 44.1424306, 59.9744444 ], [ 44.1425501, 59.9745 ], [ 44.1426611, 59.9745889 ], [ 44.1427056, 59.9746556 ], [ 44.1426417, 59.9747834 ], [ 44.1446779, 59.9748222 ], [ 44.1451778, 59.9748167 ], [ 44.1458056, 59.9747584 ], [ 44.1461944, 59.9746833 ], [ 44.1467751, 59.9744389 ], [ 44.153175, 59.97105 ] ] ], [ [ [ 44.230621, 59.8759489 ], [ 44.2133181, 59.8752358 ], [ 44.2124451, 59.8773878 ], [ 44.2100211, 59.8767938 ], [ 44.2068459, 59.8793068 ], [ 44.200961, 59.8802998 ], [ 44.210315, 59.8818838 ], [ 44.206903, 59.8843217 ], [ 44.2049308, 59.8870238 ], [ 44.2008699, 59.8911598 ], [ 44.2028358, 59.8919489 ], [ 44.2073833, 59.890793 ], [ 44.2075279, 59.8895175 ], [ 44.2077048, 59.8878138 ], [ 44.2093369, 59.8861578 ], [ 44.2096499, 59.8846318 ], [ 44.211583, 59.8835608 ], [ 44.2169711, 59.8798349 ], [ 44.218825, 59.8768639 ], [ 44.2318832, 59.8779049 ], [ 44.238133, 59.873684 ], [ 44.2413113, 59.8725699 ], [ 44.2445922, 59.871 ], [ 44.2444012, 59.868582 ], [ 44.2430522, 59.86702 ], [ 44.2415573, 59.8637829 ], [ 44.2413194, 59.861419 ], [ 44.2486233, 59.861736 ], [ 44.2480343, 59.860928 ], [ 44.2444633, 59.860749 ], [ 44.2433583, 59.85695 ], [ 44.2425555, 59.85171 ], [ 44.2494486, 59.8483049 ], [ 44.2517595, 59.847715 ], [ 44.2516436, 59.847049 ], [ 44.2517337, 59.842368 ], [ 44.2518656, 59.837133 ], [ 44.2517956, 59.834268 ], [ 44.2556627, 59.831358 ], [ 44.2601056, 59.8313581 ], [ 44.2601501, 59.8310389 ], [ 44.2601222, 59.8309806 ], [ 44.2600278, 59.8309583 ], [ 44.2593083, 59.8306889 ], [ 44.2558806, 59.8296222 ], [ 44.2542834, 59.8291639 ], [ 44.2502695, 59.8288972 ], [ 44.2497473, 59.8289028 ], [ 44.2497361, 59.8288361 ], [ 44.2496666, 59.8287306 ], [ 44.2494944, 59.8285861 ], [ 44.2492833, 59.8284972 ], [ 44.2490472, 59.8284167 ], [ 44.2486027, 59.8283167 ], [ 44.2480446, 59.8282093 ], [ 44.2475757, 59.8281327 ], [ 44.2471744, 59.8280709 ], [ 44.2468409, 59.8280044 ], [ 44.2465805, 59.8279306 ], [ 44.2462056, 59.82785 ], [ 44.2457556, 59.8277556 ], [ 44.2451778, 59.8276556 ], [ 44.2442973, 59.8275167 ], [ 44.2440528, 59.8275778 ], [ 44.2438584, 59.8276417 ], [ 44.2436334, 59.8276833 ], [ 44.2435306, 59.8276944 ], [ 44.2433833, 59.8276972 ], [ 44.2432056, 59.8278861 ], [ 44.2428334, 59.8282445 ], [ 44.2426639, 59.8283611 ], [ 44.2424611, 59.8284417 ], [ 44.2422389, 59.8284834 ], [ 44.2419722, 59.8285001 ], [ 44.2417667, 59.828475 ], [ 44.2413112, 59.8283389 ], [ 44.2410056, 59.8282778 ], [ 44.2407695, 59.8282639 ], [ 44.2404417, 59.8282778 ], [ 44.240025, 59.8283195 ], [ 44.2395611, 59.8284167 ], [ 44.2390979, 59.8285138 ], [ 44.2388611, 59.828575 ], [ 44.2386973, 59.8285861 ], [ 44.2383723, 59.8286056 ], [ 44.2378361, 59.8286139 ], [ 44.2374667, 59.8285944 ], [ 44.2387971, 59.8296556 ], [ 44.2418973, 59.8321889 ], [ 44.2430195, 59.8329916 ], [ 44.2462456, 59.835636 ], [ 44.2478347, 59.8391291 ], [ 44.2478487, 59.8395207 ], [ 44.2481124, 59.84689 ], [ 44.244841, 59.8480474 ], [ 44.2415744, 59.849203 ], [ 44.2394464, 59.852723 ], [ 44.2401783, 59.8561589 ], [ 44.2373692, 59.8625329 ], [ 44.2390906, 59.864312 ], [ 44.2417032, 59.867012 ], [ 44.2419972, 59.8704669 ], [ 44.2387003, 59.8717504 ], [ 44.235852, 59.872859 ], [ 44.2331942, 59.874429 ], [ 44.2317558, 59.8752787 ], [ 44.230621, 59.8759489 ] ] ] ] } },
{ "type": "Feature", "properties": { "NAME": "Марьинский Бор", "NAME_EN": null, "NAME_RU": null, "LEISURE": "nature_reserve", "BOUNDARY": "protected_area", "OSM_TYPE": "relation", "OSM_ID": 10349888 }, "geometry": { "type": "MultiPolygon", "coordinates": [ [ [ [ 40.374308, 60.5135352 ], [ 40.382007, 60.5164627 ], [ 40.3850494, 60.5164497 ], [ 40.3853576, 60.513869 ], [ 40.3861744, 60.5079613 ], [ 40.3824623, 60.5012634 ], [ 40.3820792, 60.501152 ], [ 40.3816834, 60.5010002 ], [ 40.3786404, 60.5015677 ], [ 40.3776213, 60.5033054 ], [ 40.3772918, 60.5043634 ], [ 40.3786737, 60.5051545 ], [ 40.380677, 60.5062763 ], [ 40.3821311, 60.5072047 ], [ 40.3817578, 60.5089289 ], [ 40.3812559, 60.510404 ], [ 40.3800838, 60.5109232 ], [ 40.374308, 60.5135352 ] ] ], [ [ [ 40.3863453, 60.516474 ], [ 40.3879292, 60.5166147 ], [ 40.3898972, 60.5168809 ], [ 40.3937817, 60.5173653 ], [ 40.4019647, 60.5185488 ], [ 40.4028313, 60.5179878 ], [ 40.4041983, 60.5176331 ], [ 40.4058096, 60.5173838 ], [ 40.4065645, 60.5173527 ], [ 40.4070708, 60.5172509 ], [ 40.407355, 60.5170724 ], [ 40.4075938, 60.5166776 ], [ 40.4074821, 60.5164525 ], [ 40.4072249, 60.5162793 ], [ 40.4069545, 60.5161414 ], [ 40.4069217, 60.5160468 ], [ 40.4069839, 60.5159824 ], [ 40.4075658, 60.5161112 ], [ 40.4081898, 60.5164055 ], [ 40.4081558, 60.5166941 ], [ 40.4078528, 60.5171397 ], [ 40.4078561, 60.5173874 ], [ 40.4080886, 60.517578 ], [ 40.4086231, 60.5176946 ], [ 40.4095241, 60.5177148 ], [ 40.4103058, 60.5177453 ], [ 40.411026, 60.5178167 ], [ 40.4113774, 60.5177544 ], [ 40.4117729, 60.5174671 ], [ 40.4118376, 60.5169989 ], [ 40.4113103, 60.5162931 ], [ 40.4106472, 60.5155673 ], [ 40.4102028, 60.5151693 ], [ 40.4101258, 60.5149813 ], [ 40.4106399, 60.5150607 ], [ 40.4113013, 60.5152798 ], [ 40.4118228, 60.5155839 ], [ 40.4123442, 60.5156783 ], [ 40.4122585, 60.5153029 ], [ 40.4118762, 60.5148724 ], [ 40.4115536, 60.514497 ], [ 40.4115811, 60.5141494 ], [ 40.4118647, 60.5137208 ], [ 40.4118388, 60.5135882 ], [ 40.4115534, 60.5136274 ], [ 40.4107946, 60.5138175 ], [ 40.4104354, 60.5137256 ], [ 40.410355, 60.5135551 ], [ 40.4105936, 60.5130721 ], [ 40.4109648, 60.512756 ], [ 40.4113065, 60.5125739 ], [ 40.4115698, 60.5123771 ], [ 40.4114097, 60.5122184 ], [ 40.4110697, 60.5120999 ], [ 40.4104791, 60.5119985 ], [ 40.4099315, 60.5117859 ], [ 40.40984, 60.5115 ], [ 40.4101393, 60.5110884 ], [ 40.4108098, 60.5106829 ], [ 40.4110924, 60.5105064 ], [ 40.4111647, 60.5100171 ], [ 40.4109665, 60.5100426 ], [ 40.4101667, 60.5105724 ], [ 40.4093179, 60.5109229 ], [ 40.4084612, 60.5110478 ], [ 40.4077665, 60.5110115 ], [ 40.4073501, 60.5109884 ], [ 40.4068379, 60.5111528 ], [ 40.4063239, 60.5111442 ], [ 40.4058963, 60.5109785 ], [ 40.4056203, 60.5107112 ], [ 40.4054579, 60.5103278 ], [ 40.4046257, 60.509872 ], [ 40.4039497, 60.5096107 ], [ 40.4029782, 60.5095391 ], [ 40.4019242, 60.509669 ], [ 40.4004993, 60.5081455 ], [ 40.4013093, 60.5078474 ], [ 40.402932, 60.5074208 ], [ 40.4048098, 60.50676 ], [ 40.4067087, 60.5059893 ], [ 40.4083551, 60.5048127 ], [ 40.408784, 60.5034246 ], [ 40.4089252, 60.5025342 ], [ 40.4096441, 60.5017773 ], [ 40.4103185, 60.5012444 ], [ 40.410794, 60.5009109 ], [ 40.4106501, 60.5009343 ], [ 40.4104362, 60.5009616 ], [ 40.4103515, 60.5009544 ], [ 40.410258, 60.50091 ], [ 40.4101855, 60.5008303 ], [ 40.4100525, 60.5007937 ], [ 40.4098393, 60.5008064 ], [ 40.4094531, 60.5008778 ], [ 40.4091767, 60.500889 ], [ 40.4089727, 60.5008676 ], [ 40.4086143, 60.5009053 ], [ 40.408375, 60.5010401 ], [ 40.4077691, 60.5014096 ], [ 40.4068909, 60.5020371 ], [ 40.4062003, 60.5023945 ], [ 40.405849, 60.5025043 ], [ 40.4053656, 60.5025169 ], [ 40.4039638, 60.5024669 ], [ 40.4032032, 60.502339 ], [ 40.4027377, 60.5021513 ], [ 40.4024697, 60.5017749 ], [ 40.4021465, 60.5015115 ], [ 40.401774, 60.5015244 ], [ 40.4012886, 60.5016613 ], [ 40.4007607, 60.50208 ], [ 40.3999914, 60.502424 ], [ 40.3988241, 60.5025111 ], [ 40.398468, 60.5024738 ], [ 40.3979752, 60.5023577 ], [ 40.3976418, 60.5021788 ], [ 40.3975597, 60.5020363 ], [ 40.3976497, 60.5019554 ], [ 40.3979749, 60.5018809 ], [ 40.3985938, 60.5018777 ], [ 40.398954, 60.5017949 ], [ 40.3990824, 60.5016156 ], [ 40.3988542, 60.501416 ], [ 40.3982484, 60.5012412 ], [ 40.3973486, 60.5011383 ], [ 40.3966506, 60.5010372 ], [ 40.3963839, 60.5008922 ], [ 40.3963284, 60.5007275 ], [ 40.3967129, 60.500519 ], [ 40.3972089, 60.500385 ], [ 40.3974472, 60.5002795 ], [ 40.3974672, 60.5002011 ], [ 40.3972965, 60.5001314 ], [ 40.3970272, 60.5001085 ], [ 40.396183, 60.50019 ], [ 40.3955052, 60.5002548 ], [ 40.3949946, 60.5002009 ], [ 40.394755, 60.5000478 ], [ 40.3946238, 60.499816 ], [ 40.3943985, 60.4997232 ], [ 40.3940589, 60.499729 ], [ 40.3937004, 60.4997611 ], [ 40.3933478, 60.4996259 ], [ 40.3930016, 60.4995613 ], [ 40.3923649, 60.4996262 ], [ 40.3916664, 60.4997956 ], [ 40.3916718, 60.5006285 ], [ 40.3922958, 60.5015798 ], [ 40.3919744, 60.5026649 ], [ 40.3916376, 60.5035404 ], [ 40.390792, 60.5043417 ], [ 40.3842291, 60.5018955 ], [ 40.3876932, 60.5080941 ], [ 40.3873258, 60.5105546 ], [ 40.38675, 60.5139113 ], [ 40.3863453, 60.516474 ] ] ] ] } },
{ "type": "Feature", "properties": { "NAME": "заповедник Судский бор", "NAME_EN": null, "NAME_RU": null, "LEISURE": null, "BOUNDARY": "protected_area", "OSM_TYPE": "relation", "OSM_ID": 10349889 }, "geometry": { "type": "MultiPolygon", "coordinates": [ [ [ [ 37.3498558, 59.1853988 ], [ 37.3567553, 59.186643 ], [ 37.3627319, 59.1867614 ], [ 37.3704291, 59.1882369 ], [ 37.3716061, 59.1883986 ], [ 37.3717416, 59.1885415 ], [ 37.3718773, 59.1886077 ], [ 37.371912, 59.1886199 ], [ 37.3720153, 59.1886557 ], [ 37.3721764, 59.1886949 ], [ 37.3723664, 59.1887267 ], [ 37.3725582, 59.1887541 ], [ 37.3726324, 59.1887794 ], [ 37.3728913, 59.1888667 ], [ 37.3731559, 59.1890224 ], [ 37.3733345, 59.1891448 ], [ 37.3730716, 59.1893803 ], [ 37.3744543, 59.1901083 ], [ 37.3744766, 59.1905261 ], [ 37.3750373, 59.1908156 ], [ 37.3763688, 59.1909286 ], [ 37.3778076, 59.190062 ], [ 37.3786577, 59.1891395 ], [ 37.3794265, 59.1882008 ], [ 37.3793154, 59.1879251 ], [ 37.3790147, 59.1878695 ], [ 37.3788067, 59.1878634 ], [ 37.3783435, 59.1879322 ], [ 37.3779204, 59.1880395 ], [ 37.3774972, 59.1881375 ], [ 37.3750673, 59.1876525 ], [ 37.3744558, 59.1873657 ], [ 37.37376, 59.1873999 ], [ 37.373649, 59.1872192 ], [ 37.3745219, 59.1868196 ], [ 37.3740578, 59.1864808 ], [ 37.3737401, 59.1860837 ], [ 37.375232, 59.1852822 ], [ 37.3762614, 59.1858829 ], [ 37.3768987, 59.1860976 ], [ 37.3782704, 59.18658 ], [ 37.3785145, 59.186308 ], [ 37.3795483, 59.1864988 ], [ 37.379632, 59.1870496 ], [ 37.3818814, 59.1883874 ], [ 37.3834415, 59.1879312 ], [ 37.3881965, 59.1850806 ], [ 37.3908448, 59.1836324 ], [ 37.3874907, 59.1835043 ], [ 37.3849202, 59.1731663 ], [ 37.3692232, 59.1748195 ], [ 37.348008, 59.1772487 ], [ 37.3465752, 59.1772495 ], [ 37.3462734, 59.1775023 ], [ 37.3463251, 59.1777261 ], [ 37.3465909, 59.1777874 ], [ 37.3471842, 59.1777096 ], [ 37.3478897, 59.1776998 ], [ 37.3484777, 59.1776917 ], [ 37.3488823, 59.1778115 ], [ 37.3486464, 59.1779726 ], [ 37.3477196, 59.1780598 ], [ 37.3481496, 59.1783188 ], [ 37.3455772, 59.1800672 ], [ 37.344727, 59.1797195 ], [ 37.3439761, 59.1790978 ], [ 37.3437207, 59.1783313 ], [ 37.3434566, 59.178017 ], [ 37.3431926, 59.1777027 ], [ 37.3300216, 59.179063 ], [ 37.3296196, 59.1796173 ], [ 37.3295412, 59.1797657 ], [ 37.3292796, 59.1801992 ], [ 37.3291634, 59.1803256 ], [ 37.3307701, 59.1802895 ], [ 37.3307846, 59.1805674 ], [ 37.3303277, 59.1808548 ], [ 37.3279804, 59.1810059 ], [ 37.3271183, 59.1808547 ], [ 37.3264676, 59.1808937 ], [ 37.3259711, 59.1809234 ], [ 37.3255838, 59.180965 ], [ 37.3252795, 59.1810239 ], [ 37.3249471, 59.1811318 ], [ 37.3248252, 59.1811909 ], [ 37.324673, 59.1812851 ], [ 37.3243752, 59.1815032 ], [ 37.3242127, 59.1816999 ], [ 37.324121, 59.1818348 ], [ 37.3237288, 59.1821347 ], [ 37.3230091, 59.1825859 ], [ 37.3226696, 59.182746 ], [ 37.3226519, 59.1830489 ], [ 37.3230735, 59.1831572 ], [ 37.323598, 59.1831019 ], [ 37.3241387, 59.1831276 ], [ 37.3244324, 59.1833158 ], [ 37.3250435, 59.1833683 ], [ 37.3399134, 59.1849724 ], [ 37.3397653, 59.1857696 ], [ 37.3340215, 59.1858265 ], [ 37.3328325, 59.1856877 ], [ 37.3319435, 59.1857681 ], [ 37.3312642, 59.1857508 ], [ 37.3294252, 59.1860046 ], [ 37.3277761, 59.1861004 ], [ 37.327588, 59.1861711 ], [ 37.3265966, 59.1861024 ], [ 37.326245, 59.1859571 ], [ 37.3247027, 59.1858634 ], [ 37.3244721, 59.1860147 ], [ 37.3231441, 59.1862256 ], [ 37.3222193, 59.1866186 ], [ 37.3210554, 59.1869543 ], [ 37.3208432, 59.1872502 ], [ 37.3204454, 59.1874886 ], [ 37.3202768, 59.1878761 ], [ 37.3206333, 59.187917 ], [ 37.3214895, 59.1880662 ], [ 37.3219182, 59.1881553 ], [ 37.322347, 59.1882446 ], [ 37.323607, 59.1885803 ], [ 37.3236872, 59.1886153 ], [ 37.3238973, 59.1883884 ], [ 37.3243118, 59.1879087 ], [ 37.3243537, 59.1878431 ], [ 37.3248027, 59.1873356 ], [ 37.3248598, 59.1872699 ], [ 37.3252745, 59.1867833 ], [ 37.3260634, 59.1863879 ], [ 37.3279168, 59.1864904 ], [ 37.3281073, 59.1864936 ], [ 37.333508, 59.1875329 ], [ 37.3330123, 59.1887454 ], [ 37.334499, 59.1896294 ], [ 37.3347216, 59.1898705 ], [ 37.3355492, 59.1902608 ], [ 37.335641, 59.1903074 ], [ 37.3364339, 59.1906949 ], [ 37.33774, 59.1913334 ], [ 37.346409, 59.1911252 ], [ 37.3498558, 59.1853988 ] ] ], [ [ [ 37.312978, 59.1774601 ], [ 37.3167317, 59.1779227 ], [ 37.327181, 59.1772572 ], [ 37.3284254, 59.1771779 ], [ 37.3634404, 59.1749976 ], [ 37.3848142, 59.1727397 ], [ 37.3836242, 59.1679504 ], [ 37.378323, 59.1676953 ], [ 37.378311, 59.1693612 ], [ 37.3727829, 59.1709671 ], [ 37.3674965, 59.1710376 ], [ 37.3573121, 59.1730523 ], [ 37.3560655, 59.172495 ], [ 37.3575159, 59.1707443 ], [ 37.3561712, 59.1702387 ], [ 37.3559404, 59.1699696 ], [ 37.3543222, 59.1701831 ], [ 37.3545728, 59.1707179 ], [ 37.350964, 59.1711461 ], [ 37.3508026, 59.1705557 ], [ 37.3300615, 59.1720474 ], [ 37.3301137, 59.1722335 ], [ 37.3290802, 59.1723106 ], [ 37.3290278, 59.1721211 ], [ 37.3227653, 59.1725767 ], [ 37.3047057, 59.1741554 ], [ 37.2925296, 59.1752345 ], [ 37.2872604, 59.1756917 ], [ 37.2830604, 59.1760939 ], [ 37.2750692, 59.176816 ], [ 37.2728917, 59.1771034 ], [ 37.2720951, 59.1772081 ], [ 37.2710615, 59.1774285 ], [ 37.2716326, 59.1781642 ], [ 37.2818751, 59.1771581 ], [ 37.2822854, 59.1779379 ], [ 37.285727, 59.1775568 ], [ 37.2902527, 59.1788791 ], [ 37.3047676, 59.1787477 ], [ 37.3128647, 59.1782594 ], [ 37.312978, 59.1774601 ] ] ], [ [ [ 37.3443543, 59.1765187 ], [ 37.3455025, 59.1765869 ], [ 37.3480135, 59.1767962 ], [ 37.3578514, 59.1757013 ], [ 37.3443543, 59.1765187 ] ] ], [ [ [ 37.3431876, 59.1774743 ], [ 37.3437971, 59.1764896 ], [ 37.3287436, 59.1774477 ], [ 37.3292679, 59.178186 ], [ 37.329723, 59.178865 ], [ 37.3431876, 59.1774743 ] ] ], [ [ [ 37.3182915, 59.178118 ], [ 37.3208309, 59.1784276 ], [ 37.3242803, 59.1785452 ], [ 37.3251309, 59.1787043 ], [ 37.3268727, 59.1788449 ], [ 37.3282251, 59.1788018 ], [ 37.3291157, 59.1788564 ], [ 37.3293623, 59.1788715 ], [ 37.3293358, 59.1788298 ], [ 37.3289464, 59.1782507 ], [ 37.3285939, 59.1777439 ], [ 37.3284173, 59.1774903 ], [ 37.3182915, 59.178118 ] ] ], [ [ [ 37.3128336, 59.1784789 ], [ 37.3047698, 59.1789715 ], [ 37.2946992, 59.179009 ], [ 37.290732, 59.1790191 ], [ 37.2908355, 59.1790493 ], [ 37.2910042, 59.1791262 ], [ 37.2914381, 59.1791859 ], [ 37.2921869, 59.1791595 ], [ 37.2927488, 59.1791219 ], [ 37.2931059, 59.1792399 ], [ 37.2934062, 59.1794821 ], [ 37.2936116, 59.1796512 ], [ 37.2937823, 59.1796599 ], [ 37.2938755, 59.1796122 ], [ 37.2938116, 59.1793564 ], [ 37.2937788, 59.1791862 ], [ 37.2939603, 59.1791052 ], [ 37.2941731, 59.1790391 ], [ 37.294735, 59.1791972 ], [ 37.2950025, 59.1792456 ], [ 37.2956193, 59.1791826 ], [ 37.2963817, 59.1793102 ], [ 37.2968505, 59.1793753 ], [ 37.2973949, 59.179616 ], [ 37.297866, 59.1800631 ], [ 37.2979873, 59.1801886 ], [ 37.2985467, 59.1802525 ], [ 37.298825, 59.1802549 ], [ 37.2990293, 59.1804631 ], [ 37.2993296, 59.1806607 ], [ 37.2995217, 59.1806333 ], [ 37.2996235, 59.1804954 ], [ 37.2994204, 59.1801911 ], [ 37.2993007, 59.1799787 ], [ 37.2994288, 59.1797629 ], [ 37.2999623, 59.1797899 ], [ 37.3006234, 59.1800663 ], [ 37.3009831, 59.1803624 ], [ 37.3015869, 59.1805477 ], [ 37.3019652, 59.180614 ], [ 37.3023114, 59.1807644 ], [ 37.3023404, 59.1809749 ], [ 37.3019373, 59.181368 ], [ 37.3020347, 59.1816211 ], [ 37.302312, 59.1817197 ], [ 37.3026633, 59.1815905 ], [ 37.302982, 59.1811985 ], [ 37.3035076, 59.1805989 ], [ 37.3036681, 59.1802865 ], [ 37.303745, 59.1800187 ], [ 37.3041093, 59.1799269 ], [ 37.304643, 59.1801958 ], [ 37.305019, 59.1805691 ], [ 37.3054563, 59.1808455 ], [ 37.305652, 59.1810042 ], [ 37.305662, 59.1811994 ], [ 37.30573, 59.1813474 ], [ 37.3063012, 59.181495 ], [ 37.3067659, 59.1815942 ], [ 37.3072584, 59.1816465 ], [ 37.3074462, 59.1815354 ], [ 37.3072649, 59.1813021 ], [ 37.3071166, 59.1810032 ], [ 37.3073972, 59.1805365 ], [ 37.3077283, 59.1803501 ], [ 37.3079847, 59.1803249 ], [ 37.3084777, 59.1804382 ], [ 37.3088004, 59.1809171 ], [ 37.3090892, 59.1814002 ], [ 37.3101054, 59.181881 ], [ 37.3100323, 59.1823825 ], [ 37.3103351, 59.1825208 ], [ 37.3114534, 59.1822721 ], [ 37.3123559, 59.1818528 ], [ 37.3128336, 59.1784789 ] ] ], [ [ [ 37.2981032, 59.1644309 ], [ 37.295985, 59.1620408 ], [ 37.2934158, 59.1627086 ], [ 37.2907909, 59.1620439 ], [ 37.2835775, 59.1637225 ], [ 37.2812275, 59.1644813 ], [ 37.2799817, 59.1640637 ], [ 37.2786833, 59.1644331 ], [ 37.2758145, 59.1652637 ], [ 37.2765545, 59.1630331 ], [ 37.2576121, 59.1645441 ], [ 37.2583141, 59.1657741 ], [ 37.258664, 59.1666798 ], [ 37.2586808, 59.1670166 ], [ 37.2585457, 59.1671328 ], [ 37.2581677, 59.1671408 ], [ 37.2578932, 59.1670719 ], [ 37.2574602, 59.1668834 ], [ 37.257161, 59.1667743 ], [ 37.2569291, 59.1667657 ], [ 37.2568972, 59.1669198 ], [ 37.2574358, 59.1675271 ], [ 37.2576794, 59.1680067 ], [ 37.25765, 59.1683074 ], [ 37.2573221, 59.1684411 ], [ 37.2568221, 59.1685296 ], [ 37.2560868, 59.1684388 ], [ 37.2551508, 59.1680365 ], [ 37.2543758, 59.1675248 ], [ 37.2533125, 59.1660604 ], [ 37.2486098, 59.1663295 ], [ 37.2449764, 59.1665373 ], [ 37.2412229, 59.1663833 ], [ 37.2392615, 59.1662825 ], [ 37.2384774, 59.1662437 ], [ 37.2381502, 59.1663913 ], [ 37.2387542, 59.166778 ], [ 37.2392715, 59.1670742 ], [ 37.2398876, 59.1671558 ], [ 37.2404902, 59.1668861 ], [ 37.241058, 59.1668677 ], [ 37.2426438, 59.1672491 ], [ 37.2437495, 59.1674715 ], [ 37.2444129, 59.1674298 ], [ 37.2448452, 59.1674903 ], [ 37.2450626, 59.1677628 ], [ 37.2448452, 59.1679254 ], [ 37.2443758, 59.1679811 ], [ 37.24426, 59.1682469 ], [ 37.2446657, 59.1684179 ], [ 37.2455678, 59.1684281 ], [ 37.2460536, 59.1682676 ], [ 37.2460928, 59.1677603 ], [ 37.2461982, 59.1675057 ], [ 37.2466986, 59.167422 ], [ 37.2471355, 59.167576 ], [ 37.2474674, 59.1682106 ], [ 37.2477878, 59.1683936 ], [ 37.2482787, 59.1683377 ], [ 37.2482596, 59.1679524 ], [ 37.2479411, 59.167158 ], [ 37.2482102, 59.1669561 ], [ 37.2486766, 59.1670547 ], [ 37.2491587, 59.1670374 ], [ 37.2498626, 59.1675954 ], [ 37.2506207, 59.1680389 ], [ 37.2510176, 59.1687735 ], [ 37.2508847, 59.1692068 ], [ 37.2504776, 59.1695383 ], [ 37.2504418, 59.1697366 ], [ 37.2502704, 59.1699653 ], [ 37.2502477, 59.1702016 ], [ 37.2508976, 59.1701578 ], [ 37.2510652, 59.1697329 ], [ 37.2512313, 59.1689293 ], [ 37.251386, 59.1682403 ], [ 37.2513073, 59.1676952 ], [ 37.251618, 59.1673829 ], [ 37.2522833, 59.1673038 ], [ 37.2527898, 59.1674821 ], [ 37.2529414, 59.1681142 ], [ 37.2532778, 59.1683212 ], [ 37.2537541, 59.1685792 ], [ 37.2538212, 59.1692388 ], [ 37.2536586, 59.1701128 ], [ 37.2550973, 59.1700393 ], [ 37.2557932, 59.16958 ], [ 37.25983, 59.1692949 ], [ 37.2654483, 59.1683707 ], [ 37.271301, 59.1676366 ], [ 37.2720035, 59.167796 ], [ 37.2727784, 59.1681858 ], [ 37.2729469, 59.1686337 ], [ 37.271969, 59.1695343 ], [ 37.2692546, 59.1717825 ], [ 37.2679515, 59.1727976 ], [ 37.2674314, 59.1746862 ], [ 37.2676432, 59.1767609 ], [ 37.2683607, 59.1773794 ], [ 37.2705434, 59.1769123 ], [ 37.2717752, 59.1766635 ], [ 37.2725067, 59.1765477 ], [ 37.276901, 59.175176 ], [ 37.2768704, 59.1743262 ], [ 37.2796846, 59.1738387 ], [ 37.2805902, 59.1731558 ], [ 37.2818086, 59.1722082 ], [ 37.282575, 59.1711962 ], [ 37.2831153, 59.1705576 ], [ 37.2844679, 59.1700568 ], [ 37.2876142, 59.1689208 ], [ 37.2911506, 59.1674833 ], [ 37.2945429, 59.1661363 ], [ 37.2965142, 59.1651408 ], [ 37.2981032, 59.1644309 ] ] ], [ [ [ 37.2767948, 59.1628842 ], [ 37.2773032, 59.1623319 ], [ 37.2768345, 59.1623988 ], [ 37.2768382, 59.1620522 ], [ 37.2773864, 59.1616279 ], [ 37.2784288, 59.1611701 ], [ 37.2798477, 59.1605776 ], [ 37.279488, 59.15967 ], [ 37.2769135, 59.1601677 ], [ 37.2749111, 59.1604288 ], [ 37.2736696, 59.1605901 ], [ 37.2735683, 59.1604467 ], [ 37.2741904, 59.1602591 ], [ 37.2755807, 59.1601165 ], [ 37.2772476, 59.1598667 ], [ 37.2780769, 59.1595246 ], [ 37.2780609, 59.1592076 ], [ 37.277628, 59.1591513 ], [ 37.2769889, 59.1592633 ], [ 37.275241, 59.1597762 ], [ 37.2742062, 59.1600382 ], [ 37.2736933, 59.1599898 ], [ 37.2736408, 59.1597491 ], [ 37.2738692, 59.159484 ], [ 37.2747569, 59.1589596 ], [ 37.2754125, 59.1586405 ], [ 37.2755182, 59.1583357 ], [ 37.275799, 59.1580423 ], [ 37.2763593, 59.1579659 ], [ 37.2767934, 59.1577808 ], [ 37.2778459, 59.1572697 ], [ 37.2765081, 59.1545695 ], [ 37.2732838, 59.1536724 ], [ 37.2683379, 59.1577425 ], [ 37.266129, 59.1579593 ], [ 37.2575094, 59.155314 ], [ 37.2582053, 59.154498 ], [ 37.2550942, 59.1537496 ], [ 37.2533619, 59.1550408 ], [ 37.2516739, 59.1556692 ], [ 37.2599414, 59.1612795 ], [ 37.2566466, 59.1628021 ], [ 37.2574488, 59.1642331 ], [ 37.2574977, 59.1643201 ], [ 37.2575237, 59.164365 ], [ 37.2575571, 59.1644104 ], [ 37.2767948, 59.1628842 ] ] ], [ [ [ 36.8993195, 59.3013178 ], [ 36.9028474, 59.301051 ], [ 36.9082086, 59.3036144 ], [ 36.9124805, 59.3013729 ], [ 36.9145184, 59.2999898 ], [ 36.9173149, 59.2983404 ], [ 36.9197155, 59.2974321 ], [ 36.9226206, 59.2967593 ], [ 36.9273479, 59.2963131 ], [ 36.9299929, 59.2963039 ], [ 36.9338404, 59.296832 ], [ 36.9365811, 59.2946967 ], [ 36.9562573, 59.2928468 ], [ 36.9583421, 59.2898244 ], [ 36.9615892, 59.2892122 ], [ 36.962965, 59.2890255 ], [ 36.9680793, 59.2892844 ], [ 36.9707259, 59.2895045 ], [ 36.97397, 59.288846 ], [ 36.9785177, 59.2889207 ], [ 36.9825599, 59.2878906 ], [ 36.9810763, 59.286567 ], [ 36.9786498, 59.2836865 ], [ 36.9741587, 59.285012 ], [ 36.9720638, 59.2856308 ], [ 36.9661083, 59.2864388 ], [ 36.9510042, 59.2872214 ], [ 36.94924, 59.2858458 ], [ 36.9519204, 59.2829715 ], [ 36.9337879, 59.2836867 ], [ 36.9305045, 59.2855853 ], [ 36.9301797, 59.2848813 ], [ 36.9273172, 59.2848298 ], [ 36.9268695, 59.2853956 ], [ 36.9273412, 59.2857446 ], [ 36.9274464, 59.2864259 ], [ 36.9243, 59.2884587 ], [ 36.9243587, 59.288944 ], [ 36.9120505, 59.2893361 ], [ 36.9098005, 59.2896186 ], [ 36.9068529, 59.289656 ], [ 36.9058575, 59.2899973 ], [ 36.9018228, 59.2900942 ], [ 36.9004838, 59.2903958 ], [ 36.8987122, 59.2909265 ], [ 36.8970963, 59.2909059 ], [ 36.8993195, 59.3013178 ] ] ], [ [ [ 36.5668241, 59.485015 ], [ 36.5758975, 59.4843025 ], [ 36.5810316, 59.4842261 ], [ 36.5902128, 59.4844581 ], [ 36.6017639, 59.4847707 ], [ 36.6033859, 59.4848123 ], [ 36.6050078, 59.48422 ], [ 36.6033939, 59.4834979 ], [ 36.6003257, 59.4817524 ], [ 36.5954706, 59.4755296 ], [ 36.5952449, 59.4752403 ], [ 36.5938101, 59.4726213 ], [ 36.5938539, 59.470786 ], [ 36.5967271, 59.4674908 ], [ 36.6017366, 59.4618114 ], [ 36.6037855, 59.4589383 ], [ 36.6073707, 59.4568235 ], [ 36.6110144, 59.4548313 ], [ 36.6120799, 59.4552459 ], [ 36.6140802, 59.4540872 ], [ 36.6227619, 59.4488236 ], [ 36.6277156, 59.4455095 ], [ 36.629572, 59.443991 ], [ 36.6357148, 59.4422316 ], [ 36.6433719, 59.4377464 ], [ 36.6469944, 59.4369362 ], [ 36.6495765, 59.4361781 ], [ 36.6572022, 59.4294746 ], [ 36.6495918, 59.4257788 ], [ 36.6467861, 59.4270154 ], [ 36.6398344, 59.4274771 ], [ 36.6364593, 59.4292881 ], [ 36.6334134, 59.4318037 ], [ 36.6326201, 59.4331285 ], [ 36.6337077, 59.4338718 ], [ 36.6306803, 59.4351136 ], [ 36.6245244, 59.437588 ], [ 36.6171217, 59.4400205 ], [ 36.6147365, 59.4411986 ], [ 36.6136122, 59.4438583 ], [ 36.6120359, 59.4459106 ], [ 36.6011253, 59.4475523 ], [ 36.5982689, 59.4494607 ], [ 36.5981982, 59.4525949 ], [ 36.5887467, 59.458108 ], [ 36.5834612, 59.4619963 ], [ 36.5782664, 59.4680344 ], [ 36.5755574, 59.4754427 ], [ 36.5745181, 59.4776005 ], [ 36.5664416, 59.4835026 ], [ 36.5680133, 59.4839965 ], [ 36.5668241, 59.485015 ] ] ], [ [ [ 36.5944228, 59.5040106 ], [ 36.595604, 59.5027086 ], [ 36.5990257, 59.5004085 ], [ 36.6026192, 59.4994862 ], [ 36.6045705, 59.4992578 ], [ 36.6048601, 59.4989182 ], [ 36.6050041, 59.4986226 ], [ 36.6049252, 59.4979672 ], [ 36.6051111, 59.4975904 ], [ 36.6059844, 59.497311 ], [ 36.6075462, 59.4969269 ], [ 36.6091237, 59.4965767 ], [ 36.6104183, 59.4962654 ], [ 36.6113227, 59.4957817 ], [ 36.6137581, 59.4948799 ], [ 36.6144743, 59.4945775 ], [ 36.6145529, 59.4945158 ], [ 36.6149696, 59.4937849 ], [ 36.6156156, 59.4925927 ], [ 36.6162525, 59.4916165 ], [ 36.6169257, 59.4907597 ], [ 36.6179219, 59.4897175 ], [ 36.6188972, 59.488647 ], [ 36.6187169, 59.488011 ], [ 36.6185877, 59.4872697 ], [ 36.6183705, 59.4859064 ], [ 36.6173455, 59.486167 ], [ 36.614421, 59.4851462 ], [ 36.6120098, 59.4840468 ], [ 36.6102963, 59.484008 ], [ 36.6098471, 59.4842237 ], [ 36.610081, 59.484594 ], [ 36.6119864, 59.4859497 ], [ 36.6127165, 59.4868617 ], [ 36.6127377, 59.4875368 ], [ 36.611845, 59.4878956 ], [ 36.6096186, 59.4886304 ], [ 36.6068789, 59.4894655 ], [ 36.6041558, 59.4901855 ], [ 36.6017944, 59.4904704 ], [ 36.5996089, 59.490667 ], [ 36.5960735, 59.4908258 ], [ 36.5938232, 59.4910209 ], [ 36.591584, 59.4913993 ], [ 36.5903336, 59.4921045 ], [ 36.5894906, 59.4932395 ], [ 36.589559, 59.4942784 ], [ 36.5888457, 59.4959529 ], [ 36.5881128, 59.4976879 ], [ 36.5869572, 59.4990511 ], [ 36.5900093, 59.4996149 ], [ 36.5902673, 59.5005231 ], [ 36.590475, 59.5038817 ], [ 36.5944228, 59.5040106 ] ] ], [ [ [ 36.5728484, 59.4977536 ], [ 36.5798851, 59.5007353 ], [ 36.5807726, 59.5001712 ], [ 36.5816357, 59.4987834 ], [ 36.5850025, 59.4946951 ], [ 36.5855214, 59.4939024 ], [ 36.5868928, 59.4920598 ], [ 36.5884655, 59.4910677 ], [ 36.5905288, 59.4906253 ], [ 36.5926251, 59.4903021 ], [ 36.5947471, 59.4901083 ], [ 36.6008229, 59.489632 ], [ 36.6035252, 59.4884362 ], [ 36.604709, 59.4874943 ], [ 36.6055755, 59.4856174 ], [ 36.6017044, 59.4857656 ], [ 36.5955463, 59.4857235 ], [ 36.5841411, 59.4854168 ], [ 36.5796618, 59.4853379 ], [ 36.5754828, 59.4855624 ], [ 36.5681347, 59.4856144 ], [ 36.567119, 59.4894614 ], [ 36.5683312, 59.4909573 ], [ 36.5658447, 59.4949177 ], [ 36.5728484, 59.4977536 ] ] ], [ [ [ 36.6138039, 59.4612371 ], [ 36.6149651, 59.4617634 ], [ 36.6165239, 59.463288 ], [ 36.6180623, 59.4656047 ], [ 36.6200113, 59.4678714 ], [ 36.6229198, 59.4700603 ], [ 36.6246818, 59.4721888 ], [ 36.6273957, 59.4738345 ], [ 36.6283863, 59.4739251 ], [ 36.629208, 59.4735244 ], [ 36.6288593, 59.472873 ], [ 36.6289029, 59.4714339 ], [ 36.6314309, 59.4712332 ], [ 36.6356615, 59.4713832 ], [ 36.6374869, 59.4712619 ], [ 36.6375021, 59.4701362 ], [ 36.637663, 59.4675963 ], [ 36.6379061, 59.4660805 ], [ 36.6421349, 59.4649428 ], [ 36.6319258, 59.4507159 ], [ 36.6301738, 59.4521806 ], [ 36.6285722, 59.4540789 ], [ 36.6256081, 59.4552816 ], [ 36.6228945, 59.4566026 ], [ 36.6210462, 59.4574032 ], [ 36.6191137, 59.4587076 ], [ 36.6164651, 59.4600044 ], [ 36.6138039, 59.4612371 ] ] ] ] } },
{ "type": "Feature", "properties": { "NAME": "Лисицыно", "NAME_EN": null, "NAME_RU": null, "LEISURE": "nature_reserve", "BOUNDARY": "protected_area", "OSM_TYPE": "relation", "OSM_ID": 10349891 }, "geometry": { "type": "MultiPolygon", "coordinates": [ [ [ [ 39.9803271, 59.1250734 ], [ 39.98074, 59.1249329 ], [ 39.9813674, 59.1247274 ], [ 39.9815693, 59.1245352 ], [ 39.9818337, 59.1245491 ], [ 39.982309, 59.1248183 ], [ 39.9824323, 59.12489 ], [ 39.9825909, 59.1250146 ], [ 39.9827462, 59.1251366 ], [ 39.9832807, 59.1255357 ], [ 39.9835433, 59.1256272 ], [ 39.9841159, 59.1259549 ], [ 39.9844199, 59.1261048 ], [ 39.9849529, 59.12642 ], [ 39.9850711, 59.1265231 ], [ 39.9851626, 59.1266188 ], [ 39.9848722, 59.1269013 ], [ 39.9845221, 59.1271191 ], [ 39.9842512, 59.1271355 ], [ 39.9841043, 59.1270831 ], [ 39.9840728, 59.1269597 ], [ 39.9842409, 59.1268233 ], [ 39.9841013, 59.1267477 ], [ 39.9834969, 59.1266527 ], [ 39.9829642, 59.1266411 ], [ 39.9823695, 59.1267773 ], [ 39.9818548, 59.1270391 ], [ 39.9816901, 59.1271811 ], [ 39.981672, 59.1272374 ], [ 39.9818035, 59.1272781 ], [ 39.9821343, 59.1271937 ], [ 39.9822583, 59.127323 ], [ 39.9814222, 59.1275661 ], [ 39.9830252, 59.1304042 ], [ 39.983216, 59.1307197 ], [ 39.9833211, 59.1308934 ], [ 39.9837885, 59.1316658 ], [ 39.9842463, 59.1321682 ], [ 39.9868681, 59.1335645 ], [ 39.9875701, 59.1340214 ], [ 39.9889513, 59.1348308 ], [ 39.9936191, 59.1373353 ], [ 39.9967862, 59.1390314 ], [ 39.9981322, 59.139531 ], [ 39.9996959, 59.1399325 ], [ 40.0008466, 59.1402944 ], [ 40.001323, 59.1404905 ], [ 40.002013, 59.1408243 ], [ 40.0021621, 59.1406785 ], [ 40.0009029, 59.1394829 ], [ 39.9995379, 59.1392846 ], [ 39.9972039, 59.1380778 ], [ 39.9977311, 59.1367985 ], [ 39.9966984, 59.1356449 ], [ 39.9956693, 59.1353028 ], [ 39.9947261, 59.1348928 ], [ 39.994262, 59.1346949 ], [ 39.9933738, 59.1344701 ], [ 39.9932364, 59.1340813 ], [ 39.9929037, 59.1341327 ], [ 39.9923898, 59.1341554 ], [ 39.9916436, 59.1341175 ], [ 39.9911679, 59.1339712 ], [ 39.9906432, 59.1335775 ], [ 39.9907061, 59.133291 ], [ 39.9911607, 59.133085 ], [ 39.9917967, 59.1330412 ], [ 39.9917491, 59.1327977 ], [ 39.991458, 59.1327332 ], [ 39.9912197, 59.1324424 ], [ 39.9915534, 59.1321951 ], [ 39.9914865, 59.1319793 ], [ 39.9916949, 59.1317738 ], [ 39.9913258, 59.131654 ], [ 39.9905728, 59.131394 ], [ 39.9901982, 59.1314071 ], [ 39.9902638, 59.1310025 ], [ 39.9903383, 59.130529 ], [ 39.9901839, 59.1299442 ], [ 39.9904088, 59.1294212 ], [ 39.992186, 59.1288296 ], [ 39.9904784, 59.1281725 ], [ 39.990305, 59.1279599 ], [ 39.9902936, 59.1277096 ], [ 39.990368, 59.1273012 ], [ 39.9904877, 59.1263716 ], [ 39.990966, 59.1255367 ], [ 39.9892219, 59.1252566 ], [ 39.9891912, 59.1258081 ], [ 39.9891905, 59.1260274 ], [ 39.9890029, 59.127041 ], [ 39.9887732, 59.1271555 ], [ 39.9886254, 59.127196 ], [ 39.9880458, 59.1268854 ], [ 39.9877384, 59.1269119 ], [ 39.9872374, 59.1268843 ], [ 39.9854656, 59.1255217 ], [ 39.9854068, 59.1248339 ], [ 39.9850824, 59.1245649 ], [ 39.9850204, 59.1244013 ], [ 39.9852484, 59.1242145 ], [ 39.9843653, 59.1237943 ], [ 39.9841504, 59.1237766 ], [ 39.9833464, 59.12371 ], [ 39.9828791, 59.123598 ], [ 39.9822585, 59.1231766 ], [ 39.9823291, 59.1228135 ], [ 39.9822046, 59.1227468 ], [ 39.9818374, 59.1225486 ], [ 39.9805437, 59.1212733 ], [ 39.9800149, 59.1209636 ], [ 39.9787382, 59.1213504 ], [ 39.9782899, 59.1212066 ], [ 39.9777366, 59.1206211 ], [ 39.9778293, 59.1204565 ], [ 39.9785446, 59.1201248 ], [ 39.9786856, 59.1199968 ], [ 39.9766897, 59.1188601 ], [ 39.9767325, 59.1186746 ], [ 39.9772922, 59.1184341 ], [ 39.9794964, 59.1179219 ], [ 39.9794249, 59.1178413 ], [ 39.9784859, 59.1179184 ], [ 39.9765896, 59.1182573 ], [ 39.9759088, 59.1181181 ], [ 39.9755666, 59.1178682 ], [ 39.9748848, 59.1177658 ], [ 39.9744436, 59.1176824 ], [ 39.9743296, 59.117734 ], [ 39.9742112, 59.1177953 ], [ 39.9741145, 59.117848 ], [ 39.9740597, 59.1178901 ], [ 39.9740758, 59.1179875 ], [ 39.9741465, 59.1180521 ], [ 39.9742883, 59.1181195 ], [ 39.9743189, 59.1181862 ], [ 39.9744818, 59.1182664 ], [ 39.9746875, 59.1183052 ], [ 39.9749925, 59.1184317 ], [ 39.9752772, 59.1186863 ], [ 39.9751815, 59.1188324 ], [ 39.9745487, 59.1188877 ], [ 39.9722006, 59.1191429 ], [ 39.9679964, 59.123076 ], [ 39.9726358, 59.1243812 ], [ 39.9730802, 59.1245613 ], [ 39.9735667, 59.1246693 ], [ 39.9736786, 59.1247015 ], [ 39.9756485, 59.1252965 ], [ 39.9777675, 59.1259135 ], [ 39.9783274, 59.1260857 ], [ 39.9787964, 59.1258006 ], [ 39.9803271, 59.1250734 ] ] ], [ [ [ 39.9444177, 59.144626 ], [ 39.944589, 59.1446183 ], [ 39.9452019, 59.1444515 ], [ 39.9458811, 59.1443039 ], [ 39.9461876, 59.1443419 ], [ 39.9463052, 59.1443553 ], [ 39.9463534, 59.144292 ], [ 39.9463774, 59.1440329 ], [ 39.946516, 59.1438852 ], [ 39.9476775, 59.1433062 ], [ 39.9479628, 59.1432685 ], [ 39.9481934, 59.1433071 ], [ 39.9485314, 59.1434254 ], [ 39.9487714, 59.143429 ], [ 39.9508661, 59.1429274 ], [ 39.9516036, 59.1428193 ], [ 39.9545331, 59.1413568 ], [ 39.9548086, 59.1415313 ], [ 39.95522, 59.1418286 ], [ 39.9572909, 59.1435034 ], [ 39.9578018, 59.1438026 ], [ 39.9585544, 59.1444013 ], [ 39.9590395, 59.1448726 ], [ 39.9615353, 59.1444001 ], [ 39.96589, 59.1437239 ], [ 39.966168, 59.143686 ], [ 39.9667784, 59.1435685 ], [ 39.9676558, 59.1433942 ], [ 39.9679581, 59.1433699 ], [ 39.9707447, 59.1434639 ], [ 39.9719972, 59.1435934 ], [ 39.9766978, 59.1438632 ], [ 39.9774456, 59.1432254 ], [ 39.9779958, 59.1428508 ], [ 39.9790129, 59.1423771 ], [ 39.9807, 59.1420755 ], [ 39.9821767, 59.1422195 ], [ 39.9849016, 59.143072 ], [ 39.9854329, 59.1435551 ], [ 39.9859082, 59.1436138 ], [ 39.9881832, 59.1440969 ], [ 39.9898575, 59.1443157 ], [ 39.9914588, 59.1445137 ], [ 39.992656, 59.1446273 ], [ 39.99516, 59.1446364 ], [ 39.9965902, 59.1449573 ], [ 39.9971674, 59.1451936 ], [ 39.9979378, 59.1453272 ], [ 39.9990775, 59.1459013 ], [ 39.9998834, 59.1467314 ], [ 40.0007752, 59.146706 ], [ 40.0013876, 59.1468262 ], [ 40.0029748, 59.1466709 ], [ 40.0026815, 59.1463205 ], [ 40.0025197, 59.1458702 ], [ 40.0024381, 59.1456433 ], [ 40.0025233, 59.1449536 ], [ 40.0033895, 59.1434504 ], [ 40.0034374, 59.1432589 ], [ 40.0032729, 59.1430718 ], [ 40.0033093, 59.1429455 ], [ 40.0034615, 59.1428824 ], [ 40.0034644, 59.1428312 ], [ 40.0032768, 59.1424176 ], [ 40.0026763, 59.1416191 ], [ 40.0024866, 59.1413667 ], [ 40.0017254, 59.1408989 ], [ 40.0006526, 59.1404333 ], [ 39.9995349, 59.1400819 ], [ 39.9979598, 59.1396774 ], [ 39.9965675, 59.1391607 ], [ 39.9963488, 59.1390507 ], [ 39.9933768, 59.1374526 ], [ 39.9930362, 59.1375536 ], [ 39.9926817, 59.1375087 ], [ 39.9921537, 59.1376615 ], [ 39.9914608, 59.1379815 ], [ 39.991421, 59.1381528 ], [ 39.9919794, 59.1385555 ], [ 39.9925066, 59.1387494 ], [ 39.9922657, 59.1389529 ], [ 39.9928046, 59.1391633 ], [ 39.9926733, 59.1393214 ], [ 39.9943568, 59.1398004 ], [ 39.9939465, 59.1401903 ], [ 39.9936489, 59.1401133 ], [ 39.9935994, 59.1401586 ], [ 39.993183, 59.1399921 ], [ 39.9932094, 59.1399667 ], [ 39.9927719, 59.1398339 ], [ 39.9926547, 59.13991 ], [ 39.9922345, 59.1404134 ], [ 39.989379, 59.1396819 ], [ 39.9907547, 59.138398 ], [ 39.9903897, 59.1381903 ], [ 39.9906995, 59.1378619 ], [ 39.9927301, 59.1371057 ], [ 39.9887047, 59.1349449 ], [ 39.9878206, 59.1344076 ], [ 39.9874581, 59.1341873 ], [ 39.9866217, 59.133679 ], [ 39.9845674, 59.1325848 ], [ 39.9845211, 59.1325602 ], [ 39.9839692, 59.1322663 ], [ 39.9835013, 59.1320626 ], [ 39.9831036, 59.1318215 ], [ 39.9829021, 59.1313509 ], [ 39.9806366, 59.1278476 ], [ 39.981118, 59.1277109 ], [ 39.9808327, 59.1272185 ], [ 39.980494, 59.127461 ], [ 39.9792385, 59.127131 ], [ 39.9793174, 59.1270222 ], [ 39.978666, 59.1268346 ], [ 39.9778026, 59.1264138 ], [ 39.9730453, 59.1251264 ], [ 39.9717787, 59.1247757 ], [ 39.9715298, 59.1246473 ], [ 39.9697649, 59.1241102 ], [ 39.9686574, 59.1239202 ], [ 39.9671497, 59.1245968 ], [ 39.9671718, 59.1246868 ], [ 39.9693015, 59.125446 ], [ 39.9699218, 59.1252836 ], [ 39.9708788, 59.1255816 ], [ 39.9705481, 59.1259855 ], [ 39.9699081, 59.1261531 ], [ 39.9694082, 59.1261677 ], [ 39.9696155, 59.1266056 ], [ 39.9647536, 59.1290964 ], [ 39.9628807, 59.130048 ], [ 39.9646357, 59.1304947 ], [ 39.9647531, 59.1308535 ], [ 39.9655318, 59.1312813 ], [ 39.9657278, 59.1318085 ], [ 39.9664735, 59.1317523 ], [ 39.9666155, 59.1320193 ], [ 39.9663259, 59.1321529 ], [ 39.9667074, 59.1322858 ], [ 39.9667449, 59.1325749 ], [ 39.9671729, 59.1328176 ], [ 39.9669927, 59.1330254 ], [ 39.9664702, 59.1327561 ], [ 39.9659201, 59.1325938 ], [ 39.9653621, 59.1327238 ], [ 39.9655489, 59.1329836 ], [ 39.9657373, 59.1332094 ], [ 39.9654634, 59.1334867 ], [ 39.9647219, 59.1336525 ], [ 39.9647617, 59.1341126 ], [ 39.964567, 59.1344117 ], [ 39.9634219, 59.1344718 ], [ 39.9626398, 59.1352346 ], [ 39.9618748, 59.1350361 ], [ 39.9617263, 59.1352863 ], [ 39.9616484, 59.1356426 ], [ 39.9612856, 59.135525 ], [ 39.961069, 59.1356503 ], [ 39.9611839, 59.1358888 ], [ 39.9609755, 59.1362852 ], [ 39.9606452, 59.1364139 ], [ 39.9605958, 59.1366877 ], [ 39.9610379, 59.1369566 ], [ 39.9606861, 59.1371274 ], [ 39.9601697, 59.1368904 ], [ 39.9595672, 59.136894 ], [ 39.9576936, 59.1359123 ], [ 39.9577201, 59.1352849 ], [ 39.9556294, 59.1359284 ], [ 39.9514215, 59.1383694 ], [ 39.9444177, 59.144626 ] ] ], [ [ [ 40.0049045, 59.1446616 ], [ 40.0054593, 59.144611 ], [ 40.0057594, 59.1439337 ], [ 40.005988, 59.1435407 ], [ 40.0062167, 59.1431479 ], [ 40.0058826, 59.14263 ], [ 40.0061863, 59.1423464 ], [ 40.006049, 59.1420996 ], [ 40.0049041, 59.141518 ], [ 40.0046382, 59.1414822 ], [ 40.0041698, 59.1414065 ], [ 40.0037955, 59.141346 ], [ 40.0037152, 59.1413401 ], [ 40.0036481, 59.1413489 ], [ 40.0035695, 59.1413783 ], [ 40.0037939, 59.1412552 ], [ 40.0036085, 59.141226 ], [ 40.002871, 59.1410861 ], [ 40.0024621, 59.1410907 ], [ 40.0026894, 59.1412255 ], [ 40.0027764, 59.141279 ], [ 40.0035948, 59.1423672 ], [ 40.0035586, 59.1421511 ], [ 40.0043043, 59.1421257 ], [ 40.0043379, 59.1426631 ], [ 40.0037392, 59.1426855 ], [ 40.0037974, 59.142814 ], [ 40.003792, 59.1429081 ], [ 40.0037719, 59.1432595 ], [ 40.0037153, 59.1434857 ], [ 40.0028523, 59.1449836 ], [ 40.0027719, 59.145633 ], [ 40.0030013, 59.1462707 ], [ 40.0030764, 59.1463605 ], [ 40.0035967, 59.1462895 ], [ 40.0039353, 59.1460669 ], [ 40.003321, 59.1459834 ], [ 40.0032449, 59.1458253 ], [ 40.0036079, 59.1455824 ], [ 40.0036909, 59.1455814 ], [ 40.0038438, 59.1458125 ], [ 40.0039756, 59.1458097 ], [ 40.0041024, 59.145642 ], [ 40.0039752, 59.1455472 ], [ 40.0038173, 59.1454294 ], [ 40.0038702, 59.1452931 ], [ 40.0040326, 59.1451751 ], [ 40.0036846, 59.1449263 ], [ 40.0037345, 59.1448577 ], [ 40.0041785, 59.1446597 ], [ 40.0044017, 59.1446572 ], [ 40.0046622, 59.1447041 ], [ 40.0049045, 59.1446616 ] ] ] ] } },
{ "type": "Feature", "properties": { "NAME": "Геологическое обнажение у деревень Пуртовино и Исады", "NAME_EN": null, "NAME_RU": null, "LEISURE": "nature_reserve", "BOUNDARY": "protected_area", "OSM_TYPE": "relation", "OSM_ID": 10349892 }, "geometry": { "type": "MultiPolygon", "coordinates": [ [ [ [ 45.600559, 60.6101851 ], [ 45.6011471, 60.6107151 ], [ 45.600772, 60.611018 ], [ 45.6025062, 60.6118422 ], [ 45.6054399, 60.6125934 ], [ 45.6079953, 60.612928 ], [ 45.6122184, 60.6128718 ], [ 45.6164809, 60.6122648 ], [ 45.6208108, 60.6112304 ], [ 45.6253725, 60.6093311 ], [ 45.6307075, 60.6075825 ], [ 45.6305064, 60.6065938 ], [ 45.6303611, 60.6063982 ], [ 45.6302016, 60.606233 ], [ 45.6299141, 60.6061558 ], [ 45.6284432, 60.6061715 ], [ 45.628091, 60.6062311 ], [ 45.627862, 60.6062973 ], [ 45.6274774, 60.6063117 ], [ 45.6273898, 60.6062067 ], [ 45.6273174, 60.6060714 ], [ 45.6270046, 60.6060001 ], [ 45.6264928, 60.6059895 ], [ 45.6255063, 60.606026 ], [ 45.6243945, 60.6061 ], [ 45.6234789, 60.6061676 ], [ 45.6233375, 60.6062186 ], [ 45.6232479, 60.6063142 ], [ 45.6232081, 60.6063981 ], [ 45.6231873, 60.6064796 ], [ 45.6231572, 60.6065074 ], [ 45.6230821, 60.6065223 ], [ 45.6229678, 60.6065213 ], [ 45.6229069, 60.6064961 ], [ 45.622833, 60.6064319 ], [ 45.6227841, 60.6063619 ], [ 45.622511, 60.6062632 ], [ 45.621949, 60.6061868 ], [ 45.6213108, 60.6060849 ], [ 45.6209368, 60.6060645 ], [ 45.6206518, 60.606098 ], [ 45.6202773, 60.6063079 ], [ 45.618906, 60.6065338 ], [ 45.6160755, 60.6068672 ], [ 45.6155858, 60.6069183 ], [ 45.615193, 60.6070664 ], [ 45.6150956, 60.6072247 ], [ 45.6147759, 60.6072523 ], [ 45.6139665, 60.6072084 ], [ 45.6129668, 60.6072289 ], [ 45.6120809, 60.6073039 ], [ 45.6106871, 60.6076954 ], [ 45.610034, 60.6078527 ], [ 45.6087731, 60.6079705 ], [ 45.6075224, 60.6080057 ], [ 45.6065987, 60.608105 ], [ 45.6053222, 60.6082614 ], [ 45.6044815, 60.6082872 ], [ 45.6043671, 60.6083516 ], [ 45.6043327, 60.6086126 ], [ 45.6039915, 60.6086203 ], [ 45.6038808, 60.6085086 ], [ 45.603685, 60.6082414 ], [ 45.6031634, 60.6079854 ], [ 45.6027332, 60.6075365 ], [ 45.6023788, 60.6073922 ], [ 45.6012612, 60.6072043 ], [ 45.6011314, 60.6068062 ], [ 45.6004582, 60.6068397 ], [ 45.6002463, 60.6068979 ], [ 45.6001242, 60.6071938 ], [ 45.6000181, 60.6077198 ], [ 45.5999542, 60.6080355 ], [ 45.6004072, 60.6083107 ], [ 45.6004959, 60.6084335 ], [ 45.600354, 60.608646 ], [ 45.6000137, 60.6088722 ], [ 45.5999977, 60.6093968 ], [ 45.6001372, 60.6097135 ], [ 45.600559, 60.6101851 ] ] ], [ [ [ 45.6334243, 60.6108912 ], [ 45.6314505, 60.6115054 ], [ 45.6267202, 60.613254 ], [ 45.6246939, 60.6138615 ], [ 45.622611, 60.6142701 ], [ 45.6200591, 60.6149226 ], [ 45.6167343, 60.6155367 ], [ 45.6122713, 60.6159386 ], [ 45.6090907, 60.6158553 ], [ 45.6055984, 60.6155299 ], [ 45.6035425, 60.6151933 ], [ 45.6007875, 60.6145907 ], [ 45.5959364, 60.614968 ], [ 45.5973129, 60.6156629 ], [ 45.5992943, 60.6162581 ], [ 45.60314, 60.6169911 ], [ 45.6056074, 60.6173165 ], [ 45.6067706, 60.6176844 ], [ 45.60829, 60.6185264 ], [ 45.6096801, 60.619115 ], [ 45.610797, 60.6195374 ], [ 45.610796, 60.6198852 ], [ 45.6110285, 60.6200506 ], [ 45.61144, 60.6201785 ], [ 45.6116597, 60.6206055 ], [ 45.6108955, 60.621141 ], [ 45.6096988, 60.6216403 ], [ 45.6089891, 60.6221887 ], [ 45.6089545, 60.6227845 ], [ 45.6092461, 60.6235564 ], [ 45.6100391, 60.6245857 ], [ 45.6104399, 60.6249087 ], [ 45.6112924, 60.6251043 ], [ 45.6118478, 60.6253296 ], [ 45.6121212, 60.6256996 ], [ 45.6123039, 60.6258874 ], [ 45.612762, 60.6259063 ], [ 45.6131968, 60.625813 ], [ 45.614216, 60.6258081 ], [ 45.6147406, 60.6256563 ], [ 45.6152271, 60.6253933 ], [ 45.6157707, 60.6250882 ], [ 45.6163893, 60.6250769 ], [ 45.61698, 60.625213 ], [ 45.6180064, 60.6257166 ], [ 45.6185241, 60.62575 ], [ 45.6191881, 60.6255811 ], [ 45.6190522, 60.6253398 ], [ 45.6183079, 60.6249508 ], [ 45.6181664, 60.624539 ], [ 45.618469, 60.6242941 ], [ 45.6191426, 60.624208 ], [ 45.6213039, 60.6243163 ], [ 45.6258579, 60.6243606 ], [ 45.6261797, 60.6241498 ], [ 45.6259964, 60.6240419 ], [ 45.6262904, 60.6237992 ], [ 45.6263312, 60.6235091 ], [ 45.6264453, 60.6233583 ], [ 45.6267187, 60.6233312 ], [ 45.6301229, 60.6237915 ], [ 45.6299705, 60.6231181 ], [ 45.6304912, 60.6231412 ], [ 45.6323003, 60.6233727 ], [ 45.6348438, 60.6239084 ], [ 45.6366753, 60.6240123 ], [ 45.638374, 60.6240423 ], [ 45.6393845, 60.6239756 ], [ 45.638987, 60.6236717 ], [ 45.6389156, 60.6233212 ], [ 45.6394125, 60.6230394 ], [ 45.6405712, 60.6229568 ], [ 45.6413743, 60.622921 ], [ 45.6422262, 60.6226701 ], [ 45.643341, 60.6223559 ], [ 45.6439708, 60.6222644 ], [ 45.6439841, 60.6219496 ], [ 45.643775, 60.6218151 ], [ 45.6435821, 60.621584 ], [ 45.6433364, 60.6215388 ], [ 45.6429119, 60.6211619 ], [ 45.6424036, 60.6207105 ], [ 45.6410971, 60.6202806 ], [ 45.6398274, 60.6198768 ], [ 45.6390548, 60.6193103 ], [ 45.6382616, 60.6185734 ], [ 45.6382326, 60.6183808 ], [ 45.6411695, 60.6182851 ], [ 45.6420215, 60.6182617 ], [ 45.6422978, 60.6181382 ], [ 45.6423684, 60.6179006 ], [ 45.6420678, 60.6176385 ], [ 45.6415886, 60.6174655 ], [ 45.6412319, 60.6168499 ], [ 45.6405033, 60.6161275 ], [ 45.6378074, 60.6128948 ], [ 45.6364029, 60.6120345 ], [ 45.6334243, 60.6108912 ] ] ] ] } },
{ "type": "Feature", "properties": { "NAME": "Урочище \"Стрельна\"", "NAME_EN": null, "NAME_RU": null, "LEISURE": "nature_reserve", "BOUNDARY": "protected_area", "OSM_TYPE": "relation", "OSM_ID": 10349893 }, "geometry": { "type": "MultiPolygon", "coordinates": [ [ [ [ 45.5052232, 60.5837407 ], [ 45.5119225, 60.5844509 ], [ 45.5131725, 60.5849009 ], [ 45.5156225, 60.5855516 ], [ 45.5188199, 60.5863533 ], [ 45.5225366, 60.58725 ], [ 45.5262408, 60.5885046 ], [ 45.5313382, 60.5909257 ], [ 45.5362697, 60.5931538 ], [ 45.5379174, 60.5928472 ], [ 45.5401638, 60.5918865 ], [ 45.5414298, 60.591066 ], [ 45.5429951, 60.5907932 ], [ 45.545689, 60.5900459 ], [ 45.5462603, 60.5897785 ], [ 45.5481576, 60.5888907 ], [ 45.5491229, 60.5886967 ], [ 45.5530179, 60.5891454 ], [ 45.5523986, 60.5889344 ], [ 45.5509759, 60.5884578 ], [ 45.5493955, 60.5879321 ], [ 45.547228, 60.5872079 ], [ 45.5459599, 60.5867768 ], [ 45.5453636, 60.5865565 ], [ 45.5449099, 60.5863548 ], [ 45.5444276, 60.5860975 ], [ 45.5439638, 60.5857396 ], [ 45.5434868, 60.5852584 ], [ 45.541971, 60.5836039 ], [ 45.5414991, 60.5830348 ], [ 45.5414049, 60.5828984 ], [ 45.5412459, 60.582637 ], [ 45.5411448, 60.5824338 ], [ 45.5410343, 60.5821613 ], [ 45.5409325, 60.5818125 ], [ 45.5407938, 60.5809989 ], [ 45.5407269, 60.5805822 ], [ 45.5406777, 60.5802884 ], [ 45.5406747, 60.5802734 ], [ 45.5406199, 60.5800855 ], [ 45.5405361, 60.5798811 ], [ 45.540402, 60.5796787 ], [ 45.540253, 60.5795308 ], [ 45.5401408, 60.5794522 ], [ 45.5399224, 60.579338 ], [ 45.5393222, 60.5791205 ], [ 45.5383579, 60.5788406 ], [ 45.5360719, 60.5782154 ], [ 45.5343625, 60.5777259 ], [ 45.5336074, 60.5774984 ], [ 45.5331958, 60.5773592 ], [ 45.5322426, 60.5769821 ], [ 45.5305128, 60.5762739 ], [ 45.5285804, 60.5755305 ], [ 45.5273177, 60.5750566 ], [ 45.5246531, 60.5740778 ], [ 45.5216196, 60.5745401 ], [ 45.5181455, 60.575346 ], [ 45.5158767, 60.5763995 ], [ 45.5139593, 60.5776784 ], [ 45.5128661, 60.5796144 ], [ 45.5091309, 60.5798416 ], [ 45.5056308, 60.5815129 ], [ 45.5051241, 60.5823445 ], [ 45.5052232, 60.5837407 ] ], [ [ 45.5211342, 60.5748857 ], [ 45.5211299, 60.5748827 ], [ 45.5211267, 60.5748794 ], [ 45.5211248, 60.5748759 ], [ 45.5211239, 60.5748724 ], [ 45.5211245, 60.5748688 ], [ 45.5211263, 60.5748653 ], [ 45.5211293, 60.5748619 ], [ 45.5211334, 60.5748589 ], [ 45.5211386, 60.5748563 ], [ 45.5211445, 60.5748542 ], [ 45.5211512, 60.5748526 ], [ 45.5211583, 60.5748516 ], [ 45.5211656, 60.5748512 ], [ 45.5211729, 60.5748515 ], [ 45.5211801, 60.5748524 ], [ 45.5211868, 60.5748539 ], [ 45.5211929, 60.5748559 ], [ 45.5211983, 60.5748584 ], [ 45.5212026, 60.5748614 ], [ 45.5212058, 60.5748647 ], [ 45.5212077, 60.5748682 ], [ 45.5212085, 60.5748717 ], [ 45.5212079, 60.5748753 ], [ 45.5212062, 60.5748789 ], [ 45.5212032, 60.5748822 ], [ 45.5211991, 60.5748852 ], [ 45.5211939, 60.5748878 ], [ 45.5211879, 60.5748899 ], [ 45.5211812, 60.5748915 ], [ 45.5211741, 60.5748925 ], [ 45.5211669, 60.5748929 ], [ 45.5211596, 60.5748926 ], [ 45.5211524, 60.5748917 ], [ 45.5211456, 60.5748902 ], [ 45.5211395, 60.5748882 ], [ 45.5211342, 60.5748857 ] ] ], [ [ [ 45.5439664, 60.5847501 ], [ 45.5440415, 60.5848297 ], [ 45.5447294, 60.5855398 ], [ 45.5448914, 60.5856756 ], [ 45.545215, 60.5858904 ], [ 45.5455199, 60.5860503 ], [ 45.5459165, 60.5862281 ], [ 45.5464682, 60.5864319 ], [ 45.5470495, 60.586632 ], [ 45.5498814, 60.5875797 ], [ 45.5524224, 60.5884251 ], [ 45.5534449, 60.5887733 ], [ 45.5545162, 60.5891381 ], [ 45.5554219, 60.5891046 ], [ 45.5554782, 60.5891079 ], [ 45.557617, 60.5891768 ], [ 45.5600961, 60.5890743 ], [ 45.5614485, 60.5888409 ], [ 45.5626105, 60.5887482 ], [ 45.5652007, 60.5885489 ], [ 45.5668088, 60.5885875 ], [ 45.5683804, 60.5886176 ], [ 45.5688684, 60.5888859 ], [ 45.5693376, 60.5894044 ], [ 45.5706459, 60.590424 ], [ 45.5715456, 60.5909648 ], [ 45.5720322, 60.5913775 ], [ 45.5722815, 60.5919783 ], [ 45.5734396, 60.5931767 ], [ 45.5752428, 60.5943997 ], [ 45.5766177, 60.5950166 ], [ 45.5777832, 60.5955396 ], [ 45.5801065, 60.5960843 ], [ 45.5820938, 60.5964729 ], [ 45.586677, 60.5966706 ], [ 45.5877514, 60.5963634 ], [ 45.5879092, 60.5947139 ], [ 45.5878986, 60.5944516 ], [ 45.5877147, 60.5942526 ], [ 45.5876823, 60.5942318 ], [ 45.5873727, 60.5942768 ], [ 45.5867272, 60.5942215 ], [ 45.585705, 60.5940671 ], [ 45.5847808, 60.5939881 ], [ 45.583966, 60.5938954 ], [ 45.5832496, 60.5937729 ], [ 45.5825868, 60.5936902 ], [ 45.5821855, 60.5936437 ], [ 45.5825532, 60.5934731 ], [ 45.5822, 60.5933686 ], [ 45.5819376, 60.5932365 ], [ 45.5809877, 60.5929404 ], [ 45.5806923, 60.5928398 ], [ 45.5803321, 60.5926003 ], [ 45.5800544, 60.5926022 ], [ 45.5798798, 60.5925635 ], [ 45.5797797, 60.5924681 ], [ 45.5796892, 60.5923091 ], [ 45.579661, 60.592084 ], [ 45.5803319, 60.5916435 ], [ 45.5813328, 60.5922015 ], [ 45.5827245, 60.592691 ], [ 45.5837324, 60.5929658 ], [ 45.5842071, 60.5929531 ], [ 45.5846235, 60.5928998 ], [ 45.5850615, 60.5927179 ], [ 45.5856644, 60.5926069 ], [ 45.5858971, 60.5925009 ], [ 45.5862813, 60.5925276 ], [ 45.5866833, 60.5925309 ], [ 45.5877112, 60.5924447 ], [ 45.5881981, 60.5921543 ], [ 45.5886645, 60.5920472 ], [ 45.5888463, 60.5919502 ], [ 45.589082, 60.5917821 ], [ 45.58939, 60.5917674 ], [ 45.5895561, 60.591508 ], [ 45.5901053, 60.5912734 ], [ 45.5908123, 60.5911816 ], [ 45.591266, 60.5912655 ], [ 45.5940968, 60.5911356 ], [ 45.5948459, 60.5911894 ], [ 45.5951925, 60.5917019 ], [ 45.5958019, 60.5921831 ], [ 45.5963475, 60.5927211 ], [ 45.5971811, 60.5931027 ], [ 45.5981265, 60.5934696 ], [ 45.5972615, 60.5937269 ], [ 45.5979572, 60.5938742 ], [ 45.5981759, 60.5939699 ], [ 45.5984122, 60.5941065 ], [ 45.5988094, 60.5942475 ], [ 45.5987953, 60.5946332 ], [ 45.5994439, 60.5953734 ], [ 45.6004129, 60.596252 ], [ 45.6018622, 60.5967972 ], [ 45.6017272, 60.5969508 ], [ 45.6016705, 60.597139 ], [ 45.60202, 60.5981869 ], [ 45.5999854, 60.5975984 ], [ 45.5989659, 60.5972144 ], [ 45.5983655, 60.5970616 ], [ 45.5974277, 60.5968235 ], [ 45.5969426, 60.5966335 ], [ 45.5963501, 60.5964396 ], [ 45.5952787, 60.5960976 ], [ 45.5937684, 60.5956339 ], [ 45.592638, 60.5952801 ], [ 45.5924449, 60.5951847 ], [ 45.5923413, 60.5949503 ], [ 45.5921808, 60.5947195 ], [ 45.5920323, 60.5946659 ], [ 45.5919125, 60.5946857 ], [ 45.5916952, 60.5949717 ], [ 45.5900116, 60.5944972 ], [ 45.589405, 60.5942998 ], [ 45.5891981, 60.5942917 ], [ 45.5894234, 60.5948747 ], [ 45.5895818, 60.5950894 ], [ 45.5895608, 60.5952882 ], [ 45.5894538, 60.5953607 ], [ 45.5889744, 60.5952782 ], [ 45.5886504, 60.5952641 ], [ 45.5885073, 60.5946162 ], [ 45.5883651, 60.5942729 ], [ 45.5881757, 60.5942743 ], [ 45.5882984, 60.594407 ], [ 45.5883109, 60.5947165 ], [ 45.5881644, 60.5962452 ], [ 45.5900068, 60.5957182 ], [ 45.592479, 60.596731 ], [ 45.5961007, 60.5973296 ], [ 45.5984746, 60.5975192 ], [ 45.5996651, 60.5981467 ], [ 45.6007287, 60.5988536 ], [ 45.6026587, 60.6003298 ], [ 45.6055799, 60.6019392 ], [ 45.6092337, 60.6028309 ], [ 45.6119252, 60.6034664 ], [ 45.6147098, 60.6041631 ], [ 45.6150396, 60.6042446 ], [ 45.6169059, 60.604053 ], [ 45.6183798, 60.603893 ], [ 45.6194544, 60.6038 ], [ 45.6195765, 60.6037885 ], [ 45.6213866, 60.6036569 ], [ 45.6219607, 60.6036155 ], [ 45.6231399, 60.603554 ], [ 45.6240995, 60.6035169 ], [ 45.6261702, 60.6035424 ], [ 45.6279203, 60.6036319 ], [ 45.6293411, 60.6036828 ], [ 45.6324247, 60.6023323 ], [ 45.6347977, 60.6002737 ], [ 45.6354452, 60.5980926 ], [ 45.6351872, 60.5965014 ], [ 45.6362427, 60.5957456 ], [ 45.6382382, 60.5953606 ], [ 45.6399916, 60.5952293 ], [ 45.6440965, 60.5948834 ], [ 45.6499967, 60.5929953 ], [ 45.6505908, 60.591323 ], [ 45.6508711, 60.5909839 ], [ 45.6516565, 60.5907206 ], [ 45.6525986, 60.5907973 ], [ 45.6552617, 60.5905921 ], [ 45.6575866, 60.5907101 ], [ 45.6610595, 60.5904683 ], [ 45.6645304, 60.589697 ], [ 45.66725, 60.5885876 ], [ 45.6722096, 60.5862229 ], [ 45.6735888, 60.58496 ], [ 45.6744605, 60.5838497 ], [ 45.6752005, 60.5818605 ], [ 45.6741526, 60.5793457 ], [ 45.6714144, 60.5772041 ], [ 45.6683331, 60.5757443 ], [ 45.6650207, 60.5746518 ], [ 45.6615804, 60.5742138 ], [ 45.6613838, 60.5741954 ], [ 45.6641785, 60.5737285 ], [ 45.6668183, 60.5723667 ], [ 45.6616888, 60.5683083 ], [ 45.6605247, 60.5682343 ], [ 45.6562856, 60.5638239 ], [ 45.6496345, 60.5658467 ], [ 45.6477773, 60.5663548 ], [ 45.6436346, 60.566559 ], [ 45.6411083, 60.5668753 ], [ 45.6373448, 60.5675161 ], [ 45.6337203, 60.5680746 ], [ 45.6303022, 60.5690179 ], [ 45.6287604, 60.5700189 ], [ 45.6276031, 60.5707704 ], [ 45.6264519, 60.5727379 ], [ 45.6266639, 60.5747637 ], [ 45.6278669, 60.5764586 ], [ 45.6304188, 60.5780115 ], [ 45.6321721, 60.5788303 ], [ 45.6335739, 60.5797535 ], [ 45.6317092, 60.580724 ], [ 45.6280813, 60.5798627 ], [ 45.6262142, 60.5793827 ], [ 45.6232431, 60.5788676 ], [ 45.6187962, 60.5781108 ], [ 45.6156619, 60.5779683 ], [ 45.6125653, 60.5781461 ], [ 45.6089407, 60.5788397 ], [ 45.6052295, 60.5806422 ], [ 45.6024876, 60.5830169 ], [ 45.6008931, 60.5822111 ], [ 45.5975543, 60.5810337 ], [ 45.592991, 60.5805108 ], [ 45.5895399, 60.5805396 ], [ 45.5844034, 60.5813055 ], [ 45.5824547, 60.5821683 ], [ 45.5816042, 60.5819107 ], [ 45.5806608, 60.5808582 ], [ 45.5755138, 60.5793066 ], [ 45.5710427, 60.5788719 ], [ 45.5669087, 60.5789223 ], [ 45.5633522, 60.5791599 ], [ 45.5607651, 60.5788745 ], [ 45.5583798, 60.579303 ], [ 45.5575491, 60.5793181 ], [ 45.5569123, 60.5793297 ], [ 45.5561363, 60.579542 ], [ 45.5534553, 60.5786716 ], [ 45.5523207, 60.578479 ], [ 45.5511168, 60.5776911 ], [ 45.5468879, 60.5764412 ], [ 45.5426957, 60.5758711 ], [ 45.5412796, 60.576035 ], [ 45.5388348, 60.5759626 ], [ 45.5359386, 60.5763108 ], [ 45.5344152, 60.575533 ], [ 45.5325396, 60.5748342 ], [ 45.5289412, 60.5740777 ], [ 45.5259699, 60.5740933 ], [ 45.528391, 60.57492 ], [ 45.5291116, 60.5751942 ], [ 45.5310564, 60.5759423 ], [ 45.5327906, 60.5766524 ], [ 45.5337137, 60.5770176 ], [ 45.5340764, 60.577141 ], [ 45.5348058, 60.57736 ], [ 45.5364999, 60.5778452 ], [ 45.5387881, 60.578471 ], [ 45.5398, 60.5787646 ], [ 45.5404989, 60.579018 ], [ 45.5408139, 60.5791826 ], [ 45.5409992, 60.5793126 ], [ 45.5412056, 60.5795172 ], [ 45.5413749, 60.5797727 ], [ 45.5414733, 60.5800131 ], [ 45.5415346, 60.5802231 ], [ 45.54154, 60.5802509 ], [ 45.5416041, 60.5806342 ], [ 45.5416378, 60.5808358 ], [ 45.5428753, 60.5808537 ], [ 45.543327, 60.5809147 ], [ 45.5438997, 60.5810765 ], [ 45.5444631, 60.5813145 ], [ 45.5443394, 60.581362 ], [ 45.5451792, 60.5818717 ], [ 45.5468144, 60.5828932 ], [ 45.5477338, 60.5834385 ], [ 45.5473865, 60.5836544 ], [ 45.5467181, 60.583952 ], [ 45.5463588, 60.583814 ], [ 45.5452779, 60.5843099 ], [ 45.5439664, 60.5847501 ] ], [ [ 45.5928802, 60.5956221 ], [ 45.5928759, 60.5956192 ], [ 45.5928727, 60.5956159 ], [ 45.5928708, 60.5956124 ], [ 45.5928699, 60.5956088 ], [ 45.5928706, 60.5956052 ], [ 45.5928723, 60.5956017 ], [ 45.5928753, 60.5955984 ], [ 45.5928794, 60.5955954 ], [ 45.5928846, 60.5955927 ], [ 45.5928905, 60.5955906 ], [ 45.5928972, 60.5955891 ], [ 45.5929043, 60.5955881 ], [ 45.5929116, 60.5955877 ], [ 45.5929189, 60.595588 ], [ 45.5929261, 60.5955888 ], [ 45.5929329, 60.5955903 ], [ 45.592939, 60.5955923 ], [ 45.5929443, 60.5955949 ], [ 45.5929486, 60.5955978 ], [ 45.5929518, 60.5956011 ], [ 45.5929538, 60.5956046 ], [ 45.5929546, 60.5956082 ], [ 45.592954, 60.5956118 ], [ 45.5929523, 60.5956153 ], [ 45.5929493, 60.5956186 ], [ 45.5929452, 60.5956216 ], [ 45.59294, 60.5956243 ], [ 45.592934, 60.5956264 ], [ 45.5929273, 60.595628 ], [ 45.5929202, 60.5956289 ], [ 45.592913, 60.5956293 ], [ 45.5929056, 60.595629 ], [ 45.5928985, 60.5956282 ], [ 45.5928917, 60.5956267 ], [ 45.5928856, 60.5956247 ], [ 45.5928802, 60.5956221 ] ], [ [ 45.5965516, 60.5967802 ], [ 45.5965473, 60.5967773 ], [ 45.5965441, 60.596774 ], [ 45.5965422, 60.5967705 ], [ 45.5965413, 60.5967669 ], [ 45.596542, 60.5967633 ], [ 45.5965437, 60.5967598 ], [ 45.5965467, 60.5967565 ], [ 45.5965508, 60.5967535 ], [ 45.596556, 60.5967508 ], [ 45.5965619, 60.5967487 ], [ 45.5965686, 60.5967471 ], [ 45.5965757, 60.5967462 ], [ 45.596583, 60.5967458 ], [ 45.5965903, 60.5967461 ], [ 45.5965975, 60.5967469 ], [ 45.5966043, 60.5967484 ], [ 45.5966103, 60.5967504 ], [ 45.5966157, 60.596753 ], [ 45.59662, 60.5967559 ], [ 45.5966232, 60.5967592 ], [ 45.5966252, 60.5967627 ], [ 45.596626, 60.5967663 ], [ 45.5966254, 60.5967699 ], [ 45.5966237, 60.5967734 ], [ 45.5966207, 60.5967767 ], [ 45.5966166, 60.5967797 ], [ 45.5966114, 60.5967823 ], [ 45.5966054, 60.5967845 ], [ 45.5965987, 60.596786 ], [ 45.5965916, 60.596787 ], [ 45.5965843, 60.5967874 ], [ 45.596577, 60.5967871 ], [ 45.5965699, 60.5967863 ], [ 45.5965631, 60.5967848 ], [ 45.596557, 60.5967828 ], [ 45.5965516, 60.5967802 ] ], [ [ 45.6004232, 60.5980012 ], [ 45.6004189, 60.5979983 ], [ 45.6004157, 60.597995 ], [ 45.6004138, 60.5979915 ], [ 45.6004129, 60.597988 ], [ 45.6004135, 60.5979844 ], [ 45.6004152, 60.5979808 ], [ 45.6004182, 60.5979775 ], [ 45.6004223, 60.5979745 ], [ 45.6004275, 60.5979719 ], [ 45.6004335, 60.5979698 ], [ 45.6004402, 60.5979682 ], [ 45.6004473, 60.5979672 ], [ 45.6004546, 60.5979668 ], [ 45.6004619, 60.5979671 ], [ 45.600469, 60.5979679 ], [ 45.6004758, 60.5979694 ], [ 45.6004819, 60.5979714 ], [ 45.6004873, 60.597974 ], [ 45.6004916, 60.5979769 ], [ 45.6004948, 60.5979802 ], [ 45.6004967, 60.5979837 ], [ 45.6004976, 60.5979873 ], [ 45.600497, 60.5979909 ], [ 45.6004953, 60.5979944 ], [ 45.6004923, 60.5979977 ], [ 45.6004882, 60.5980007 ], [ 45.600483, 60.5980034 ], [ 45.600477, 60.5980055 ], [ 45.6004703, 60.5980071 ], [ 45.6004632, 60.598008 ], [ 45.6004559, 60.5980084 ], [ 45.6004486, 60.5980081 ], [ 45.6004415, 60.5980073 ], [ 45.6004347, 60.5980058 ], [ 45.6004286, 60.5980038 ], [ 45.6004232, 60.5980012 ] ], [ [ 45.6044671, 60.5992528 ], [ 45.6044628, 60.5992498 ], [ 45.6044596, 60.5992465 ], [ 45.6044576, 60.5992431 ], [ 45.6044568, 60.5992395 ], [ 45.6044574, 60.5992359 ], [ 45.6044591, 60.5992324 ], [ 45.6044621, 60.599229 ], [ 45.6044662, 60.599226 ], [ 45.6044714, 60.5992234 ], [ 45.6044774, 60.5992213 ], [ 45.6044841, 60.5992197 ], [ 45.6044912, 60.5992187 ], [ 45.6044985, 60.5992183 ], [ 45.6045058, 60.5992186 ], [ 45.6045129, 60.5992195 ], [ 45.6045197, 60.5992209 ], [ 45.6045258, 60.599223 ], [ 45.6045312, 60.5992255 ], [ 45.6045355, 60.5992284 ], [ 45.6045387, 60.5992317 ], [ 45.6045406, 60.5992352 ], [ 45.6045415, 60.5992388 ], [ 45.6045409, 60.5992424 ], [ 45.6045392, 60.5992459 ], [ 45.6045362, 60.5992493 ], [ 45.6045321, 60.5992523 ], [ 45.6045268, 60.5992549 ], [ 45.6045209, 60.599257 ], [ 45.6045142, 60.5992586 ], [ 45.6045071, 60.5992595 ], [ 45.6044998, 60.59926 ], [ 45.6044925, 60.5992597 ], [ 45.6044854, 60.5992588 ], [ 45.6044786, 60.5992573 ], [ 45.6044725, 60.5992553 ], [ 45.6044671, 60.5992528 ] ], [ [ 45.608458, 60.6004886 ], [ 45.6084527, 60.600486 ], [ 45.6084484, 60.6004831 ], [ 45.6084451, 60.6004798 ], [ 45.6084432, 60.6004763 ], [ 45.6084424, 60.6004728 ], [ 45.608443, 60.6004692 ], [ 45.6084447, 60.6004656 ], [ 45.6084477, 60.6004623 ], [ 45.6084518, 60.6004593 ], [ 45.608457, 60.6004567 ], [ 45.6084629, 60.6004546 ], [ 45.6084696, 60.600453 ], [ 45.6084767, 60.600452 ], [ 45.608484, 60.6004516 ], [ 45.6084913, 60.6004519 ], [ 45.6084985, 60.6004527 ], [ 45.6085053, 60.6004542 ], [ 45.6085114, 60.6004562 ], [ 45.6085167, 60.6004588 ], [ 45.608521, 60.6004617 ], [ 45.6085243, 60.600465 ], [ 45.6085262, 60.6004685 ], [ 45.608527, 60.6004721 ], [ 45.6085264, 60.6004757 ], [ 45.6085247, 60.6004792 ], [ 45.6085217, 60.6004825 ], [ 45.6085176, 60.6004855 ], [ 45.6085124, 60.6004882 ], [ 45.6085065, 60.6004903 ], [ 45.6084998, 60.6004919 ], [ 45.6084927, 60.6004928 ], [ 45.6084854, 60.6004932 ], [ 45.6084781, 60.6004929 ], [ 45.6084709, 60.6004921 ], [ 45.6084641, 60.6004906 ], [ 45.608458, 60.6004886 ] ], [ [ 45.6124387, 60.6017191 ], [ 45.6124344, 60.6017162 ], [ 45.6124312, 60.6017129 ], [ 45.6124293, 60.6017094 ], [ 45.6124284, 60.6017058 ], [ 45.612429, 60.6017022 ], [ 45.6124307, 60.6016987 ], [ 45.6124337, 60.6016954 ], [ 45.6124378, 60.6016924 ], [ 45.612443, 60.6016897 ], [ 45.612449, 60.6016876 ], [ 45.6124557, 60.601686 ], [ 45.6124628, 60.6016851 ], [ 45.6124701, 60.6016847 ], [ 45.6124774, 60.601685 ], [ 45.6124845, 60.6016858 ], [ 45.6124913, 60.6016873 ], [ 45.6124974, 60.6016893 ], [ 45.6125028, 60.6016919 ], [ 45.6125071, 60.6016948 ], [ 45.6125103, 60.6016981 ], [ 45.6125122, 60.6017016 ], [ 45.6125131, 60.6017052 ], [ 45.6125125, 60.6017087 ], [ 45.6125108, 60.6017123 ], [ 45.6125078, 60.6017156 ], [ 45.6125037, 60.6017186 ], [ 45.6124985, 60.6017212 ], [ 45.6124925, 60.6017234 ], [ 45.6124858, 60.6017249 ], [ 45.6124787, 60.6017259 ], [ 45.6124714, 60.6017263 ], [ 45.6124641, 60.601726 ], [ 45.612457, 60.6017252 ], [ 45.6124502, 60.6017237 ], [ 45.6124441, 60.6017217 ], [ 45.6124387, 60.6017191 ] ], [ [ 45.6166116, 60.6031175 ], [ 45.6166326, 60.6030173 ], [ 45.616837, 60.6030276 ], [ 45.6168161, 60.6031278 ], [ 45.6166116, 60.6031175 ] ], [ [ 45.6195, 60.6023927 ], [ 45.6194948, 60.6023901 ], [ 45.6194905, 60.6023872 ], [ 45.6194873, 60.6023839 ], [ 45.6194854, 60.6023804 ], [ 45.6194845, 60.6023768 ], [ 45.6194851, 60.6023732 ], [ 45.6194869, 60.6023697 ], [ 45.6194898, 60.6023664 ], [ 45.6194939, 60.6023634 ], [ 45.619499, 60.6023607 ], [ 45.6195049, 60.6023586 ], [ 45.6195116, 60.602357 ], [ 45.6195189, 60.6023561 ], [ 45.619526, 60.6023557 ], [ 45.6195335, 60.602356 ], [ 45.6195405, 60.6023568 ], [ 45.6195473, 60.6023583 ], [ 45.6195535, 60.6023603 ], [ 45.6195589, 60.6023628 ], [ 45.619563, 60.6023658 ], [ 45.6195664, 60.6023691 ], [ 45.6195684, 60.6023725 ], [ 45.6195692, 60.6023761 ], [ 45.6195686, 60.6023797 ], [ 45.6195669, 60.6023832 ], [ 45.6195637, 60.6023866 ], [ 45.6195598, 60.6023896 ], [ 45.6195546, 60.6023922 ], [ 45.6195485, 60.6023943 ], [ 45.6195418, 60.6023959 ], [ 45.6195349, 60.6023969 ], [ 45.6195274, 60.6023973 ], [ 45.6195203, 60.602397 ], [ 45.6195129, 60.6023961 ], [ 45.6195061, 60.6023947 ], [ 45.6195, 60.6023927 ] ], [ [ 45.5756866, 60.592769 ], [ 45.5756823, 60.5927661 ], [ 45.5756791, 60.5927628 ], [ 45.5756772, 60.5927593 ], [ 45.5756763, 60.5927557 ], [ 45.575677, 60.5927521 ], [ 45.5756787, 60.5927486 ], [ 45.5756817, 60.5927452 ], [ 45.5756858, 60.5927422 ], [ 45.575691, 60.5927396 ], [ 45.5756969, 60.5927375 ], [ 45.5757036, 60.5927359 ], [ 45.5757107, 60.592735 ], [ 45.575718, 60.5927345 ], [ 45.5757253, 60.5927348 ], [ 45.5757325, 60.5927357 ], [ 45.5757393, 60.5927372 ], [ 45.5757453, 60.5927392 ], [ 45.5757507, 60.5927417 ], [ 45.575755, 60.5927447 ], [ 45.5757582, 60.592748 ], [ 45.5757602, 60.5927515 ], [ 45.575761, 60.592755 ], [ 45.5757604, 60.5927586 ], [ 45.5757587, 60.5927621 ], [ 45.5757557, 60.5927655 ], [ 45.5757516, 60.5927685 ], [ 45.5757464, 60.5927711 ], [ 45.5757404, 60.5927732 ], [ 45.5757337, 60.5927748 ], [ 45.5757266, 60.5927758 ], [ 45.5757193, 60.5927762 ], [ 45.575712, 60.5927759 ], [ 45.5757049, 60.592775 ], [ 45.5756981, 60.5927736 ], [ 45.575692, 60.5927715 ], [ 45.5756866, 60.592769 ] ], [ [ 45.5800881, 60.5933004 ], [ 45.5800827, 60.5932978 ], [ 45.5800785, 60.5932949 ], [ 45.5800752, 60.5932916 ], [ 45.5800733, 60.5932881 ], [ 45.5800725, 60.5932845 ], [ 45.5800731, 60.5932809 ], [ 45.5800748, 60.5932774 ], [ 45.5800778, 60.593274 ], [ 45.5800819, 60.593271 ], [ 45.5800871, 60.5932684 ], [ 45.5800931, 60.5932663 ], [ 45.5800998, 60.5932647 ], [ 45.5801068, 60.5932638 ], [ 45.5801141, 60.5932634 ], [ 45.5801214, 60.5932637 ], [ 45.5801286, 60.5932645 ], [ 45.5801354, 60.593266 ], [ 45.5801415, 60.593268 ], [ 45.5801469, 60.5932705 ], [ 45.5801511, 60.5932735 ], [ 45.5801543, 60.5932768 ], [ 45.5801563, 60.5932803 ], [ 45.5801571, 60.5932838 ], [ 45.5801565, 60.5932874 ], [ 45.5801548, 60.593291 ], [ 45.5801518, 60.5932943 ], [ 45.5801477, 60.5932973 ], [ 45.5801425, 60.5932999 ], [ 45.5801365, 60.593302 ], [ 45.5801298, 60.5933036 ], [ 45.5801227, 60.5933046 ], [ 45.5801155, 60.593305 ], [ 45.5801082, 60.5933047 ], [ 45.580101, 60.5933038 ], [ 45.5800942, 60.5933024 ], [ 45.5800881, 60.5933004 ] ], [ [ 45.5454012, 60.584733 ], [ 45.545397, 60.5847301 ], [ 45.5453938, 60.5847268 ], [ 45.5453918, 60.5847233 ], [ 45.545391, 60.5847197 ], [ 45.5453916, 60.5847161 ], [ 45.5453933, 60.5847126 ], [ 45.5453963, 60.5847093 ], [ 45.5454004, 60.5847063 ], [ 45.5454056, 60.5847036 ], [ 45.5454116, 60.5847015 ], [ 45.5454183, 60.5846999 ], [ 45.5454254, 60.584699 ], [ 45.5454327, 60.5846986 ], [ 45.54544, 60.5846989 ], [ 45.5454471, 60.5846997 ], [ 45.5454539, 60.5847012 ], [ 45.54546, 60.5847032 ], [ 45.5454654, 60.5847058 ], [ 45.5454697, 60.5847087 ], [ 45.5454729, 60.584712 ], [ 45.5454748, 60.5847155 ], [ 45.5454756, 60.5847191 ], [ 45.545475, 60.5847227 ], [ 45.5454733, 60.5847262 ], [ 45.5454703, 60.5847295 ], [ 45.5454662, 60.5847325 ], [ 45.545461, 60.5847352 ], [ 45.545455, 60.5847373 ], [ 45.5454483, 60.5847389 ], [ 45.5454412, 60.5847398 ], [ 45.5454339, 60.5847402 ], [ 45.5454266, 60.5847399 ], [ 45.5454195, 60.5847391 ], [ 45.5454127, 60.5847376 ], [ 45.5454066, 60.5847356 ], [ 45.5454012, 60.584733 ] ], [ [ 45.5481583, 60.5858731 ], [ 45.5481529, 60.5858705 ], [ 45.5481486, 60.5858676 ], [ 45.5481454, 60.5858643 ], [ 45.5481435, 60.5858608 ], [ 45.5481426, 60.5858572 ], [ 45.5481433, 60.5858536 ], [ 45.548145, 60.5858501 ], [ 45.548148, 60.5858468 ], [ 45.5481521, 60.5858438 ], [ 45.5481573, 60.5858411 ], [ 45.5481632, 60.585839 ], [ 45.5481699, 60.5858375 ], [ 45.548177, 60.5858365 ], [ 45.5481843, 60.5858361 ], [ 45.5481916, 60.5858364 ], [ 45.5481988, 60.5858372 ], [ 45.5482056, 60.5858387 ], [ 45.5482116, 60.5858407 ], [ 45.548217, 60.5858433 ], [ 45.5482213, 60.5858462 ], [ 45.5482245, 60.5858495 ], [ 45.5482264, 60.585853 ], [ 45.5482273, 60.5858566 ], [ 45.5482267, 60.5858602 ], [ 45.5482249, 60.5858637 ], [ 45.5482219, 60.585867 ], [ 45.5482178, 60.58587 ], [ 45.5482126, 60.5858727 ], [ 45.5482067, 60.5858748 ], [ 45.5482, 60.5858764 ], [ 45.5481929, 60.5858773 ], [ 45.5481856, 60.5858777 ], [ 45.5481783, 60.5858774 ], [ 45.5481712, 60.5858766 ], [ 45.5481644, 60.5858751 ], [ 45.5481583, 60.5858731 ] ], [ [ 45.5507704, 60.5869527 ], [ 45.550765, 60.5869502 ], [ 45.5507607, 60.5869472 ], [ 45.5507575, 60.5869439 ], [ 45.5507556, 60.5869404 ], [ 45.5507548, 60.5869369 ], [ 45.5507554, 60.5869333 ], [ 45.5507571, 60.5869297 ], [ 45.5507601, 60.5869264 ], [ 45.5507642, 60.5869234 ], [ 45.5507694, 60.5869208 ], [ 45.5507754, 60.5869187 ], [ 45.5507821, 60.5869171 ], [ 45.5507891, 60.5869161 ], [ 45.5507964, 60.5869157 ], [ 45.5508037, 60.586916 ], [ 45.5508109, 60.5869169 ], [ 45.5508177, 60.5869183 ], [ 45.5508238, 60.5869204 ], [ 45.5508291, 60.5869229 ], [ 45.5508334, 60.5869259 ], [ 45.5508366, 60.5869292 ], [ 45.5508386, 60.5869326 ], [ 45.5508394, 60.5869362 ], [ 45.5508388, 60.5869398 ], [ 45.5508371, 60.5869433 ], [ 45.5508341, 60.5869467 ], [ 45.55083, 60.5869497 ], [ 45.5508247, 60.5869523 ], [ 45.5508188, 60.5869544 ], [ 45.5508121, 60.586956 ], [ 45.550805, 60.5869569 ], [ 45.5507977, 60.5869574 ], [ 45.5507904, 60.5869571 ], [ 45.5507833, 60.5869562 ], [ 45.5507765, 60.5869547 ], [ 45.5507704, 60.5869527 ] ], [ [ 45.5532793, 60.5879894 ], [ 45.5532751, 60.5879864 ], [ 45.5532718, 60.5879831 ], [ 45.5532699, 60.5879796 ], [ 45.5532691, 60.5879761 ], [ 45.5532697, 60.5879725 ], [ 45.5532714, 60.587969 ], [ 45.5532744, 60.5879656 ], [ 45.5532785, 60.5879626 ], [ 45.5532837, 60.58796 ], [ 45.5532897, 60.5879579 ], [ 45.5532964, 60.5879563 ], [ 45.5533035, 60.5879553 ], [ 45.5533108, 60.5879549 ], [ 45.5533181, 60.5879552 ], [ 45.5533252, 60.5879561 ], [ 45.553332, 60.5879575 ], [ 45.5533381, 60.5879596 ], [ 45.5533435, 60.5879621 ], [ 45.5533477, 60.5879651 ], [ 45.5533509, 60.5879684 ], [ 45.5533529, 60.5879718 ], [ 45.5533537, 60.5879754 ], [ 45.5533531, 60.587979 ], [ 45.5533514, 60.5879825 ], [ 45.5533484, 60.5879859 ], [ 45.5533443, 60.5879889 ], [ 45.5533391, 60.5879915 ], [ 45.5533331, 60.5879936 ], [ 45.5533264, 60.5879952 ], [ 45.5533193, 60.5879961 ], [ 45.553312, 60.5879966 ], [ 45.5533047, 60.5879963 ], [ 45.5532976, 60.5879954 ], [ 45.5532908, 60.5879939 ], [ 45.5532847, 60.5879919 ], [ 45.5532793, 60.5879894 ] ], [ [ 45.5839129, 60.5909137 ], [ 45.5839845, 60.5900042 ], [ 45.5844088, 60.5896902 ], [ 45.5843135, 60.5896256 ], [ 45.5841067, 60.5895797 ], [ 45.5839648, 60.589513 ], [ 45.583957, 60.5893763 ], [ 45.5835477, 60.5892497 ], [ 45.5834328, 60.5891683 ], [ 45.5834826, 60.5888073 ], [ 45.5832487, 60.5881443 ], [ 45.5832623, 60.5876734 ], [ 45.5832818, 60.5869977 ], [ 45.5834362, 60.5868693 ], [ 45.5839359, 60.5867 ], [ 45.5843915, 60.5864787 ], [ 45.5851313, 60.5858082 ], [ 45.5851637, 60.5860944 ], [ 45.5853205, 60.5862342 ], [ 45.5855655, 60.5862773 ], [ 45.5855092, 60.5865787 ], [ 45.5858946, 60.5864683 ], [ 45.5859268, 60.5865436 ], [ 45.5861129, 60.5866778 ], [ 45.5864964, 60.586898 ], [ 45.5865088, 60.5872832 ], [ 45.5864819, 60.5876144 ], [ 45.5865042, 60.5882066 ], [ 45.5864898, 60.5888735 ], [ 45.5859726, 60.5901932 ], [ 45.5861007, 60.5906278 ], [ 45.5860494, 60.590844 ], [ 45.5859144, 60.5909934 ], [ 45.5839129, 60.5909137 ] ], [ [ 45.5947389, 60.5874417 ], [ 45.5947721, 60.5873157 ], [ 45.5947655, 60.5872992 ], [ 45.5947595, 60.5872314 ], [ 45.5947682, 60.5872308 ], [ 45.5948894, 60.5871727 ], [ 45.5950292, 60.5871293 ], [ 45.5950882, 60.5871079 ], [ 45.5955909, 60.5870918 ], [ 45.5955779, 60.5874283 ], [ 45.595561, 60.5875105 ], [ 45.5953526, 60.5874994 ], [ 45.5953553, 60.5874867 ], [ 45.5952054, 60.5874773 ], [ 45.5951931, 60.5875108 ], [ 45.5951008, 60.5875044 ], [ 45.5951106, 60.5874708 ], [ 45.5948871, 60.5874548 ], [ 45.5947389, 60.5874417 ] ], [ [ 45.608531, 60.5964145 ], [ 45.60867, 60.596358 ], [ 45.6085591, 60.5962772 ], [ 45.6086817, 60.5962365 ], [ 45.6087857, 60.5963124 ], [ 45.6091853, 60.5962121 ], [ 45.6092018, 60.5962281 ], [ 45.6088065, 60.5963274 ], [ 45.6085542, 60.5964283 ], [ 45.608531, 60.5964145 ] ], [ [ 45.6230995, 60.6015009 ], [ 45.6230977, 60.6014974 ], [ 45.6230967, 60.6014938 ], [ 45.6230975, 60.6014903 ], [ 45.623099, 60.6014867 ], [ 45.6231022, 60.6014834 ], [ 45.6231063, 60.6014804 ], [ 45.6231115, 60.6014778 ], [ 45.6231174, 60.6014756 ], [ 45.6231241, 60.6014741 ], [ 45.6231311, 60.6014731 ], [ 45.6231385, 60.6014727 ], [ 45.6231457, 60.601473 ], [ 45.623153, 60.6014738 ], [ 45.6231598, 60.6014753 ], [ 45.6231659, 60.6014773 ], [ 45.6231711, 60.6014799 ], [ 45.6231756, 60.6014828 ], [ 45.6231786, 60.6014861 ], [ 45.6231805, 60.6014896 ], [ 45.6231814, 60.6014932 ], [ 45.6231808, 60.6014968 ], [ 45.6231791, 60.6015003 ], [ 45.6231762, 60.6015036 ], [ 45.623172, 60.6015066 ], [ 45.6231669, 60.6015093 ], [ 45.623161, 60.6015114 ], [ 45.6231543, 60.601513 ], [ 45.623147, 60.6015139 ], [ 45.6231399, 60.6015143 ], [ 45.6231324, 60.601514 ], [ 45.6231254, 60.6015132 ], [ 45.6231186, 60.6015117 ], [ 45.6231126, 60.6015097 ], [ 45.6231072, 60.6015071 ], [ 45.6231029, 60.6015042 ], [ 45.6230995, 60.6015009 ] ], [ [ 45.6278221, 60.6003607 ], [ 45.627818, 60.6003578 ], [ 45.6278147, 60.6003545 ], [ 45.6278126, 60.600351 ], [ 45.6278118, 60.6003474 ], [ 45.6278124, 60.6003438 ], [ 45.6278143, 60.6003403 ], [ 45.6278173, 60.600337 ], [ 45.6278212, 60.600334 ], [ 45.6278264, 60.6003314 ], [ 45.6278325, 60.6003292 ], [ 45.6278392, 60.6003277 ], [ 45.6278461, 60.6003267 ], [ 45.6278536, 60.6003263 ], [ 45.6278607, 60.6003266 ], [ 45.6278681, 60.6003274 ], [ 45.6278749, 60.6003289 ], [ 45.6278809, 60.6003309 ], [ 45.6278863, 60.6003335 ], [ 45.6278904, 60.6003364 ], [ 45.6278937, 60.6003397 ], [ 45.6278958, 60.6003432 ], [ 45.6278966, 60.6003468 ], [ 45.627896, 60.6003504 ], [ 45.6278941, 60.6003539 ], [ 45.6278911, 60.6003572 ], [ 45.6278872, 60.6003602 ], [ 45.627882, 60.6003629 ], [ 45.6278761, 60.600365 ], [ 45.6278694, 60.6003665 ], [ 45.6278621, 60.6003675 ], [ 45.627855, 60.6003679 ], [ 45.6278475, 60.6003676 ], [ 45.6278405, 60.6003668 ], [ 45.6278337, 60.6003653 ], [ 45.6278274, 60.6003633 ], [ 45.6278221, 60.6003607 ] ], [ [ 45.631929, 60.5993621 ], [ 45.6319247, 60.5993591 ], [ 45.6319215, 60.5993558 ], [ 45.6319195, 60.5993524 ], [ 45.6319187, 60.5993488 ], [ 45.6319193, 60.5993452 ], [ 45.631921, 60.5993417 ], [ 45.631924, 60.5993383 ], [ 45.6319281, 60.5993353 ], [ 45.6319333, 60.5993327 ], [ 45.6319392, 60.5993306 ], [ 45.6319459, 60.599329 ], [ 45.631953, 60.599328 ], [ 45.6319603, 60.5993276 ], [ 45.6319676, 60.5993279 ], [ 45.6319748, 60.5993288 ], [ 45.6319816, 60.5993302 ], [ 45.6319877, 60.5993322 ], [ 45.631993, 60.5993348 ], [ 45.6319973, 60.5993377 ], [ 45.6320005, 60.599341 ], [ 45.6320025, 60.5993445 ], [ 45.6320033, 60.5993481 ], [ 45.6320027, 60.5993517 ], [ 45.632001, 60.5993552 ], [ 45.631998, 60.5993585 ], [ 45.6319939, 60.5993615 ], [ 45.6319887, 60.5993642 ], [ 45.6319828, 60.5993663 ], [ 45.6319761, 60.5993679 ], [ 45.631969, 60.5993688 ], [ 45.6319617, 60.5993693 ], [ 45.6319544, 60.599369 ], [ 45.6319472, 60.5993681 ], [ 45.6319404, 60.5993666 ], [ 45.6319343, 60.5993646 ], [ 45.631929, 60.5993621 ] ], [ [ 45.6169719, 60.5825307 ], [ 45.6170012, 60.582496 ], [ 45.6173557, 60.5823804 ], [ 45.6176032, 60.582334 ], [ 45.6178889, 60.5823316 ], [ 45.6182743, 60.5824115 ], [ 45.6190565, 60.5825784 ], [ 45.6197134, 60.582649 ], [ 45.6200709, 60.5825738 ], [ 45.6202648, 60.5824349 ], [ 45.6203768, 60.5823859 ], [ 45.6206367, 60.5824662 ], [ 45.621106, 60.5825486 ], [ 45.6215583, 60.5825449 ], [ 45.6219641, 60.5825118 ], [ 45.622645, 60.5828671 ], [ 45.6229873, 60.582827 ], [ 45.6233878, 60.5829932 ], [ 45.6243339, 60.5832058 ], [ 45.6244333, 60.5832661 ], [ 45.6246886, 60.5834972 ], [ 45.6246084, 60.5836282 ], [ 45.6244958, 60.5838692 ], [ 45.6238076, 60.5838359 ], [ 45.6228942, 60.5837462 ], [ 45.6227231, 60.5837143 ], [ 45.6227214, 60.5836631 ], [ 45.6228512, 60.5836109 ], [ 45.6228494, 60.5835543 ], [ 45.6227467, 60.5835117 ], [ 45.6212352, 60.5832516 ], [ 45.6189786, 60.5828573 ], [ 45.6169719, 60.5825307 ] ], [ [ 45.6168871, 60.5847733 ], [ 45.6172067, 60.5845171 ], [ 45.6172018, 60.5843722 ], [ 45.6167875, 60.5840223 ], [ 45.6174555, 60.5838504 ], [ 45.617606, 60.5836354 ], [ 45.6175992, 60.5834284 ], [ 45.6174738, 60.5831841 ], [ 45.6172715, 60.5830612 ], [ 45.6171061, 60.5830373 ], [ 45.61702, 60.5828831 ], [ 45.6179388, 60.5830214 ], [ 45.6186601, 60.5831672 ], [ 45.6193813, 60.5832989 ], [ 45.620439, 60.5835815 ], [ 45.6217248, 60.5837871 ], [ 45.6222311, 60.5838971 ], [ 45.6216374, 60.5839432 ], [ 45.6212998, 60.5841991 ], [ 45.6211597, 60.584393 ], [ 45.621116, 60.5845337 ], [ 45.6211464, 60.584664 ], [ 45.6212944, 60.5848628 ], [ 45.6216963, 60.5848594 ], [ 45.622065, 60.5847606 ], [ 45.6223404, 60.584757 ], [ 45.6228616, 60.5850674 ], [ 45.6228334, 60.5851876 ], [ 45.6226351, 60.5852959 ], [ 45.6232044, 60.5857662 ], [ 45.6233658, 60.5859163 ], [ 45.6226024, 60.5861043 ], [ 45.6223297, 60.5860929 ], [ 45.6220064, 60.5856892 ], [ 45.6215773, 60.585312 ], [ 45.6207058, 60.5851942 ], [ 45.6204316, 60.5851129 ], [ 45.6201784, 60.5851087 ], [ 45.61968, 60.5852922 ], [ 45.6191403, 60.5854045 ], [ 45.6187836, 60.5854699 ], [ 45.6185399, 60.5855213 ], [ 45.6183193, 60.5855231 ], [ 45.6180878, 60.5854901 ], [ 45.6175764, 60.5852199 ], [ 45.6168871, 60.5847733 ] ], [ [ 45.6459122, 60.5888668 ], [ 45.6455087, 60.5884509 ], [ 45.6460454, 60.5882983 ], [ 45.6454958, 60.5877567 ], [ 45.6471152, 60.5873456 ], [ 45.6475342, 60.5878308 ], [ 45.6492679, 60.5873953 ], [ 45.6500015, 60.5878581 ], [ 45.6459122, 60.5888668 ] ] ], [ [ [ 45.6170482, 60.6047408 ], [ 45.6218904, 60.6050917 ], [ 45.626509, 60.6045786 ], [ 45.6281514, 60.6040672 ], [ 45.6278441, 60.6040562 ], [ 45.6261144, 60.6039678 ], [ 45.6241228, 60.6039432 ], [ 45.6232195, 60.6039781 ], [ 45.6220693, 60.6040382 ], [ 45.6215129, 60.6040782 ], [ 45.6197211, 60.6042086 ], [ 45.6196108, 60.604219 ], [ 45.6185482, 60.6043109 ], [ 45.6170878, 60.6044694 ], [ 45.6162839, 60.6045519 ], [ 45.6170482, 60.6047408 ] ] ] ] } },
{ "type": "Feature", "properties": { "NAME": "Горский", "NAME_EN": null, "NAME_RU": null, "LEISURE": null, "BOUNDARY": "protected_area", "OSM_TYPE": "relation", "OSM_ID": 10349895 }, "geometry": { "type": "MultiPolygon", "coordinates": [ [ [ [ 36.3693459, 58.5445219 ], [ 36.3702902, 58.544583 ], [ 36.3741088, 58.5448291 ], [ 36.3741628, 58.5444539 ], [ 36.3743995, 58.5440605 ], [ 36.3742918, 58.5438626 ], [ 36.3740418, 58.5437248 ], [ 36.3730159, 58.5437695 ], [ 36.371107, 58.5442174 ], [ 36.3693459, 58.5445219 ] ] ] ] } },
{ "type": "Feature", "properties": { "NAME": "Ванская Лука", "NAME_EN": null, "NAME_RU": null, "LEISURE": "nature_reserve", "BOUNDARY": "protected_area", "OSM_TYPE": "relation", "OSM_ID": 10349896 }, "geometry": { "type": "MultiPolygon", "coordinates": [ [ [ [ 36.7914425, 58.9264921 ], [ 36.7927601, 58.9288277 ], [ 36.7927745, 58.9290171 ], [ 36.7928972, 58.9291639 ], [ 36.7928424, 58.929263 ], [ 36.7926115, 58.9293866 ], [ 36.7926157, 58.9294927 ], [ 36.7928025, 58.9295629 ], [ 36.7928659, 58.9296913 ], [ 36.7927983, 58.9298397 ], [ 36.7926534, 58.9299098 ], [ 36.7923573, 58.930015 ], [ 36.7921002, 58.930215 ], [ 36.791609, 58.9304207 ], [ 36.7913511, 58.9305636 ], [ 36.7911052, 58.9308697 ], [ 36.7909962, 58.9311824 ], [ 36.7906843, 58.932061 ], [ 36.7905959, 58.9324332 ], [ 36.7906389, 58.9325731 ], [ 36.7907886, 58.9325984 ], [ 36.7911274, 58.9326485 ], [ 36.7914155, 58.9327854 ], [ 36.7915451, 58.9329204 ], [ 36.7917916, 58.9330188 ], [ 36.7920273, 58.9330248 ], [ 36.7924549, 58.9329785 ], [ 36.7928621, 58.9329997 ], [ 36.7931901, 58.9330968 ], [ 36.7933318, 58.9331961 ], [ 36.7934815, 58.9333159 ], [ 36.793621, 58.9333564 ], [ 36.7939863, 58.9333736 ], [ 36.7942251, 58.9334594 ], [ 36.7943418, 58.9335459 ], [ 36.7945359, 58.9335498 ], [ 36.7949524, 58.9335938 ], [ 36.7951774, 58.9337094 ], [ 36.7952404, 58.9338525 ], [ 36.7950949, 58.9339719 ], [ 36.7947391, 58.9339906 ], [ 36.7944505, 58.9340968 ], [ 36.7941648, 58.9340919 ], [ 36.793962, 58.9340205 ], [ 36.7938695, 58.9340286 ], [ 36.7938716, 58.9340802 ], [ 36.7940033, 58.9341749 ], [ 36.7940369, 58.9342924 ], [ 36.7938759, 58.93439 ], [ 36.7935977, 58.934389 ], [ 36.7934191, 58.9343728 ], [ 36.7933707, 58.9344137 ], [ 36.7934658, 58.9344789 ], [ 36.7935547, 58.934574 ], [ 36.7935599, 58.9347095 ], [ 36.79332, 58.9348828 ], [ 36.7930615, 58.934981 ], [ 36.7930797, 58.9350446 ], [ 36.7931831, 58.9351044 ], [ 36.7935054, 58.9351703 ], [ 36.7937599, 58.9354138 ], [ 36.7939215, 58.9357829 ], [ 36.7937093, 58.9361416 ], [ 36.7936871, 58.9362909 ], [ 36.7939047, 58.9364632 ], [ 36.7939464, 58.9366298 ], [ 36.7937937, 58.9368555 ], [ 36.7934988, 58.9369904 ], [ 36.7934424, 58.9371464 ], [ 36.7965284, 58.9388256 ], [ 36.8033705, 58.9369924 ], [ 36.8037829, 58.9391638 ], [ 36.8039839, 58.9392787 ], [ 36.8072652, 58.9394498 ], [ 36.8082628, 58.9396017 ], [ 36.809588, 58.9393393 ], [ 36.8202211, 58.9410621 ], [ 36.8210173, 58.9403768 ], [ 36.8345159, 58.9371017 ], [ 36.838635, 58.9351287 ], [ 36.8410504, 58.934974 ], [ 36.8503999, 58.931772 ], [ 36.8528057, 58.9310952 ], [ 36.8573181, 58.9301802 ], [ 36.864861, 58.932142 ], [ 36.8653349, 58.9324917 ], [ 36.8681891, 58.9333649 ], [ 36.8690248, 58.9324483 ], [ 36.8688219, 58.9321703 ], [ 36.868878, 58.932047 ], [ 36.8691267, 58.9318704 ], [ 36.8696983, 58.931537 ], [ 36.8698293, 58.9313563 ], [ 36.870613, 58.9312666 ], [ 36.8746612, 58.9321549 ], [ 36.8766713, 58.9322361 ], [ 36.8788362, 58.9322267 ], [ 36.8867369, 58.9365694 ], [ 36.8908591, 58.9384218 ], [ 36.8951697, 58.940012 ], [ 36.8971291, 58.9392878 ], [ 36.8973786, 58.938142 ], [ 36.8988669, 58.9374202 ], [ 36.8998792, 58.9365637 ], [ 36.8994006, 58.936093 ], [ 36.8990026, 58.9356011 ], [ 36.8985681, 58.9349876 ], [ 36.8982612, 58.9344134 ], [ 36.8982505, 58.9337709 ], [ 36.8991475, 58.9318537 ], [ 36.8997881, 58.9305858 ], [ 36.8989701, 58.9287584 ], [ 36.8983285, 58.928082 ], [ 36.8974556, 58.9275222 ], [ 36.8962636, 58.9272424 ], [ 36.8943682, 58.9270841 ], [ 36.8924851, 58.9272552 ], [ 36.8882338, 58.9283548 ], [ 36.8847238, 58.9296963 ], [ 36.8832562, 58.9303874 ], [ 36.8816914, 58.9310063 ], [ 36.8794971, 58.9313809 ], [ 36.8787123, 58.9314382 ], [ 36.8776276, 58.9307789 ], [ 36.8759772, 58.9302681 ], [ 36.8726938, 58.9292507 ], [ 36.8718181, 58.9286839 ], [ 36.870772, 58.9280241 ], [ 36.8704641, 58.9274583 ], [ 36.8602714, 58.923449 ], [ 36.8563976, 58.9212392 ], [ 36.8552441, 58.9201481 ], [ 36.8541402, 58.9182105 ], [ 36.8531463, 58.9164288 ], [ 36.8529057, 58.9157833 ], [ 36.852875, 58.915006 ], [ 36.8533402, 58.9140938 ], [ 36.8540614, 58.9133084 ], [ 36.856452, 58.9121838 ], [ 36.8596585, 58.9104356 ], [ 36.8628339, 58.909131 ], [ 36.8674842, 58.9072758 ], [ 36.8785423, 58.9043526 ], [ 36.8835016, 58.9031424 ], [ 36.8888958, 58.9018084 ], [ 36.892576, 58.9003855 ], [ 36.8978482, 58.8976604 ], [ 36.9012475, 58.8951776 ], [ 36.9035597, 58.8924981 ], [ 36.9038616, 58.8914775 ], [ 36.9043972, 58.8874202 ], [ 36.903962, 58.8862149 ], [ 36.9030935, 58.884637 ], [ 36.9014252, 58.8833045 ], [ 36.900144, 58.8822906 ], [ 36.8980431, 58.8816145 ], [ 36.8914782, 58.8801755 ], [ 36.8848938, 58.8799665 ], [ 36.8819858, 58.8804811 ], [ 36.8651225, 58.8836185 ], [ 36.8625771, 58.8804291 ], [ 36.85515, 58.8814805 ], [ 36.8367295, 58.8897212 ], [ 36.8348638, 58.8909279 ], [ 36.8337685, 58.8917021 ], [ 36.8329552, 58.8923069 ], [ 36.8299286, 58.8943269 ], [ 36.8279326, 58.8958616 ], [ 36.8270551, 58.8964113 ], [ 36.8255472, 58.8969582 ], [ 36.8225683, 58.8979566 ], [ 36.8206793, 58.8990108 ], [ 36.8185715, 58.9005104 ], [ 36.8174752, 58.9014593 ], [ 36.8161973, 58.9029169 ], [ 36.8145803, 58.9047701 ], [ 36.8133168, 58.9065767 ], [ 36.8127563, 58.9080803 ], [ 36.8121157, 58.9088226 ], [ 36.8113243, 58.90983 ], [ 36.8098039, 58.9109916 ], [ 36.8078355, 58.9124409 ], [ 36.8062426, 58.9132815 ], [ 36.8055324, 58.9136312 ], [ 36.8044844, 58.9143429 ], [ 36.8035765, 58.9151196 ], [ 36.8024112, 58.9162407 ], [ 36.8015293, 58.9172044 ], [ 36.7915601, 58.9214242 ], [ 36.7889916, 58.9221298 ], [ 36.7914425, 58.9264921 ] ] ] ] } },
{ "type": "Feature", "properties": { "NAME": "Кольцевая структура \"Чермжа\"", "NAME_EN": null, "NAME_RU": null, "LEISURE": "nature_reserve", "BOUNDARY": "protected_area", "OSM_TYPE": "relation", "OSM_ID": 10349897 }, "geometry": { "type": "MultiPolygon", "coordinates": [ [ [ [ 37.6070093, 59.8291403 ], [ 37.6113264, 59.8285512 ], [ 37.6141259, 59.8281691 ], [ 37.6147375, 59.8281433 ], [ 37.6163804, 59.8280145 ], [ 37.6188182, 59.827971 ], [ 37.6195793, 59.8279181 ], [ 37.622714, 59.8277019 ], [ 37.6246617, 59.8281736 ], [ 37.6260713, 59.8283212 ], [ 37.6320351, 59.8271815 ], [ 37.632744, 59.8272255 ], [ 37.633566, 59.8271984 ], [ 37.6338447, 59.8270552 ], [ 37.634828, 59.8272031 ], [ 37.6360012, 59.8271173 ], [ 37.6373723, 59.8269457 ], [ 37.637302, 59.8267929 ], [ 37.639207, 59.8261471 ], [ 37.6408761, 59.8257286 ], [ 37.6408452, 59.8251482 ], [ 37.6403724, 59.8243704 ], [ 37.6405413, 59.8238791 ], [ 37.641655, 59.8230091 ], [ 37.6424737, 59.8220284 ], [ 37.6430983, 59.8210846 ], [ 37.6435455, 59.8210482 ], [ 37.6441999, 59.82127 ], [ 37.6451421, 59.8214192 ], [ 37.6453297, 59.8216065 ], [ 37.6456058, 59.8218981 ], [ 37.6462693, 59.8219748 ], [ 37.6466722, 59.8214764 ], [ 37.6471815, 59.8210412 ], [ 37.6488098, 59.8200143 ], [ 37.6492979, 59.8200072 ], [ 37.650052, 59.8202402 ], [ 37.650898, 59.820303 ], [ 37.6516202, 59.820259 ], [ 37.6519209, 59.820371 ], [ 37.651708, 59.8207268 ], [ 37.6522538, 59.8208268 ], [ 37.653844, 59.8208418 ], [ 37.6552069, 59.8211813 ], [ 37.6550332, 59.8206924 ], [ 37.6551778, 59.8205258 ], [ 37.6553176, 59.8205093 ], [ 37.6572501, 59.8202823 ], [ 37.6573285, 59.8200657 ], [ 37.6573248, 59.8198914 ], [ 37.6573614, 59.8196166 ], [ 37.6579128, 59.8191738 ], [ 37.6588622, 59.8188113 ], [ 37.6599223, 59.8186561 ], [ 37.6606318, 59.8186979 ], [ 37.6617489, 59.8185177 ], [ 37.6621853, 59.8184945 ], [ 37.6625427, 59.8186336 ], [ 37.6626406, 59.818575 ], [ 37.6620969, 59.8180268 ], [ 37.6624623, 59.8178248 ], [ 37.6633037, 59.8177078 ], [ 37.663853, 59.8178295 ], [ 37.66418, 59.8181754 ], [ 37.664523, 59.818051 ], [ 37.6665538, 59.8179151 ], [ 37.6675488, 59.8180207 ], [ 37.6682241, 59.8180848 ], [ 37.6686641, 59.8180208 ], [ 37.6683165, 59.8178191 ], [ 37.6684474, 59.8176394 ], [ 37.6697751, 59.8172681 ], [ 37.6704236, 59.8177828 ], [ 37.6711803, 59.8176305 ], [ 37.6720936, 59.8176657 ], [ 37.6737122, 59.8180452 ], [ 37.6742458, 59.8186794 ], [ 37.6745659, 59.8150181 ], [ 37.6746735, 59.8136828 ], [ 37.6741292, 59.8112306 ], [ 37.6736825, 59.8099103 ], [ 37.6733775, 59.8097052 ], [ 37.6733883, 59.8093959 ], [ 37.6724968, 59.8072192 ], [ 37.6704905, 59.802324 ], [ 37.6676704, 59.8002077 ], [ 37.6672483, 59.7998128 ], [ 37.6646828, 59.7976902 ], [ 37.6639784, 59.7974444 ], [ 37.6545257, 59.7890143 ], [ 37.6522529, 59.7870654 ], [ 37.6523325, 59.7868553 ], [ 37.6508196, 59.7852866 ], [ 37.6496161, 59.7842104 ], [ 37.6488665, 59.7838123 ], [ 37.648725, 59.7835684 ], [ 37.6450376, 59.7805096 ], [ 37.6449189, 59.7800374 ], [ 37.6427455, 59.7805314 ], [ 37.6168148, 59.7880089 ], [ 37.616087, 59.7873951 ], [ 37.6123676, 59.7883478 ], [ 37.6117315, 59.7883339 ], [ 37.6107843, 59.788345 ], [ 37.6101787, 59.7884033 ], [ 37.609312, 59.7886172 ], [ 37.6070342, 59.7892504 ], [ 37.6066953, 59.789256 ], [ 37.6064037, 59.7892255 ], [ 37.6061843, 59.789145 ], [ 37.6060981, 59.7889367 ], [ 37.6062426, 59.7884727 ], [ 37.6062593, 59.7883061 ], [ 37.606187, 59.7881978 ], [ 37.6059787, 59.7881282 ], [ 37.6056427, 59.7880171 ], [ 37.6055065, 59.7879089 ], [ 37.6054011, 59.7877894 ], [ 37.6053455, 59.7876588 ], [ 37.6053815, 59.7872589 ], [ 37.6053148, 59.7869561 ], [ 37.6050816, 59.7865755 ], [ 37.6049316, 59.7864449 ], [ 37.6047343, 59.7863255 ], [ 37.60444, 59.7862477 ], [ 37.6041982, 59.7862338 ], [ 37.6039262, 59.7862922 ], [ 37.6035871, 59.786395 ], [ 37.6032898, 59.7865921 ], [ 37.6030566, 59.7868422 ], [ 37.6026871, 59.7874866 ], [ 37.6025482, 59.7876504 ], [ 37.6022176, 59.7878533 ], [ 37.6017481, 59.7880339 ], [ 37.6013233, 59.7880866 ], [ 37.6007648, 59.7880921 ], [ 37.598401, 59.7880393 ], [ 37.598001, 59.788006 ], [ 37.5971759, 59.7878782 ], [ 37.5960651, 59.7875198 ], [ 37.5957676, 59.7873837 ], [ 37.5954344, 59.7871809 ], [ 37.5788177, 59.7918447 ], [ 37.5964475, 59.8052032 ], [ 37.5777892, 59.8070724 ], [ 37.5785558, 59.8100724 ], [ 37.5856717, 59.8162505 ], [ 37.5872642, 59.817628 ], [ 37.588252, 59.8184726 ], [ 37.589399, 59.8193963 ], [ 37.5900084, 59.8203184 ], [ 37.5902459, 59.8208882 ], [ 37.5908673, 59.8212421 ], [ 37.5918283, 59.8220932 ], [ 37.5925029, 59.8223833 ], [ 37.6001732, 59.8231828 ], [ 37.6021152, 59.8235121 ], [ 37.6031486, 59.8237905 ], [ 37.6043924, 59.8243571 ], [ 37.6051832, 59.8250444 ], [ 37.6055573, 59.8264828 ], [ 37.6053131, 59.8265126 ], [ 37.6070093, 59.8291403 ] ] ], [ [ [ 37.6898613, 59.7963405 ], [ 37.6895558, 59.7946222 ], [ 37.6894119, 59.7937008 ], [ 37.6890036, 59.7912353 ], [ 37.6857456, 59.7883397 ], [ 37.6830041, 59.7860374 ], [ 37.679718, 59.7862871 ], [ 37.6790394, 59.7853543 ], [ 37.665696, 59.780879 ], [ 37.6564524, 59.7777713 ], [ 37.6531703, 59.7784307 ], [ 37.6502201, 59.7790091 ], [ 37.6485087, 59.7793411 ], [ 37.6480028, 59.7794555 ], [ 37.6464206, 59.7797786 ], [ 37.6464842, 59.7798153 ], [ 37.6471071, 59.7800505 ], [ 37.6477068, 59.7801915 ], [ 37.6479247, 59.780306 ], [ 37.6479178, 59.7804764 ], [ 37.6477279, 59.7805508 ], [ 37.6472732, 59.7805641 ], [ 37.6468931, 59.7804973 ], [ 37.6476298, 59.7817397 ], [ 37.6493891, 59.7831919 ], [ 37.6512142, 59.7841055 ], [ 37.6561283, 59.7881374 ], [ 37.6694919, 59.7997234 ], [ 37.6719544, 59.8029223 ], [ 37.672425, 59.8043096 ], [ 37.673407, 59.8069679 ], [ 37.6742367, 59.8087359 ], [ 37.6745569, 59.8092059 ], [ 37.675485, 59.8117668 ], [ 37.6771227, 59.8124037 ], [ 37.675228, 59.8132703 ], [ 37.6756819, 59.8195915 ], [ 37.6762922, 59.8195388 ], [ 37.6767942, 59.8197746 ], [ 37.678973, 59.8194948 ], [ 37.6795239, 59.8198525 ], [ 37.6797897, 59.8198452 ], [ 37.6801529, 59.8195348 ], [ 37.6807271, 59.8193687 ], [ 37.6810007, 59.8185466 ], [ 37.6807353, 59.8185481 ], [ 37.6787789, 59.8186823 ], [ 37.6786494, 59.8183594 ], [ 37.6784776, 59.8181049 ], [ 37.6781195, 59.8177984 ], [ 37.6785662, 59.8168834 ], [ 37.6799633, 59.8163041 ], [ 37.680962, 59.81633 ], [ 37.6817984, 59.8169095 ], [ 37.6822023, 59.8177427 ], [ 37.6849756, 59.8134914 ], [ 37.686097, 59.8114949 ], [ 37.6873692, 59.8052403 ], [ 37.6875638, 59.8051097 ], [ 37.6877387, 59.8048625 ], [ 37.6878414, 59.8046126 ], [ 37.6879274, 59.8042681 ], [ 37.6874899, 59.8040591 ], [ 37.6878002, 59.8030902 ], [ 37.6884864, 59.8006221 ], [ 37.6895982, 59.7974506 ], [ 37.6898613, 59.7963405 ] ] ] ] } },
{ "type": "Feature", "properties": { "NAME": "Ихалицкий", "NAME_EN": null, "NAME_RU": null, "LEISURE": "nature_reserve", "BOUNDARY": "protected_area", "OSM_TYPE": "relation", "OSM_ID": 10349904 }, "geometry": { "type": "MultiPolygon", "coordinates": [ [ [ [ 41.847911, 59.3999318 ], [ 41.8478992, 59.4001808 ], [ 41.8476445, 59.4003626 ], [ 41.8472487, 59.4005561 ], [ 41.8466144, 59.4007298 ], [ 41.8456819, 59.4009041 ], [ 41.845087, 59.4010473 ], [ 41.8446914, 59.4012609 ], [ 41.8446295, 59.4015737 ], [ 41.844742, 59.4017935 ], [ 41.8450645, 59.4019846 ], [ 41.8455648, 59.4022599 ], [ 41.8461548, 59.402676 ], [ 41.8465459, 59.4031095 ], [ 41.8465924, 59.4033463 ], [ 41.8465501, 59.4035834 ], [ 41.8463854, 59.4037361 ], [ 41.8465524, 59.4038484 ], [ 41.8470279, 59.4038135 ], [ 41.8473472, 59.4036436 ], [ 41.8476653, 59.4033213 ], [ 41.8480028, 59.4030535 ], [ 41.8484541, 59.4027817 ], [ 41.8488503, 59.4025495 ], [ 41.84929, 59.402227 ], [ 41.8495197, 59.4019218 ], [ 41.8496612, 59.4016563 ], [ 41.8498586, 59.4014415 ], [ 41.8501451, 59.4013111 ], [ 41.850543, 59.4012763 ], [ 41.8509306, 59.4013149 ], [ 41.8512639, 59.4014552 ], [ 41.8515096, 59.401731 ], [ 41.8515233, 59.4020243 ], [ 41.8513816, 59.4022616 ], [ 41.8511412, 59.4026176 ], [ 41.8511761, 59.402798 ], [ 41.8515197, 59.4028649 ], [ 41.8519067, 59.4028358 ], [ 41.8523922, 59.4026711 ], [ 41.8529207, 59.4023935 ], [ 41.8535391, 59.402251 ], [ 41.8539923, 59.4021588 ], [ 41.8542544, 59.4020807 ], [ 41.8544885, 59.4019496 ], [ 41.8544108, 59.4017876 ], [ 41.8542781, 59.4016363 ], [ 41.8538887, 59.4013973 ], [ 41.8534847, 59.4010879 ], [ 41.8533511, 59.400852 ], [ 41.8534815, 59.4007353 ], [ 41.8537093, 59.4006924 ], [ 41.8539448, 59.4007307 ], [ 41.8542086, 59.4008324 ], [ 41.8545213, 59.4010009 ], [ 41.8547537, 59.4011423 ], [ 41.8550612, 59.4013677 ], [ 41.8552207, 59.4015683 ], [ 41.8553703, 59.4017739 ], [ 41.8555094, 59.4018992 ], [ 41.8558551, 59.4019889 ], [ 41.8562, 59.401973 ], [ 41.8564358, 59.401902 ], [ 41.8568296, 59.401861 ], [ 41.8574011, 59.4018496 ], [ 41.8580419, 59.4018732 ], [ 41.8585737, 59.4018267 ], [ 41.8590164, 59.4017402 ], [ 41.8594585, 59.4015935 ], [ 41.8598459, 59.4013725 ], [ 41.8599715, 59.4010908 ], [ 41.860038, 59.4008193 ], [ 41.8602622, 59.4005374 ], [ 41.8604371, 59.4002808 ], [ 41.8606226, 59.4000894 ], [ 41.8606003, 59.399808 ], [ 41.8603613, 59.3995424 ], [ 41.860094, 59.3993972 ], [ 41.8598855, 59.3992319 ], [ 41.859884, 59.3990661 ], [ 41.8600307, 59.3989352 ], [ 41.8603849, 59.3988891 ], [ 41.8607504, 59.3989685 ], [ 41.861273, 59.3990226 ], [ 41.8616188, 59.3991123 ], [ 41.8620538, 59.3992619 ], [ 41.8624567, 59.3993739 ], [ 41.8628145, 59.3995264 ], [ 41.8631708, 59.3995199 ], [ 41.8633031, 59.3993662 ], [ 41.8631894, 59.3991109 ], [ 41.8630973, 59.3987818 ], [ 41.8631959, 59.3986168 ], [ 41.8634841, 59.3984741 ], [ 41.863974, 59.3984503 ], [ 41.8642315, 59.3985802 ], [ 41.864657, 59.3988291 ], [ 41.8651945, 59.3991515 ], [ 41.8655751, 59.3993551 ], [ 41.8661443, 59.3994843 ], [ 41.8666347, 59.3995172 ], [ 41.8669905, 59.3994425 ], [ 41.8674448, 59.3993433 ], [ 41.8678003, 59.3992458 ], [ 41.867933, 59.399149 ], [ 41.8680759, 59.3989328 ], [ 41.8681521, 59.3987395 ], [ 41.8683626, 59.3986254 ], [ 41.8686629, 59.3985907 ], [ 41.8690421, 59.3986294 ], [ 41.8694326, 59.3987194 ], [ 41.8698011, 59.398815 ], [ 41.8701131, 59.3988257 ], [ 41.8702907, 59.3987627 ], [ 41.870434, 59.3986033 ], [ 41.870421, 59.398416 ], [ 41.870542, 59.398251 ], [ 41.870641, 59.3981144 ], [ 41.870852, 59.3980514 ], [ 41.8711308, 59.3980905 ], [ 41.8713659, 59.3982319 ], [ 41.8716121, 59.3983563 ], [ 41.8718795, 59.39835 ], [ 41.8723805, 59.3983373 ], [ 41.8726925, 59.3983422 ], [ 41.8729715, 59.398404 ], [ 41.8732595, 59.3984414 ], [ 41.8735378, 59.398418 ], [ 41.8736815, 59.3983154 ], [ 41.8738704, 59.3982639 ], [ 41.8740594, 59.3982464 ], [ 41.8742264, 59.3982403 ], [ 41.8744939, 59.3982453 ], [ 41.87475, 59.3982447 ], [ 41.8748944, 59.3981931 ], [ 41.8749041, 59.3980512 ], [ 41.8747245, 59.397904 ], [ 41.8743665, 59.3977401 ], [ 41.8741323, 59.3977123 ], [ 41.8738429, 59.3977244 ], [ 41.8736087, 59.3976966 ], [ 41.8735077, 59.3976117 ], [ 41.8734837, 59.3974186 ], [ 41.8734805, 59.3970835 ], [ 41.8735783, 59.3968335 ], [ 41.8737883, 59.3966682 ], [ 41.874088, 59.3965539 ], [ 41.8746663, 59.3964503 ], [ 41.8751338, 59.3964377 ], [ 41.8755801, 59.3965218 ], [ 41.875694, 59.3953624 ], [ 41.872547, 59.3805316 ], [ 41.8342398, 59.3824281 ], [ 41.8303043, 59.3647293 ], [ 41.810437, 59.3657187 ], [ 41.7922841, 59.3666724 ], [ 41.7742913, 59.3676194 ], [ 41.7773951, 59.3847408 ], [ 41.7928057, 59.3842067 ], [ 41.7978313, 59.402275 ], [ 41.8164281, 59.401386 ], [ 41.8478946, 59.3998156 ], [ 41.847911, 59.3999318 ] ] ] ] } },
{ "type": "Feature", "properties": { "NAME": "Вязовый лес \"Темный мыс\"", "NAME_EN": null, "NAME_RU": null, "LEISURE": "nature_reserve", "BOUNDARY": "protected_area", "OSM_TYPE": "relation", "OSM_ID": 10364399 }, "geometry": { "type": "MultiPolygon", "coordinates": [ [ [ [ 40.1799588, 59.3022539 ], [ 40.1804039, 59.3022465 ], [ 40.1809746, 59.301197 ], [ 40.1808842, 59.3003541 ], [ 40.1825462, 59.2986457 ], [ 40.1823049, 59.2986069 ], [ 40.1818662, 59.2986578 ], [ 40.1807262, 59.2989331 ], [ 40.1803631, 59.2991077 ], [ 40.1797601, 59.2997719 ], [ 40.1789261, 59.3001872 ], [ 40.1784871, 59.3006565 ], [ 40.1784528, 59.3010739 ], [ 40.1788351, 59.3016993 ], [ 40.1795478, 59.3021032 ], [ 40.1799588, 59.3022539 ] ] ], [ [ [ 40.1825358, 59.3024611 ], [ 40.1833144, 59.3026022 ], [ 40.1845376, 59.3025405 ], [ 40.185837, 59.302176 ], [ 40.1869709, 59.3016741 ], [ 40.1878313, 59.3011527 ], [ 40.1883744, 59.3006468 ], [ 40.1886615, 59.3000047 ], [ 40.1893269, 59.299207 ], [ 40.1921116, 59.2990444 ], [ 40.1943143, 59.2995273 ], [ 40.1998969, 59.3002334 ], [ 40.2032179, 59.298961 ], [ 40.2032667, 59.2962211 ], [ 40.2021125, 59.2958295 ], [ 40.2018646, 59.2921221 ], [ 40.2029519, 59.2888003 ], [ 40.2029655, 59.2887665 ], [ 40.1997288, 59.2890906 ], [ 40.1975032, 59.2894936 ], [ 40.1938973, 59.2900058 ], [ 40.1915128, 59.2904238 ], [ 40.1894326, 59.2906878 ], [ 40.1886451, 59.290874 ], [ 40.1887099, 59.2909144 ], [ 40.1902545, 59.2918815 ], [ 40.1894246, 59.2940568 ], [ 40.1898477, 59.2957694 ], [ 40.1885103, 59.2977014 ], [ 40.1862567, 59.2972028 ], [ 40.1845326, 59.2986521 ], [ 40.1836474, 59.2996034 ], [ 40.18263, 59.3006376 ], [ 40.1821282, 59.3015376 ], [ 40.1821372, 59.3021991 ], [ 40.1825358, 59.3024611 ] ] ], [ [ [ 40.1859221, 59.2955563 ], [ 40.1860355, 59.2955647 ], [ 40.1869269, 59.2938142 ], [ 40.1877901, 59.2935604 ], [ 40.1877444, 59.2926237 ], [ 40.1875937, 59.2926128 ], [ 40.1870502, 59.29336 ], [ 40.1863708, 59.2940994 ], [ 40.1860523, 59.2947737 ], [ 40.1859301, 59.2954281 ], [ 40.1859221, 59.2955563 ] ] ], [ [ [ 40.1879062, 59.2904131 ], [ 40.1892596, 59.2901076 ], [ 40.1892299, 59.2897031 ], [ 40.1894747, 59.2893185 ], [ 40.1903854, 59.2887835 ], [ 40.1912363, 59.2885008 ], [ 40.1922197, 59.2880922 ], [ 40.1926858, 59.2878379 ], [ 40.1929052, 59.2875002 ], [ 40.192865, 59.2872805 ], [ 40.1900601, 59.2878447 ], [ 40.1876528, 59.2896973 ], [ 40.1876337, 59.290243 ], [ 40.1879062, 59.2904131 ] ] ], [ [ [ 40.14597, 59.2977846 ], [ 40.1488963, 59.2974367 ], [ 40.1492381, 59.2971766 ], [ 40.1498512, 59.2969694 ], [ 40.1504203, 59.2968688 ], [ 40.151202, 59.2968778 ], [ 40.1519264, 59.2969626 ], [ 40.1531453, 59.2971785 ], [ 40.1542068, 59.2970684 ], [ 40.1527278, 59.2965293 ], [ 40.1517093, 59.2964114 ], [ 40.1509388, 59.2964682 ], [ 40.1500082, 59.2967406 ], [ 40.1494411, 59.2968463 ], [ 40.1485436, 59.2968336 ], [ 40.1481009, 59.2969577 ], [ 40.1478325, 59.2971665 ], [ 40.1476839, 59.2974647 ], [ 40.1469351, 59.2974356 ], [ 40.1464017, 59.297512 ], [ 40.1459953, 59.2976941 ], [ 40.14597, 59.2977846 ] ] ] ] } },
{ "type": "Feature", "properties": { "NAME": "Гора Маура", "NAME_EN": null, "NAME_RU": null, "LEISURE": "nature_reserve", "BOUNDARY": "protected_area", "OSM_TYPE": "relation", "OSM_ID": 11382475 }, "geometry": { "type": "MultiPolygon", "coordinates": [ [ [ [ 38.2703464, 59.8682965 ], [ 38.2715328, 59.8693592 ], [ 38.2724077, 59.8696155 ], [ 38.2737678, 59.8698478 ], [ 38.2749611, 59.8701369 ], [ 38.2760607, 59.870402 ], [ 38.277233, 59.8708956 ], [ 38.2782813, 59.8711364 ], [ 38.2793679, 59.8712035 ], [ 38.2810307, 59.8713062 ], [ 38.2835345, 59.8716777 ], [ 38.2841267, 59.8717209 ], [ 38.2860408, 59.8715337 ], [ 38.2866841, 59.8714178 ], [ 38.2865898, 59.8711286 ], [ 38.286543, 59.8710544 ], [ 38.285026, 59.8707798 ], [ 38.2838039, 59.8703542 ], [ 38.2828375, 59.8699702 ], [ 38.2824928, 59.8697972 ], [ 38.284153, 59.8689609 ], [ 38.2840623, 59.8684654 ], [ 38.2841584, 59.8680624 ], [ 38.2846125, 59.8666729 ], [ 38.2836829, 59.866343 ], [ 38.2822076, 59.8660323 ], [ 38.2812488, 59.8658128 ], [ 38.2805858, 59.8655515 ], [ 38.2796033, 59.864738 ], [ 38.2788792, 59.8643749 ], [ 38.2772218, 59.8636235 ], [ 38.2767599, 59.8654033 ], [ 38.2812028, 59.8693351 ], [ 38.2782071, 59.8698157 ], [ 38.2761784, 59.8670893 ], [ 38.2756282, 59.8669518 ], [ 38.2744054, 59.8662564 ], [ 38.2739585, 59.8673186 ], [ 38.2682773, 59.8668144 ], [ 38.2689885, 59.8671672 ], [ 38.2703464, 59.8682965 ] ] ] ] } },
{ "type": "Feature", "properties": { "NAME": "Михальцевская роща", "NAME_EN": null, "NAME_RU": null, "LEISURE": null, "BOUNDARY": "protected_area", "OSM_TYPE": "relation", "OSM_ID": 17998000 }, "geometry": { "type": "MultiPolygon", "coordinates": [ [ [ [ 39.8044404, 59.2498617 ], [ 39.8036606, 59.2502879 ], [ 39.8034926, 59.2504762 ], [ 39.8034414, 59.250749 ], [ 39.803582, 59.2511543 ], [ 39.803916, 59.2514188 ], [ 39.8043152, 59.2516031 ], [ 39.8050915, 59.2518545 ], [ 39.8054955, 59.25199 ], [ 39.8056385, 59.2520756 ], [ 39.8056873, 59.2523884 ], [ 39.8057959, 59.2531565 ], [ 39.8056899, 59.2532058 ], [ 39.8053754, 59.2532742 ], [ 39.8050465, 59.2533291 ], [ 39.8050431, 59.2533743 ], [ 39.8051807, 59.2533935 ], [ 39.805398, 59.2533914 ], [ 39.8054315, 59.2536446 ], [ 39.8051356, 59.2536443 ], [ 39.8050967, 59.2544029 ], [ 39.8056163, 59.2545803 ], [ 39.8056637, 59.2547916 ], [ 39.8055658, 59.2550469 ], [ 39.8054415, 59.2552229 ], [ 39.8053374, 59.2553531 ], [ 39.8052448, 59.2553943 ], [ 39.8051198, 59.2553939 ], [ 39.8051145, 59.2554266 ], [ 39.8050658, 59.2554525 ], [ 39.8050311, 59.2554391 ], [ 39.8049985, 59.2554612 ], [ 39.805089, 59.2555645 ], [ 39.808446, 59.2564006 ], [ 39.8084691, 59.2564 ], [ 39.8085105, 59.2563204 ], [ 39.8086827, 59.2563777 ], [ 39.8088339, 59.2564172 ], [ 39.8088595, 59.2564235 ], [ 39.8089828, 59.2563057 ], [ 39.8090659, 59.2562735 ], [ 39.8087064, 59.2561752 ], [ 39.8088044, 59.2560891 ], [ 39.8090039, 59.2561463 ], [ 39.8091886, 59.2560379 ], [ 39.8094261, 59.2561234 ], [ 39.8094323, 59.25612 ], [ 39.8097065, 59.2559631 ], [ 39.8096535, 59.2559381 ], [ 39.8099016, 59.2558209 ], [ 39.8098453, 59.2557923 ], [ 39.8101562, 59.2556404 ], [ 39.8103906, 59.2557692 ], [ 39.8112429, 59.2552655 ], [ 39.8112658, 59.2552501 ], [ 39.8113772, 59.2551755 ], [ 39.8113897, 59.255167 ], [ 39.8121266, 59.2546723 ], [ 39.8122073, 59.254618 ], [ 39.8123085, 59.254528 ], [ 39.8126609, 59.2542153 ], [ 39.8130775, 59.2538454 ], [ 39.8133771, 59.2535796 ], [ 39.8135331, 59.2533183 ], [ 39.8137662, 59.2529278 ], [ 39.8138328, 59.251375 ], [ 39.8140434, 59.2509521 ], [ 39.8138331, 59.249981 ], [ 39.8124405, 59.2492899 ], [ 39.8119579, 59.2491346 ], [ 39.8110855, 59.2488822 ], [ 39.8096239, 59.2485037 ], [ 39.8092208, 59.2484544 ], [ 39.8092033, 59.248475 ], [ 39.8094322, 59.2485839 ], [ 39.8092955, 59.2486646 ], [ 39.8089615, 59.248648 ], [ 39.8079746, 59.2486939 ], [ 39.8077174, 59.248791 ], [ 39.8079027, 59.2490499 ], [ 39.8079613, 59.2492418 ], [ 39.8075284, 59.2493376 ], [ 39.8069159, 59.2493776 ], [ 39.8063159, 59.2493819 ], [ 39.8056998, 59.2494375 ], [ 39.8054858, 59.2493914 ], [ 39.8052634, 59.2493439 ], [ 39.8050418, 59.249547 ], [ 39.8044404, 59.2498617 ] ] ] ] } },
{ "type": "Feature", "properties": { "NAME": "Водопад \"Васькин ключ\"", "NAME_EN": null, "NAME_RU": null, "LEISURE": "nature_reserve", "BOUNDARY": "protected_area", "OSM_TYPE": "relation", "OSM_ID": 19956435 }, "geometry": { "type": "MultiPolygon", "coordinates": [ [ [ [ 45.2594351, 60.5926981 ], [ 45.258942, 60.5968604 ], [ 45.2744291, 60.597619 ], [ 45.2755679, 60.5938407 ], [ 45.2728004, 60.5934145 ], [ 45.2689813, 60.5930814 ], [ 45.2634729, 60.5929473 ], [ 45.2607161, 60.5928246 ], [ 45.2594351, 60.5926981 ] ] ] ] } },
{ "type": "Feature", "properties": { "NAME": null, "NAME_EN": null, "NAME_RU": null, "LEISURE": null, "BOUNDARY": "protected_area", "OSM_TYPE": "way", "OSM_ID": 167736314 }, "geometry": { "type": "MultiPolygon", "coordinates": [ [ [ [ 39.5995814, 59.7120106 ], [ 39.59983, 59.711939 ], [ 39.5999748, 59.7120635 ], [ 39.6000392, 59.7120851 ], [ 39.60015, 59.7120863 ], [ 39.6003431, 59.7120782 ], [ 39.6005309, 59.7120701 ], [ 39.6004719, 59.7119943 ], [ 39.6003807, 59.7118915 ], [ 39.5999837, 59.7115371 ], [ 39.5995921, 59.7111935 ], [ 39.6000856, 59.7109933 ], [ 39.6010477, 59.7115819 ], [ 39.6010995, 59.7115885 ], [ 39.6018022, 59.7114045 ], [ 39.6019739, 59.7116615 ], [ 39.60199, 59.7117157 ], [ 39.602067, 59.71182 ], [ 39.6021885, 59.7120403 ], [ 39.6021528, 59.7120851 ], [ 39.6018934, 59.7121648 ], [ 39.6012765, 59.7123433 ], [ 39.6012014, 59.712346 ], [ 39.6011049, 59.712365 ], [ 39.6007723, 59.7124407 ], [ 39.6004772, 59.7125003 ], [ 39.6003646, 59.7124137 ], [ 39.600268, 59.7123488 ], [ 39.6000695, 59.7123379 ], [ 39.5999515, 59.712346 ], [ 39.5995814, 59.7120106 ] ] ] ] } },
{ "type": "Feature", "properties": { "NAME": "Охотхозяйство", "NAME_EN": null, "NAME_RU": null, "LEISURE": null, "BOUNDARY": "protected_area", "OSM_TYPE": "way", "OSM_ID": 198137941 }, "geometry": { "type": "MultiPolygon", "coordinates": [ [ [ [ 36.0345823, 59.162586 ], [ 36.0359395, 59.1621212 ], [ 36.0371393, 59.1611816 ], [ 36.03715, 59.1611266 ], [ 36.0360575, 59.160243 ], [ 36.0353655, 59.1597645 ], [ 36.0347325, 59.159341 ], [ 36.0327262, 59.1591788 ], [ 36.0323561, 59.159154 ], [ 36.0306395, 59.1586782 ], [ 36.0295666, 59.1591403 ], [ 36.0314602, 59.1606858 ], [ 36.0313476, 59.1607408 ], [ 36.0314656, 59.1608205 ], [ 36.0315407, 59.160804 ], [ 36.0330159, 59.1616867 ], [ 36.0345823, 59.162586 ] ] ] ] } },
{ "type": "Feature", "properties": { "NAME": null, "NAME_EN": null, "NAME_RU": null, "LEISURE": null, "BOUNDARY": "national_park", "OSM_TYPE": "way", "OSM_ID": 302638377 }, "geometry": { "type": "MultiPolygon", "coordinates": [ [ [ [ 38.7846347, 58.8022288 ], [ 38.7753928, 58.8005627 ], [ 38.7750281, 58.7994955 ], [ 38.773069, 58.7994611 ], [ 38.7722815, 58.7964497 ], [ 38.7732406, 58.7962596 ], [ 38.7720176, 58.7918348 ], [ 38.7723394, 58.791479 ], [ 38.7734338, 58.7913122 ], [ 38.7812229, 58.7899558 ], [ 38.7823387, 58.7888105 ], [ 38.7826026, 58.7886782 ], [ 38.7831176, 58.7898679 ], [ 38.7836476, 58.7912455 ], [ 38.7851346, 58.7954047 ], [ 38.7957712, 58.7949144 ], [ 38.7957927, 58.7967821 ], [ 38.7940331, 58.797916 ], [ 38.7904712, 58.8006282 ], [ 38.7846347, 58.8022288 ] ] ] ] } },
{ "type": "Feature", "properties": { "NAME": null, "NAME_EN": null, "NAME_RU": null, "LEISURE": null, "BOUNDARY": "national_park", "OSM_TYPE": "way", "OSM_ID": 302639121 }, "geometry": { "type": "MultiPolygon", "coordinates": [ [ [ [ 38.7703009, 58.7739298 ], [ 38.7777468, 58.7724502 ], [ 38.7755645, 58.7657649 ], [ 38.7678977, 58.7664759 ], [ 38.7703009, 58.7739298 ] ] ] ] } },
{ "type": "Feature", "properties": { "NAME": null, "NAME_EN": null, "NAME_RU": null, "LEISURE": null, "BOUNDARY": "national_park", "OSM_TYPE": "way", "OSM_ID": 302639376 }, "geometry": { "type": "MultiPolygon", "coordinates": [ [ [ [ 38.7858792, 58.7781233 ], [ 38.786244, 58.7752312 ], [ 38.7875808, 58.7754326 ], [ 38.7890979, 58.7757318 ], [ 38.790027, 58.7778352 ], [ 38.7858792, 58.7781233 ] ] ] ] } },
{ "type": "Feature", "properties": { "NAME": null, "NAME_EN": null, "NAME_RU": null, "LEISURE": null, "BOUNDARY": "national_park", "OSM_TYPE": "way", "OSM_ID": 302639542 }, "geometry": { "type": "MultiPolygon", "coordinates": [ [ [ [ 38.7798925, 58.7785014 ], [ 38.7846776, 58.7781678 ], [ 38.7853213, 58.7755983 ], [ 38.7846776, 58.7748753 ], [ 38.778884, 58.7752201 ], [ 38.7794634, 58.7775894 ], [ 38.7800642, 58.7776227 ], [ 38.7798925, 58.7785014 ] ] ] ] } },
{ "type": "Feature", "properties": { "NAME": null, "NAME_EN": null, "NAME_RU": null, "LEISURE": null, "BOUNDARY": "national_park", "OSM_TYPE": "way", "OSM_ID": 302639947 }, "geometry": { "type": "MultiPolygon", "coordinates": [ [ [ [ 38.7667819, 58.7823385 ], [ 38.7679084, 58.7826721 ], [ 38.7711914, 58.7838232 ], [ 38.7708696, 58.7821272 ], [ 38.7702688, 58.7797527 ], [ 38.7698503, 58.7798194 ], [ 38.7668463, 58.7821828 ], [ 38.7667819, 58.7823385 ] ] ] ] } },
{ "type": "Feature", "properties": { "NAME": null, "NAME_EN": null, "NAME_RU": null, "LEISURE": null, "BOUNDARY": "national_park", "OSM_TYPE": "way", "OSM_ID": 302640461 }, "geometry": { "type": "MultiPolygon", "coordinates": [ [ [ [ 38.7709232, 58.8152086 ], [ 38.7763584, 58.8191427 ], [ 38.7878598, 58.8185428 ], [ 38.7883039, 58.8222522 ], [ 38.8010069, 58.8222522 ], [ 38.8055559, 58.819586 ], [ 38.8022514, 58.8192972 ], [ 38.8017364, 58.8184528 ], [ 38.7966724, 58.8173863 ], [ 38.795385, 58.815742 ], [ 38.7917372, 58.8159419 ], [ 38.7889906, 58.814142 ], [ 38.7709232, 58.8152086 ] ] ] ] } },
{ "type": "Feature", "properties": { "NAME": null, "NAME_EN": null, "NAME_RU": null, "LEISURE": null, "BOUNDARY": "national_park", "OSM_TYPE": "way", "OSM_ID": 302641393 }, "geometry": { "type": "MultiPolygon", "coordinates": [ [ [ [ 38.7829824, 58.8227409 ], [ 38.7738844, 58.8227854 ], [ 38.7726827, 58.8240295 ], [ 38.7734552, 58.8282502 ], [ 38.7741419, 58.8303382 ], [ 38.7899626, 58.8306059 ], [ 38.7985178, 58.8307158 ], [ 38.7985178, 58.8257623 ], [ 38.7985607, 58.8248737 ], [ 38.799934, 58.8245182 ], [ 38.7997194, 58.8225632 ], [ 38.7916942, 58.8226298 ], [ 38.7910076, 58.8259844 ], [ 38.7839695, 58.8260733 ], [ 38.7829824, 58.8227409 ] ] ] ] } },
{ "type": "Feature", "properties": { "NAME": null, "NAME_EN": null, "NAME_RU": null, "LEISURE": null, "BOUNDARY": "national_park", "OSM_TYPE": "way", "OSM_ID": 302709259 }, "geometry": { "type": "MultiPolygon", "coordinates": [ [ [ [ 38.7776163, 58.8077639 ], [ 38.7791184, 58.8073638 ], [ 38.7829808, 58.809742 ], [ 38.7772773, 58.8098498 ], [ 38.777273, 58.8104532 ], [ 38.7745694, 58.8109199 ], [ 38.7755178, 58.8091608 ], [ 38.7757281, 58.8085196 ], [ 38.7776163, 58.8077639 ] ] ] ] } },
{ "type": "Feature", "properties": { "NAME": null, "NAME_EN": null, "NAME_RU": null, "LEISURE": null, "BOUNDARY": "national_park", "OSM_TYPE": "way", "OSM_ID": 302710869 }, "geometry": { "type": "MultiPolygon", "coordinates": [ [ [ [ 38.781115, 58.7822826 ], [ 38.7825741, 58.7869644 ], [ 38.7891616, 58.7869977 ], [ 38.7974658, 58.7889325 ], [ 38.8004269, 58.7855299 ], [ 38.781115, 58.7822826 ] ] ] ] } },
{ "type": "Feature", "properties": { "NAME": null, "NAME_EN": null, "NAME_RU": null, "LEISURE": null, "BOUNDARY": "national_park", "OSM_TYPE": "way", "OSM_ID": 302722124 }, "geometry": { "type": "MultiPolygon", "coordinates": [ [ [ [ 38.7754509, 58.8333477 ], [ 38.7793336, 58.8340762 ], [ 38.7796458, 58.8326703 ], [ 38.7749992, 58.831361 ], [ 38.7754509, 58.8333477 ] ] ] ] } },
{ "type": "Feature", "properties": { "NAME": null, "NAME_EN": null, "NAME_RU": null, "LEISURE": null, "BOUNDARY": "national_park", "OSM_TYPE": "way", "OSM_ID": 302722208 }, "geometry": { "type": "MultiPolygon", "coordinates": [ [ [ [ 38.7562892, 58.8312377 ], [ 38.7591001, 58.8312821 ], [ 38.7611171, 58.8312932 ], [ 38.7688419, 58.8318374 ], [ 38.7702152, 58.8339696 ], [ 38.7709973, 58.8352533 ], [ 38.7693783, 58.8373564 ], [ 38.7666414, 58.8410937 ], [ 38.7652156, 58.840976 ], [ 38.7603017, 58.8398324 ], [ 38.7514397, 58.8380781 ], [ 38.7530276, 58.8350245 ], [ 38.754079, 58.8353799 ], [ 38.7562892, 58.8312377 ] ] ] ] } },
{ "type": "Feature", "properties": { "NAME": null, "NAME_EN": null, "NAME_RU": null, "LEISURE": null, "BOUNDARY": "national_park", "OSM_TYPE": "way", "OSM_ID": 302781507 }, "geometry": { "type": "MultiPolygon", "coordinates": [ [ [ [ 37.4373286, 59.5300641 ], [ 37.4402211, 59.5317576 ], [ 37.4456113, 59.5298356 ], [ 37.445151, 59.5292923 ], [ 37.4466096, 59.5286332 ], [ 37.4471133, 59.5274743 ], [ 37.447285, 59.5269846 ], [ 37.4465554, 59.5263753 ], [ 37.4423926, 59.5279314 ], [ 37.4373286, 59.5300641 ] ] ] ] } },
{ "type": "Feature", "properties": { "NAME": null, "NAME_EN": null, "NAME_RU": null, "LEISURE": null, "BOUNDARY": "national_park", "OSM_TYPE": "way", "OSM_ID": 372694365 }, "geometry": { "type": "MultiPolygon", "coordinates": [ [ [ [ 38.8216493, 58.773675 ], [ 38.8084314, 58.7781244 ], [ 38.8091181, 58.7816835 ], [ 38.8120363, 58.781372 ], [ 38.8216493, 58.773675 ] ] ] ] } },
{ "type": "Feature", "properties": { "NAME": null, "NAME_EN": null, "NAME_RU": null, "LEISURE": null, "BOUNDARY": "national_park", "OSM_TYPE": "way", "OSM_ID": 383935639 }, "geometry": { "type": "MultiPolygon", "coordinates": [ [ [ [ 38.8288161, 58.7897783 ], [ 38.8262841, 58.7775009 ], [ 38.8313481, 58.7758324 ], [ 38.8333652, 58.7838626 ], [ 38.8362834, 58.7843519 ], [ 38.8317644, 58.7913116 ], [ 38.8288161, 58.7897783 ] ] ] ] } },
{ "type": "Feature", "properties": { "NAME": null, "NAME_EN": null, "NAME_RU": null, "LEISURE": null, "BOUNDARY": "national_park", "OSM_TYPE": "way", "OSM_ID": 425322543 }, "geometry": { "type": "MultiPolygon", "coordinates": [ [ [ [ 38.8607852, 58.7780791 ], [ 38.8641198, 58.7794383 ], [ 38.8652484, 58.7764774 ], [ 38.8631027, 58.7746531 ], [ 38.8623302, 58.7727843 ], [ 38.8618152, 58.7690018 ], [ 38.8613861, 58.7681117 ], [ 38.8589828, 58.7654859 ], [ 38.8539188, 58.765931 ], [ 38.8557942, 58.7699163 ], [ 38.8561375, 58.7740992 ], [ 38.8601844, 58.7747866 ], [ 38.8607852, 58.7780791 ] ] ] ] } },
{ "type": "Feature", "properties": { "NAME": null, "NAME_EN": null, "NAME_RU": null, "LEISURE": null, "BOUNDARY": "national_park", "OSM_TYPE": "way", "OSM_ID": 527509673 }, "geometry": { "type": "MultiPolygon", "coordinates": [ [ [ [ 38.8419015, 58.7815491 ], [ 38.8485963, 58.7831951 ], [ 38.8515146, 58.7840403 ], [ 38.8539178, 58.7852858 ], [ 38.8485105, 58.7862643 ], [ 38.8460214, 58.7867981 ], [ 38.8451631, 58.788088 ], [ 38.8441331, 58.7873319 ], [ 38.8433606, 58.7871539 ], [ 38.8429315, 58.7855527 ], [ 38.8419015, 58.7815491 ] ] ] ] } },
{ "type": "Feature", "properties": { "NAME": null, "NAME_EN": null, "NAME_RU": null, "LEISURE": null, "BOUNDARY": "national_park", "OSM_TYPE": "way", "OSM_ID": 527509946 }, "geometry": { "type": "MultiPolygon", "coordinates": [ [ [ [ 38.7878282, 58.7741191 ], [ 38.7857683, 58.7670881 ], [ 38.7892616, 58.7666653 ], [ 38.7898023, 58.7683787 ], [ 38.7929523, 58.7680894 ], [ 38.7939222, 58.7691797 ], [ 38.7916047, 58.7705593 ], [ 38.7916047, 58.7716273 ], [ 38.7944114, 58.771605 ], [ 38.7946088, 58.7722948 ], [ 38.7960679, 58.7727397 ], [ 38.7960679, 58.7734517 ], [ 38.7940938, 58.7738077 ], [ 38.7937505, 58.7734072 ], [ 38.7878282, 58.7741191 ] ] ] ] } },
{ "type": "Feature", "properties": { "NAME": "Стрелкинский лес", "NAME_EN": null, "NAME_RU": null, "LEISURE": null, "BOUNDARY": "protected_area", "OSM_TYPE": "way", "OSM_ID": 554818220 }, "geometry": { "type": "MultiPolygon", "coordinates": [ [ [ [ 45.2453278, 60.3720139 ], [ 45.1603083, 60.3765861 ], [ 45.1635722, 60.3946028 ], [ 45.2456306, 60.3916639 ], [ 45.245225, 60.388825 ], [ 45.2555944, 60.3884722 ], [ 45.2572944, 60.3901944 ], [ 45.2651139, 60.3909389 ], [ 45.2650889, 60.3921639 ], [ 45.2690556, 60.3923528 ], [ 45.274, 60.4094556 ], [ 45.2826611, 60.4089889 ], [ 45.3016139, 60.3686194 ], [ 45.2453278, 60.3720139 ] ] ] ] } },
{ "type": "Feature", "properties": { "NAME": "Озеро Дмитворово", "NAME_EN": null, "NAME_RU": null, "LEISURE": "nature_reserve", "BOUNDARY": "protected_area", "OSM_TYPE": "way", "OSM_ID": 554818221 }, "geometry": { "type": "MultiPolygon", "coordinates": [ [ [ [ 36.9813889, 59.9090583 ], [ 36.9798306, 59.9091361 ], [ 36.9770194, 59.909575 ], [ 36.9751667, 59.9101417 ], [ 36.9734444, 59.9111972 ], [ 36.9719083, 59.9128806 ], [ 36.9714361, 59.9144056 ], [ 36.97185, 59.9161222 ], [ 36.9734944, 59.9183056 ], [ 36.9747889, 59.9194194 ], [ 36.9760028, 59.9201722 ], [ 36.9789361, 59.9213194 ], [ 36.9819417, 59.9218972 ], [ 36.9861694, 59.9223778 ], [ 36.9899389, 59.9226417 ], [ 36.993875, 59.922325 ], [ 36.9967111, 59.9214722 ], [ 36.9982972, 59.9205417 ], [ 36.9996694, 59.919225 ], [ 37.0004833, 59.9178111 ], [ 37.0006389, 59.9166361 ], [ 37.0002556, 59.9153028 ], [ 36.9997056, 59.9135667 ], [ 36.9982167, 59.9128167 ], [ 36.9964528, 59.9116306 ], [ 36.9946694, 59.9108167 ], [ 36.9923361, 59.9101861 ], [ 36.9885722, 59.9095 ], [ 36.9852222, 59.9091361 ], [ 36.9826083, 59.90905 ], [ 36.9813889, 59.9090583 ] ] ] ] } },
{ "type": "Feature", "properties": { "NAME": "Верховинский лес", "NAME_EN": null, "NAME_RU": null, "LEISURE": null, "BOUNDARY": "protected_area", "OSM_TYPE": "way", "OSM_ID": 554818227 }, "geometry": { "type": "MultiPolygon", "coordinates": [ [ [ [ 43.3108611, 59.4799972 ], [ 43.3108139, 59.4804861 ], [ 43.2902722, 59.4829417 ], [ 43.2972861, 59.4986972 ], [ 43.3006639, 59.5075389 ], [ 43.3125222, 59.5038639 ], [ 43.3339833, 59.5064361 ], [ 43.32665, 59.4904667 ], [ 43.3430194, 59.4884806 ], [ 43.333825, 59.4642944 ], [ 43.3108611, 59.4799972 ] ] ] ] } },
{ "type": "Feature", "properties": { "NAME": "Озеро Черное", "NAME_EN": null, "NAME_RU": null, "LEISURE": "nature_reserve", "BOUNDARY": "protected_area", "OSM_TYPE": "way", "OSM_ID": 554818228 }, "geometry": { "type": "MultiPolygon", "coordinates": [ [ [ [ 40.9476678, 60.5443768 ], [ 40.9483892, 60.5445097 ], [ 40.9502678, 60.5447255 ], [ 40.9509535, 60.5446637 ], [ 40.9513929, 60.5443936 ], [ 40.9521987, 60.5442417 ], [ 40.9528727, 60.5441087 ], [ 40.9540262, 60.5433882 ], [ 40.952563, 60.5420663 ], [ 40.9463052, 60.5416449 ], [ 40.946457, 60.5419761 ], [ 40.9462686, 60.542189 ], [ 40.9471054, 60.5424973 ], [ 40.9466209, 60.5427452 ], [ 40.9462703, 60.5430757 ], [ 40.946235, 60.5434288 ], [ 40.946529, 60.5438328 ], [ 40.94713, 60.544203 ], [ 40.9476678, 60.5443768 ] ] ] ] } },
{ "type": "Feature", "properties": { "NAME": "природный резерват \"Озеро Черное\"", "NAME_EN": null, "NAME_RU": null, "LEISURE": "nature_reserve", "BOUNDARY": "protected_area", "OSM_TYPE": "way", "OSM_ID": 554818229 }, "geometry": { "type": "MultiPolygon", "coordinates": [ [ [ [ 36.3213556, 60.2916111 ], [ 36.3170083, 60.289825 ], [ 36.3142917, 60.2890611 ], [ 36.3115306, 60.2884861 ], [ 36.31015, 60.2882667 ], [ 36.3085611, 60.2882361 ], [ 36.3074028, 60.2883 ], [ 36.3040361, 60.2885778 ], [ 36.3001361, 60.2890833 ], [ 36.2988944, 60.2895333 ], [ 36.2970444, 60.2905306 ], [ 36.296, 60.2912861 ], [ 36.2948194, 60.2915389 ], [ 36.2935556, 60.291625 ], [ 36.2921778, 60.2917306 ], [ 36.2906694, 60.2920472 ], [ 36.2892806, 60.2925222 ], [ 36.28795, 60.2933083 ], [ 36.2870222, 60.2945806 ], [ 36.28695, 60.2954639 ], [ 36.2871833, 60.2961333 ], [ 36.2883361, 60.2976667 ], [ 36.289975, 60.2992167 ], [ 36.2989806, 60.3061333 ], [ 36.3001222, 60.3064861 ], [ 36.3018694, 60.3067278 ], [ 36.3039, 60.3069 ], [ 36.3110167, 60.3071417 ], [ 36.3125556, 60.3070528 ], [ 36.3141556, 60.3068472 ], [ 36.3156639, 60.3064639 ], [ 36.3168667, 60.3059556 ], [ 36.3181417, 60.3051861 ], [ 36.3187444, 60.3045333 ], [ 36.3190806, 60.3040472 ], [ 36.3193417, 60.3034417 ], [ 36.3207806, 60.2999222 ], [ 36.3211694, 60.2990806 ], [ 36.321525, 60.2971583 ], [ 36.3218861, 60.2925444 ], [ 36.3213556, 60.2916111 ] ] ] ] } },
{ "type": "Feature", "properties": { "NAME": "Сойдозерский", "NAME_EN": null, "NAME_RU": null, "LEISURE": null, "BOUNDARY": "protected_area", "OSM_TYPE": "way", "OSM_ID": 554818230 }, "geometry": { "type": "MultiPolygon", "coordinates": [ [ [ [ 37.4206028, 61.4830528 ], [ 37.436825, 61.4829861 ], [ 37.4558806, 61.4829472 ], [ 37.4732778, 61.4835722 ], [ 37.4934861, 61.48425 ], [ 37.493775, 61.4765861 ], [ 37.5086917, 61.4772361 ], [ 37.5103639, 61.4601167 ], [ 37.5142778, 61.4413472 ], [ 37.4946861, 61.4406472 ], [ 37.4744028, 61.4398861 ], [ 37.4549806, 61.439175 ], [ 37.4363778, 61.4359472 ], [ 37.4374528, 61.4468722 ], [ 37.4171167, 61.4472694 ], [ 37.4188528, 61.4679833 ], [ 37.4206028, 61.4830528 ] ] ] ] } },
{ "type": "Feature", "properties": { "NAME": "Брусенский лес", "NAME_EN": null, "NAME_RU": null, "LEISURE": null, "BOUNDARY": "protected_area", "OSM_TYPE": "way", "OSM_ID": 554818243 }, "geometry": { "type": "MultiPolygon", "coordinates": [ [ [ [ 44.0534639, 60.1364778 ], [ 44.0539389, 60.1356417 ], [ 44.0546806, 60.1348417 ], [ 44.0639889, 60.1264333 ], [ 44.0635639, 60.12375 ], [ 44.05015, 60.1160083 ], [ 44.0443833, 60.1127 ], [ 44.03735, 60.1084167 ], [ 44.0344528, 60.1065278 ], [ 44.0277917, 60.1021861 ], [ 44.0251417, 60.1004528 ], [ 44.0223528, 60.1015083 ], [ 44.0188139, 60.1028528 ], [ 44.0175417, 60.1033361 ], [ 44.0160111, 60.1040444 ], [ 44.0117361, 60.1057361 ], [ 44.0069389, 60.1062028 ], [ 44.0052889, 60.1078056 ], [ 44.0037028, 60.1091361 ], [ 44.0055111, 60.1111778 ], [ 44.0086056, 60.1129417 ], [ 44.0067778, 60.1162806 ], [ 44.0073361, 60.1192694 ], [ 44.0105417, 60.1203278 ], [ 44.0154917, 60.1213861 ], [ 44.0184056, 60.1221528 ], [ 44.0247389, 60.1219611 ], [ 44.0251139, 60.1239167 ], [ 44.025425, 60.1267694 ], [ 44.0266222, 60.1325194 ], [ 44.0269278, 60.1356222 ], [ 44.0262806, 60.1367472 ], [ 44.0432222, 60.1365444 ], [ 44.0534639, 60.1364778 ] ] ] ] } },
{ "type": "Feature", "properties": { "NAME": "Мельгуновский", "NAME_EN": null, "NAME_RU": null, "LEISURE": null, "BOUNDARY": "protected_area", "OSM_TYPE": "way", "OSM_ID": 554818245 }, "geometry": { "type": "MultiPolygon", "coordinates": [ [ [ [ 37.4913861, 60.5170667 ], [ 37.4917583, 60.5016583 ], [ 37.4884472, 60.5013667 ], [ 37.48145, 60.4996833 ], [ 37.4786083, 60.4982722 ], [ 37.47005, 60.5028278 ], [ 37.466, 60.5019722 ], [ 37.4633778, 60.503175 ], [ 37.4538583, 60.5021222 ], [ 37.4541139, 60.5172278 ], [ 37.4913861, 60.5170667 ] ] ] ] } },
{ "type": "Feature", "properties": { "NAME": "Геологическое обнажение на реке Шарженьге у деревни Вахнево", "NAME_EN": null, "NAME_RU": null, "LEISURE": "nature_reserve", "BOUNDARY": "protected_area", "OSM_TYPE": "way", "OSM_ID": 554818246 }, "geometry": { "type": "MultiPolygon", "coordinates": [ [ [ [ 45.19795, 59.7797028 ], [ 45.1926028, 59.7795139 ], [ 45.1827472, 59.7856806 ], [ 45.1747611, 59.7860917 ], [ 45.1689, 59.7837667 ], [ 45.1642611, 59.7859861 ], [ 45.1715667, 59.7898611 ], [ 45.1793667, 59.7896167 ], [ 45.2011778, 59.7820694 ], [ 45.19795, 59.7797028 ] ] ] ] } },
{ "type": "Feature", "properties": { "NAME": "Опоки", "NAME_EN": null, "NAME_RU": null, "LEISURE": "nature_reserve", "BOUNDARY": "protected_area", "OSM_TYPE": "way", "OSM_ID": 554818251 }, "geometry": { "type": "MultiPolygon", "coordinates": [ [ [ [ 45.4986833, 60.582525 ], [ 45.4965778, 60.5827111 ], [ 45.4944083, 60.5830417 ], [ 45.4909833, 60.5838833 ], [ 45.4894667, 60.5843861 ], [ 45.4873722, 60.5853389 ], [ 45.4855306, 60.5866417 ], [ 45.4845222, 60.5877083 ], [ 45.4840028, 60.5884889 ], [ 45.4836833, 60.5894972 ], [ 45.4828361, 60.5894917 ], [ 45.4820194, 60.5888972 ], [ 45.4791972, 60.5874083 ], [ 45.4771806, 60.5866139 ], [ 45.4750639, 60.5859944 ], [ 45.4729528, 60.5857056 ], [ 45.4706111, 60.5855389 ], [ 45.4677472, 60.5855417 ], [ 45.4652667, 60.5856639 ], [ 45.4641073, 60.5865011 ], [ 45.4652637, 60.5909542 ], [ 45.466637, 60.5917548 ], [ 45.4686861, 60.5919972 ], [ 45.4704722, 60.5922056 ], [ 45.4719278, 60.5925972 ], [ 45.4728167, 60.5930944 ], [ 45.4731472, 60.5936944 ], [ 45.4733278, 60.5945972 ], [ 45.4733694, 60.5959972 ], [ 45.4733222, 60.5971111 ], [ 45.4737167, 60.5987361 ], [ 45.4744444, 60.6001444 ], [ 45.4760422, 60.6009664 ], [ 45.4776841, 60.6017066 ], [ 45.4805643, 60.6022651 ], [ 45.4840019, 60.602484 ], [ 45.4857042, 60.6023598 ], [ 45.4884467, 60.6019555 ], [ 45.4895736, 60.601615 ], [ 45.4905095, 60.6012847 ], [ 45.4923148, 60.6004509 ], [ 45.4935612, 60.5992586 ], [ 45.494392, 60.5980319 ], [ 45.4939006, 60.5953881 ], [ 45.4941419, 60.5945794 ], [ 45.4960268, 60.5938242 ], [ 45.4955667, 60.5901111 ], [ 45.4959972, 60.5892778 ], [ 45.4967722, 60.5886667 ], [ 45.4979444, 60.58825 ], [ 45.4992611, 60.5880278 ], [ 45.5018858, 60.5876042 ], [ 45.5032158, 60.5876066 ], [ 45.5050014, 60.5874689 ], [ 45.5081427, 60.587337 ], [ 45.510448, 60.5877017 ], [ 45.5128998, 60.5881203 ], [ 45.5158, 60.5886429 ], [ 45.5183889, 60.5893723 ], [ 45.5211661, 60.5902735 ], [ 45.5205419, 60.5908968 ], [ 45.5223719, 60.5915741 ], [ 45.5249222, 60.592095 ], [ 45.5272488, 60.5932419 ], [ 45.5293425, 60.5942182 ], [ 45.5309589, 60.5949835 ], [ 45.5327373, 60.5958303 ], [ 45.5349785, 60.5968913 ], [ 45.5389043, 60.5986247 ], [ 45.5416281, 60.5997941 ], [ 45.544432, 60.6008517 ], [ 45.547289, 60.6017464 ], [ 45.5502605, 60.6023868 ], [ 45.5534014, 60.6030353 ], [ 45.5558042, 60.603573 ], [ 45.5596505, 60.6041612 ], [ 45.5633354, 60.6044847 ], [ 45.5676506, 60.6048764 ], [ 45.5722041, 60.6052998 ], [ 45.5768829, 60.6060073 ], [ 45.5800676, 60.6065063 ], [ 45.5824453, 60.6077075 ], [ 45.5825583, 60.6083889 ], [ 45.5840944, 60.6088889 ], [ 45.585475, 60.6093889 ], [ 45.5870972, 60.61 ], [ 45.5892557, 60.6104711 ], [ 45.5918108, 60.6117442 ], [ 45.5949357, 60.6131331 ], [ 45.6004528, 60.6108611 ], [ 45.6007917, 60.6105278 ], [ 45.5996611, 60.6093889 ], [ 45.5995889, 60.6087778 ], [ 45.6001056, 60.6084444 ], [ 45.60005, 60.6083056 ], [ 45.5996444, 60.6081111 ], [ 45.5993139, 60.6077778 ], [ 45.599425, 60.6076944 ], [ 45.5989056, 60.6074722 ], [ 45.5977694, 60.6069444 ], [ 45.5950389, 60.6055278 ], [ 45.5923583, 60.6044444 ], [ 45.5897389, 60.6034722 ], [ 45.5869417, 60.6026806 ], [ 45.5840583, 60.6020972 ], [ 45.5778417, 60.6012 ], [ 45.5734944, 60.6007056 ], [ 45.5680778, 60.6000278 ], [ 45.5611194, 60.5991028 ], [ 45.558625, 60.5987389 ], [ 45.5556833, 60.5982417 ], [ 45.5532111, 60.5977278 ], [ 45.5509583, 60.5971111 ], [ 45.5459139, 60.5952083 ], [ 45.5423528, 60.593925 ], [ 45.5386694, 60.5922306 ], [ 45.53525, 60.5930944 ], [ 45.5342333, 60.5926083 ], [ 45.53235, 60.5917333 ], [ 45.5302861, 60.5907944 ], [ 45.5277194, 60.5896528 ], [ 45.5263667, 60.5890861 ], [ 45.5248722, 60.5885028 ], [ 45.5236278, 60.5880528 ], [ 45.5223139, 60.5876167 ], [ 45.5212972, 60.5873028 ], [ 45.520325, 60.5870222 ], [ 45.5194056, 60.5867806 ], [ 45.5184194, 60.5865417 ], [ 45.5174472, 60.5863278 ], [ 45.5164556, 60.5861278 ], [ 45.5159167, 60.5860333 ], [ 45.514565, 60.5856582 ], [ 45.5132197, 60.5853802 ], [ 45.5062694, 60.5826861 ], [ 45.5030417, 60.5825 ], [ 45.5007972, 60.5824611 ], [ 45.4986833, 60.582525 ] ] ] ] } },
{ "type": "Feature", "properties": { "NAME": "Корнильево", "NAME_EN": null, "NAME_RU": null, "LEISURE": "nature_reserve", "BOUNDARY": "protected_area", "OSM_TYPE": "way", "OSM_ID": 750674543 }, "geometry": { "type": "MultiPolygon", "coordinates": [ [ [ [ 40.2310681, 58.8342377 ], [ 40.2346746, 58.8347565 ], [ 40.2373034, 58.8367163 ], [ 40.2404011, 58.8371935 ], [ 40.241225, 58.8369671 ], [ 40.2418203, 58.8366312 ], [ 40.2425515, 58.8361156 ], [ 40.2430838, 58.835732 ], [ 40.2435163, 58.8355889 ], [ 40.2436251, 58.8354492 ], [ 40.2436654, 58.8350673 ], [ 40.2436778, 58.8347389 ], [ 40.2433192, 58.8342928 ], [ 40.2432323, 58.8338493 ], [ 40.243384, 58.8332569 ], [ 40.2432238, 58.8330407 ], [ 40.2432864, 58.8327531 ], [ 40.2431256, 58.832557 ], [ 40.2431047, 58.8324226 ], [ 40.2432203, 58.8323179 ], [ 40.24324, 58.8322698 ], [ 40.2430345, 58.8322275 ], [ 40.2424816, 58.831786 ], [ 40.2423738, 58.831557 ], [ 40.2424069, 58.8313629 ], [ 40.2428554, 58.830821 ], [ 40.2432839, 58.8304364 ], [ 40.2437851, 58.8301866 ], [ 40.2439489, 58.8299603 ], [ 40.2439312, 58.8297456 ], [ 40.2437173, 58.8295825 ], [ 40.2433712, 58.8294918 ], [ 40.2432345, 58.8293429 ], [ 40.2432226, 58.828974 ], [ 40.2429513, 58.8286159 ], [ 40.2423661, 58.8283484 ], [ 40.2419208, 58.8281494 ], [ 40.2417859, 58.8279469 ], [ 40.2416136, 58.8273307 ], [ 40.2412075, 58.8271187 ], [ 40.2407042, 58.8270868 ], [ 40.2402098, 58.8271556 ], [ 40.2398884, 58.8270987 ], [ 40.2396349, 58.8269553 ], [ 40.239337, 58.8266237 ], [ 40.2386892, 58.8263019 ], [ 40.2386348, 58.8260972 ], [ 40.2389499, 58.8258861 ], [ 40.2388095, 58.8258393 ], [ 40.2385493, 58.82578 ], [ 40.2383202, 58.8257664 ], [ 40.2381437, 58.8258043 ], [ 40.2380529, 58.825894 ], [ 40.2380249, 58.8260581 ], [ 40.2379559, 58.8261481 ], [ 40.2378561, 58.826181 ], [ 40.2377243, 58.8261968 ], [ 40.2375726, 58.8261612 ], [ 40.2373679, 58.8260797 ], [ 40.2372318, 58.8260143 ], [ 40.236861, 58.8260554 ], [ 40.2366563, 58.825993 ], [ 40.2365308, 58.8258911 ], [ 40.2364011, 58.8258965 ], [ 40.2360422, 58.8261476 ], [ 40.2358084, 58.8261721 ], [ 40.2354262, 58.8260139 ], [ 40.2351173, 58.8259706 ], [ 40.2347845, 58.8258733 ], [ 40.234384, 58.8258558 ], [ 40.2342573, 58.8257874 ], [ 40.23423, 58.8254855 ], [ 40.2340003, 58.825396 ], [ 40.2335332, 58.8254314 ], [ 40.2331865, 58.8253608 ], [ 40.2328511, 58.8253306 ], [ 40.2328406, 58.8252701 ], [ 40.2331044, 58.8251387 ], [ 40.2330866, 58.8249239 ], [ 40.2324117, 58.8245517 ], [ 40.2321029, 58.8245083 ], [ 40.2312918, 58.8247414 ], [ 40.2310595, 58.8247257 ], [ 40.2309734, 58.8246041 ], [ 40.2309803, 58.8244231 ], [ 40.230891, 58.8243886 ], [ 40.2304363, 58.8244377 ], [ 40.2303358, 58.8243628 ], [ 40.2302922, 58.8241478 ], [ 40.2297298, 58.8239611 ], [ 40.2261354, 58.8269113 ], [ 40.2238659, 58.8283967 ], [ 40.2338414, 58.8322321 ], [ 40.2310681, 58.8342377 ] ] ] ] } },
{ "type": "Feature", "properties": { "NAME": "Тювенька", "NAME_EN": null, "NAME_RU": null, "LEISURE": "nature_reserve", "BOUNDARY": "protected_area", "OSM_TYPE": "way", "OSM_ID": 750674544 }, "geometry": { "type": "MultiPolygon", "coordinates": [ [ [ [ 40.0361804, 58.8566108 ], [ 40.0365072, 58.8564767 ], [ 40.036814, 58.8564039 ], [ 40.0371422, 58.856423 ], [ 40.0385191, 58.8571404 ], [ 40.0397006, 58.8575326 ], [ 40.0407144, 58.8579533 ], [ 40.0390263, 58.8586345 ], [ 40.0398586, 58.8598012 ], [ 40.0400276, 58.8598888 ], [ 40.039643, 58.8599632 ], [ 40.0394445, 58.859926 ], [ 40.0391615, 58.859683 ], [ 40.038798, 58.8596633 ], [ 40.0386123, 58.859532 ], [ 40.0382573, 58.8590526 ], [ 40.037505, 58.8592802 ], [ 40.0368584, 58.8597683 ], [ 40.0361699, 58.8595845 ], [ 40.0358951, 58.8597136 ], [ 40.0355107, 58.8597376 ], [ 40.035536, 58.8599719 ], [ 40.0351261, 58.8600245 ], [ 40.0350754, 58.8600617 ], [ 40.0348979, 58.8600857 ], [ 40.0349275, 58.8601032 ], [ 40.0348853, 58.8601208 ], [ 40.034784, 58.8600923 ], [ 40.0343317, 58.8601536 ], [ 40.034205, 58.8603638 ], [ 40.0341332, 58.8604075 ], [ 40.0341711, 58.8604973 ], [ 40.0339092, 58.8607666 ], [ 40.0338838, 58.8609482 ], [ 40.0336832, 58.8610914 ], [ 40.033605, 58.8612066 ], [ 40.0335753, 58.8612963 ], [ 40.0334951, 58.8612919 ], [ 40.0334443, 58.8613707 ], [ 40.0336303, 58.8615875 ], [ 40.0334232, 58.861721 ], [ 40.0332964, 58.8617122 ], [ 40.0333472, 58.8616531 ], [ 40.0331698, 58.8617056 ], [ 40.0329162, 58.8616881 ], [ 40.0328064, 58.8618128 ], [ 40.032464, 58.8617515 ], [ 40.0320246, 58.8616552 ], [ 40.0316232, 58.8615897 ], [ 40.0314205, 58.8616115 ], [ 40.0312893, 58.8616815 ], [ 40.0311501, 58.8616553 ], [ 40.0312259, 58.8615064 ], [ 40.0310189, 58.8615437 ], [ 40.0307442, 58.8616422 ], [ 40.0304188, 58.8615918 ], [ 40.0302035, 58.8613882 ], [ 40.0300851, 58.8614867 ], [ 40.0300554, 58.8616618 ], [ 40.0295401, 58.8620471 ], [ 40.0293245, 58.8623339 ], [ 40.029371, 58.8623886 ], [ 40.0291218, 58.8625418 ], [ 40.0306386, 58.8631219 ], [ 40.030719, 58.8631066 ], [ 40.0307626, 58.8630656 ], [ 40.0309939, 58.8631503 ], [ 40.0311374, 58.8631668 ], [ 40.0312928, 58.8631007 ], [ 40.0315479, 58.863078 ], [ 40.0318988, 58.8627827 ], [ 40.0322696, 58.8626836 ], [ 40.0326083, 58.8626898 ], [ 40.033003, 58.86257 ], [ 40.0332781, 58.8625266 ], [ 40.0335771, 58.8625452 ], [ 40.0336609, 58.8624254 ], [ 40.0340475, 58.8623078 ], [ 40.0341871, 58.8623036 ], [ 40.0345339, 58.8620765 ], [ 40.0346974, 58.8621115 ], [ 40.034789, 58.8620144 ], [ 40.0347412, 58.861998 ], [ 40.0346973, 58.8620619 ], [ 40.0346056, 58.862031 ], [ 40.034825, 58.8618823 ], [ 40.0348727, 58.8617171 ], [ 40.0347653, 58.8617171 ], [ 40.0346934, 58.8616572 ], [ 40.0347731, 58.8616138 ], [ 40.0346337, 58.8616427 ], [ 40.0346017, 58.8616283 ], [ 40.0343545, 58.8616964 ], [ 40.034239, 58.8617026 ], [ 40.034227, 58.8616717 ], [ 40.0343785, 58.8616366 ], [ 40.034502, 58.8616139 ], [ 40.0347174, 58.8614838 ], [ 40.0347811, 58.8614816 ], [ 40.0348769, 58.8614403 ], [ 40.0348728, 58.8613784 ], [ 40.0350562, 58.8612937 ], [ 40.0350841, 58.8611409 ], [ 40.0349604, 58.8610439 ], [ 40.0343823, 58.8608353 ], [ 40.0344024, 58.860765 ], [ 40.0351838, 58.860988 ], [ 40.0353234, 58.8609757 ], [ 40.0354618, 58.8607981 ], [ 40.0355915, 58.8607134 ], [ 40.035685, 58.8607144 ], [ 40.0357189, 58.8607681 ], [ 40.0358028, 58.8607929 ], [ 40.0359302, 58.8606886 ], [ 40.0360518, 58.8606856 ], [ 40.0360798, 58.8607113 ], [ 40.0362233, 58.8606721 ], [ 40.0362253, 58.8606546 ], [ 40.0361096, 58.8606288 ], [ 40.0360299, 58.8606649 ], [ 40.0359362, 58.8606629 ], [ 40.0359323, 58.8606122 ], [ 40.0358804, 58.86061 ], [ 40.0358245, 58.8606598 ], [ 40.0356072, 58.8606195 ], [ 40.0356054, 58.8605347 ], [ 40.0354977, 58.8604552 ], [ 40.0355077, 58.860387 ], [ 40.0356611, 58.8603427 ], [ 40.0357926, 58.8603551 ], [ 40.0359024, 58.8604015 ], [ 40.03596, 58.8603551 ], [ 40.0361136, 58.8603437 ], [ 40.0361654, 58.8603665 ], [ 40.0363628, 58.8603716 ], [ 40.0363908, 58.8603416 ], [ 40.0365002, 58.860383 ], [ 40.0365781, 58.8603736 ], [ 40.0366159, 58.8603447 ], [ 40.0367176, 58.8603541 ], [ 40.0367973, 58.8603324 ], [ 40.0372518, 58.8605564 ], [ 40.0374869, 58.8606421 ], [ 40.0376085, 58.8606464 ], [ 40.0378697, 58.8606742 ], [ 40.0380252, 58.8606463 ], [ 40.038109, 58.8606607 ], [ 40.0382823, 58.860481 ], [ 40.0383022, 58.8605895 ], [ 40.0383681, 58.8605812 ], [ 40.0384038, 58.8605203 ], [ 40.0384277, 58.8605058 ], [ 40.0387866, 58.8607258 ], [ 40.0391575, 58.8607971 ], [ 40.0391853, 58.8607702 ], [ 40.0392431, 58.8608053 ], [ 40.0393406, 58.8608136 ], [ 40.0394444, 58.8607826 ], [ 40.0394903, 58.8608002 ], [ 40.039576, 58.8607619 ], [ 40.0396178, 58.8607816 ], [ 40.0397095, 58.8607661 ], [ 40.0396955, 58.8607517 ], [ 40.0396238, 58.8607671 ], [ 40.0396118, 58.8607568 ], [ 40.0396696, 58.860734 ], [ 40.0396457, 58.8607217 ], [ 40.0399266, 58.8605915 ], [ 40.0400643, 58.8604615 ], [ 40.0403093, 58.860415 ], [ 40.0404191, 58.8604263 ], [ 40.040732, 58.8605358 ], [ 40.0407679, 58.8605223 ], [ 40.0408914, 58.8605916 ], [ 40.0409594, 58.8605998 ], [ 40.0409952, 58.8605781 ], [ 40.0410609, 58.8606215 ], [ 40.0411625, 58.8605678 ], [ 40.041318, 58.8605543 ], [ 40.0415951, 58.8604315 ], [ 40.0415831, 58.8604047 ], [ 40.0416848, 58.8603613 ], [ 40.0417108, 58.8603737 ], [ 40.0418662, 58.8602838 ], [ 40.0419358, 58.8602849 ], [ 40.0419998, 58.8602528 ], [ 40.0419718, 58.8602518 ], [ 40.041956, 58.8602352 ], [ 40.0420515, 58.860227 ], [ 40.0421034, 58.8601692 ], [ 40.0420955, 58.8601051 ], [ 40.0420357, 58.8600453 ], [ 40.0420177, 58.8599772 ], [ 40.0419739, 58.8599709 ], [ 40.0418842, 58.8598791 ], [ 40.0415952, 58.8598325 ], [ 40.0414057, 58.8598987 ], [ 40.0412543, 58.8599049 ], [ 40.0410271, 58.8598811 ], [ 40.0405247, 58.8596085 ], [ 40.0404808, 58.8595135 ], [ 40.0405428, 58.8594361 ], [ 40.0407939, 58.8593286 ], [ 40.0410489, 58.8591995 ], [ 40.0411727, 58.8591872 ], [ 40.0412264, 58.8591036 ], [ 40.0414177, 58.8589734 ], [ 40.0415771, 58.8588898 ], [ 40.041643, 58.8589176 ], [ 40.0416141, 58.8589599 ], [ 40.0416561, 58.8590591 ], [ 40.0422799, 58.8592636 ], [ 40.0423316, 58.8592264 ], [ 40.0424413, 58.8593039 ], [ 40.042531, 58.8592853 ], [ 40.0426186, 58.8593544 ], [ 40.0428678, 58.8594215 ], [ 40.0429317, 58.8594154 ], [ 40.0434656, 58.8595242 ], [ 40.0438525, 58.8597149 ], [ 40.0440778, 58.8597427 ], [ 40.0443389, 58.8597169 ], [ 40.0443728, 58.8596818 ], [ 40.0448652, 58.8595992 ], [ 40.0450335, 58.8597127 ], [ 40.0453744, 58.8595063 ], [ 40.0452628, 58.8594412 ], [ 40.0456713, 58.8593813 ], [ 40.0458628, 58.8592946 ], [ 40.045813, 58.8591645 ], [ 40.045193, 58.8590136 ], [ 40.0451113, 58.8588588 ], [ 40.045167, 58.8588092 ], [ 40.0456724, 58.8586016 ], [ 40.0455029, 58.8583869 ], [ 40.0453336, 58.8582382 ], [ 40.0453455, 58.8581482 ], [ 40.0457741, 58.8582712 ], [ 40.0465655, 58.8584333 ], [ 40.0472689, 58.8585624 ], [ 40.04759, 58.8585541 ], [ 40.0477303, 58.8584508 ], [ 40.0476687, 58.8583228 ], [ 40.0474972, 58.8582599 ], [ 40.0475611, 58.85817 ], [ 40.0478102, 58.8581637 ], [ 40.0482088, 58.8582123 ], [ 40.0485796, 58.8582888 ], [ 40.0489822, 58.8582527 ], [ 40.0490819, 58.8582072 ], [ 40.049345, 58.8581669 ], [ 40.0495184, 58.8582165 ], [ 40.0497517, 58.8581442 ], [ 40.0498074, 58.8581545 ], [ 40.049941, 58.8581143 ], [ 40.0499549, 58.8580812 ], [ 40.0500427, 58.858076 ], [ 40.0500925, 58.8580988 ], [ 40.0503117, 58.8580264 ], [ 40.0503138, 58.8578706 ], [ 40.0502102, 58.8577858 ], [ 40.0498771, 58.8577527 ], [ 40.0497676, 58.8577011 ], [ 40.0498034, 58.8575896 ], [ 40.0499409, 58.8575679 ], [ 40.0499569, 58.8575225 ], [ 40.0501862, 58.8574792 ], [ 40.0502459, 58.8574245 ], [ 40.0503337, 58.8574027 ], [ 40.0503177, 58.8573665 ], [ 40.0502998, 58.8572003 ], [ 40.0503097, 58.8570144 ], [ 40.0506377, 58.8567758 ], [ 40.0507194, 58.8567025 ], [ 40.051453, 58.8565373 ], [ 40.0521684, 58.8562864 ], [ 40.0524057, 58.8561737 ], [ 40.0524676, 58.8561768 ], [ 40.0526868, 58.8561014 ], [ 40.0528024, 58.8561396 ], [ 40.052884, 58.8561448 ], [ 40.052948, 58.8560963 ], [ 40.0531511, 58.85612 ], [ 40.0533107, 58.8560725 ], [ 40.0534641, 58.8560746 ], [ 40.0535557, 58.8561489 ], [ 40.0537093, 58.8562316 ], [ 40.0537333, 58.8563018 ], [ 40.054112, 58.8564174 ], [ 40.0542653, 58.8564179 ], [ 40.0544512, 58.8563084 ], [ 40.054316, 58.855424 ], [ 40.0545528, 58.8547627 ], [ 40.0547809, 58.8539833 ], [ 40.0559387, 58.8540402 ], [ 40.0560824, 58.8538389 ], [ 40.0564288, 58.8536198 ], [ 40.0568683, 58.8535104 ], [ 40.0572993, 58.8532083 ], [ 40.0579585, 58.8531294 ], [ 40.058212, 58.8529981 ], [ 40.0588965, 58.8529237 ], [ 40.059133, 58.8526696 ], [ 40.0593106, 58.8521661 ], [ 40.0594965, 58.8520346 ], [ 40.0600542, 58.8520303 ], [ 40.0602318, 58.8519953 ], [ 40.0615248, 58.8515267 ], [ 40.0620319, 58.8512245 ], [ 40.0629952, 58.8508128 ], [ 40.0652981, 58.8502316 ], [ 40.0657038, 58.8504154 ], [ 40.0666503, 58.850306 ], [ 40.0668701, 58.8505031 ], [ 40.0669882, 58.8510636 ], [ 40.0668276, 58.8513088 ], [ 40.0673517, 58.8516504 ], [ 40.0676136, 58.8520577 ], [ 40.0654248, 58.8531481 ], [ 40.0649263, 58.8531831 ], [ 40.0648502, 58.8534678 ], [ 40.0664897, 58.8534941 ], [ 40.0667009, 58.8533846 ], [ 40.0678419, 58.8533407 ], [ 40.0681544, 58.8541334 ], [ 40.0676474, 58.8541946 ], [ 40.0677779, 58.8545997 ], [ 40.0676815, 58.8546701 ], [ 40.0672332, 58.8547333 ], [ 40.0670559, 58.8546544 ], [ 40.0668615, 58.8543217 ], [ 40.0641318, 58.8544136 ], [ 40.0638446, 58.8546545 ], [ 40.0641909, 58.8549916 ], [ 40.0642248, 58.8551624 ], [ 40.0634473, 58.8552456 ], [ 40.0631431, 58.8553988 ], [ 40.063253, 58.8556878 ], [ 40.0634304, 58.855666 ], [ 40.0636839, 58.8558235 ], [ 40.0639797, 58.8557666 ], [ 40.0642586, 58.8558016 ], [ 40.0644445, 58.8557972 ], [ 40.0646981, 58.8558542 ], [ 40.0657123, 58.8556572 ], [ 40.0661516, 58.8557053 ], [ 40.0667516, 58.8555827 ], [ 40.0669036, 58.8554426 ], [ 40.0670474, 58.8554514 ], [ 40.0674616, 58.8552981 ], [ 40.0678334, 58.8552412 ], [ 40.0682051, 58.8553156 ], [ 40.0689572, 58.8551274 ], [ 40.0692363, 58.8552719 ], [ 40.0695574, 58.8553244 ], [ 40.070546, 58.8550923 ], [ 40.0711401, 58.8549773 ], [ 40.0713951, 58.8549802 ], [ 40.0715868, 58.8550839 ], [ 40.0715799, 58.8552464 ], [ 40.0716873, 58.8553322 ], [ 40.0718797, 58.8552701 ], [ 40.0721256, 58.8550224 ], [ 40.0722839, 58.8551427 ], [ 40.0723517, 58.855394 ], [ 40.0724926, 58.8554667 ], [ 40.0726913, 58.8552523 ], [ 40.0726965, 58.8551305 ], [ 40.0728579, 58.8550274 ], [ 40.0730931, 58.8550301 ], [ 40.0731923, 58.8549423 ], [ 40.0731994, 58.8547762 ], [ 40.0737525, 58.8542499 ], [ 40.0746115, 58.853622 ], [ 40.0750135, 58.8530008 ], [ 40.0750188, 58.852876 ], [ 40.075307, 58.8527598 ], [ 40.0756676, 58.8527143 ], [ 40.0758035, 58.8526074 ], [ 40.0758993, 58.8524208 ], [ 40.0761366, 58.8523409 ], [ 40.0769414, 58.8523742 ], [ 40.0772426, 58.8525033 ], [ 40.075939, 58.8532025 ], [ 40.0749177, 58.8537565 ], [ 40.0735516, 58.8550701 ], [ 40.0732946, 58.8554578 ], [ 40.0737855, 58.8557417 ], [ 40.0744336, 58.8563912 ], [ 40.0749273, 58.8564845 ], [ 40.075408, 58.8565755 ], [ 40.0763208, 58.8565859 ], [ 40.0765134, 58.8566536 ], [ 40.0767116, 58.8573354 ], [ 40.078571, 58.8571739 ], [ 40.0785492, 58.8569945 ], [ 40.081214, 58.8578978 ], [ 40.0779173, 58.8628684 ], [ 40.0782933, 58.8628707 ], [ 40.0785976, 58.8626145 ], [ 40.0815892, 58.8634441 ], [ 40.0847835, 58.8641117 ], [ 40.0862836, 58.8630348 ], [ 40.0862499, 58.8628115 ], [ 40.086719, 58.8619228 ], [ 40.0867487, 58.8615769 ], [ 40.0869935, 58.861253 ], [ 40.0868669, 58.8610713 ], [ 40.0862034, 58.8609115 ], [ 40.0862838, 58.8606488 ], [ 40.0869937, 58.8608306 ], [ 40.0874543, 58.8606729 ], [ 40.0876696, 58.8603249 ], [ 40.0875135, 58.8599177 ], [ 40.087336, 58.8598038 ], [ 40.0869979, 58.8597207 ], [ 40.087112, 58.8592391 ], [ 40.0876148, 58.8590202 ], [ 40.0878219, 58.8590114 ], [ 40.0878557, 58.858867 ], [ 40.0870612, 58.8586261 ], [ 40.0865415, 58.8583591 ], [ 40.0862627, 58.8579694 ], [ 40.0859753, 58.8576826 ], [ 40.086119, 58.85719 ], [ 40.0857852, 58.8569601 ], [ 40.08475, 58.8567696 ], [ 40.0849062, 58.8564194 ], [ 40.0850754, 58.856369 ], [ 40.0858571, 58.8564763 ], [ 40.0860473, 58.8564216 ], [ 40.086343, 58.8559596 ], [ 40.086643, 58.8553138 ], [ 40.0883544, 58.8552766 ], [ 40.0901291, 58.855073 ], [ 40.091422, 58.8546154 ], [ 40.0913332, 58.8543461 ], [ 40.0909488, 58.8541426 ], [ 40.0901754, 58.8534506 ], [ 40.0896516, 58.8527894 ], [ 40.0894698, 58.8523317 ], [ 40.0891276, 58.8522617 ], [ 40.0892628, 58.8516317 ], [ 40.0889373, 58.851169 ], [ 40.0887203, 58.8511044 ], [ 40.0883109, 58.8510998 ], [ 40.0879385, 58.85093 ], [ 40.0879544, 58.8505526 ], [ 40.0877884, 58.8504628 ], [ 40.0876529, 58.8499561 ], [ 40.0872811, 58.849886 ], [ 40.0871374, 58.8498992 ], [ 40.0869685, 58.8497633 ], [ 40.0870613, 58.8496626 ], [ 40.0871291, 58.8495794 ], [ 40.0872979, 58.8494918 ], [ 40.0873403, 58.849321 ], [ 40.0876192, 58.849321 ], [ 40.087729, 58.8492071 ], [ 40.0875262, 58.8488611 ], [ 40.0875684, 58.8488042 ], [ 40.0880501, 58.8486729 ], [ 40.087991, 58.8485327 ], [ 40.0875346, 58.8484057 ], [ 40.0876531, 58.8482437 ], [ 40.0940293, 58.8393737 ], [ 40.0936659, 58.8384407 ], [ 40.0933448, 58.8382874 ], [ 40.0931927, 58.8380289 ], [ 40.0919588, 58.836237 ], [ 40.0892208, 58.8356193 ], [ 40.0878855, 58.8354704 ], [ 40.0862123, 58.8356281 ], [ 40.0861344, 58.8357344 ], [ 40.0854262, 58.8360058 ], [ 40.084929, 58.83607 ], [ 40.0842216, 58.8357942 ], [ 40.0835768, 58.8356298 ], [ 40.082304, 58.8355932 ], [ 40.0811194, 58.8354703 ], [ 40.0805073, 58.8354634 ], [ 40.0802212, 58.8354054 ], [ 40.0800982, 58.8351524 ], [ 40.0803374, 58.8347511 ], [ 40.0805684, 58.8346459 ], [ 40.0810531, 58.8346514 ], [ 40.0814841, 58.8345921 ], [ 40.0814957, 58.8343177 ], [ 40.0812863, 58.8340842 ], [ 40.0800811, 58.8338473 ], [ 40.0796777, 58.8336412 ], [ 40.0793688, 58.8330552 ], [ 40.0786919, 58.8324915 ], [ 40.0782463, 58.8324018 ], [ 40.0778102, 58.8324631 ], [ 40.0775497, 58.8326566 ], [ 40.0774013, 58.8328891 ], [ 40.0781603, 58.8332584 ], [ 40.0785522, 58.8335684 ], [ 40.0786258, 58.8338416 ], [ 40.0784796, 58.8340952 ], [ 40.0781038, 58.8343392 ], [ 40.0774661, 58.8345744 ], [ 40.0767069, 58.8347077 ], [ 40.0759154, 58.8348466 ], [ 40.0754846, 58.8349953 ], [ 40.0747274, 58.8353215 ], [ 40.0728207, 58.8362473 ], [ 40.0725974, 58.836636 ], [ 40.0722761, 58.8368642 ], [ 40.0716632, 58.8370789 ], [ 40.0711155, 58.837131 ], [ 40.0708555, 58.8371 ], [ 40.070584, 58.8371273 ], [ 40.0696733, 58.8379843 ], [ 40.069531, 58.8382674 ], [ 40.0697199, 58.8384831 ], [ 40.0702134, 58.8385526 ], [ 40.0705233, 58.8385962 ], [ 40.0707974, 58.8386348 ], [ 40.0709037, 58.8388228 ], [ 40.0708099, 58.8389866 ], [ 40.0703122, 58.8392883 ], [ 40.0699074, 58.8394523 ], [ 40.0697306, 58.8397503 ], [ 40.0696447, 58.8404852 ], [ 40.0696136, 58.8406207 ], [ 40.0691286, 58.8408946 ], [ 40.0688852, 58.8408329 ], [ 40.0681751, 58.840405 ], [ 40.0679066, 58.840402 ], [ 40.0670169, 58.8406582 ], [ 40.0662351, 58.8404831 ], [ 40.0657471, 58.8402847 ], [ 40.0654735, 58.840049 ], [ 40.065024, 58.8395148 ], [ 40.0643587, 58.8392269 ], [ 40.0638128, 58.8392055 ], [ 40.0630973, 58.8393513 ], [ 40.0623303, 58.8395058 ], [ 40.0617339, 58.8397419 ], [ 40.0614526, 58.839974 ], [ 40.061212, 58.8399662 ], [ 40.0613054, 58.8392634 ], [ 40.0613361, 58.8385481 ], [ 40.0609505, 58.8386583 ], [ 40.0604075, 58.8380341 ], [ 40.0602539, 58.8377549 ], [ 40.0601064, 58.8374866 ], [ 40.0598605, 58.8372311 ], [ 40.0594214, 58.8370837 ], [ 40.058799, 58.8372227 ], [ 40.058297, 58.8374977 ], [ 40.058196, 58.8378935 ], [ 40.0582879, 58.8381813 ], [ 40.0582765, 58.8384471 ], [ 40.0581233, 58.8387229 ], [ 40.0576693, 58.838895 ], [ 40.0574293, 58.8389346 ], [ 40.0568957, 58.838886 ], [ 40.0565629, 58.8386625 ], [ 40.0563404, 58.8384058 ], [ 40.0562684, 58.8381246 ], [ 40.0560092, 58.8378607 ], [ 40.0557853, 58.8378581 ], [ 40.0552907, 58.8379659 ], [ 40.0545904, 58.838414 ], [ 40.0536521, 58.8379326 ], [ 40.0534002, 58.8376768 ], [ 40.0533026, 58.8374348 ], [ 40.0534121, 58.8372353 ], [ 40.0537966, 58.8369598 ], [ 40.053978, 58.8366569 ], [ 40.0539411, 58.8363846 ], [ 40.0538153, 58.8362492 ], [ 40.0533247, 58.8362825 ], [ 40.0529707, 58.8364246 ], [ 40.0522401, 58.8365695 ], [ 40.0514462, 58.8363473 ], [ 40.0501006, 58.837296 ], [ 40.0496456, 58.8376647 ], [ 40.0494864, 58.8377436 ], [ 40.0488499, 58.8379489 ], [ 40.0482239, 58.8376609 ], [ 40.0480046, 58.8375946 ], [ 40.0474909, 58.8376135 ], [ 40.046567, 58.8379943 ], [ 40.046481, 58.8381046 ], [ 40.0467299, 58.838164 ], [ 40.0470097, 58.838391 ], [ 40.0470275, 58.8392468 ], [ 40.0471464, 58.8396843 ], [ 40.0475111, 58.8400778 ], [ 40.0488546, 58.840654 ], [ 40.0491837, 58.8409789 ], [ 40.0491672, 58.841359 ], [ 40.0491609, 58.8415055 ], [ 40.0489046, 58.8414193 ], [ 40.0488268, 58.8412718 ], [ 40.0486788, 58.8411591 ], [ 40.0484365, 58.8410965 ], [ 40.0470338, 58.8411598 ], [ 40.0461802, 58.8412523 ], [ 40.0440876, 58.841228 ], [ 40.0437332, 58.8413106 ], [ 40.0438588, 58.8421276 ], [ 40.0435972, 58.8423892 ], [ 40.0434332, 58.8424755 ], [ 40.0426426, 58.8423392 ], [ 40.0423753, 58.8423559 ], [ 40.0422378, 58.842629 ], [ 40.0422379, 58.842822 ], [ 40.0427521, 58.8427889 ], [ 40.0431382, 58.8430459 ], [ 40.0418449, 58.8436986 ], [ 40.042435, 58.844043 ], [ 40.0393401, 58.845572 ], [ 40.0398559, 58.845786 ], [ 40.0399704, 58.8461968 ], [ 40.039814, 58.8463342 ], [ 40.0393111, 58.8463907 ], [ 40.0389915, 58.8466224 ], [ 40.0391493, 58.8468795 ], [ 40.0394479, 58.8469159 ], [ 40.0398924, 58.8467945 ], [ 40.0401764, 58.8467978 ], [ 40.0404345, 58.8468224 ], [ 40.0408792, 58.8469926 ], [ 40.0409839, 58.8472424 ], [ 40.0407118, 58.8474527 ], [ 40.0403815, 58.8476372 ], [ 40.0402814, 58.8477352 ], [ 40.040234, 58.8478823 ], [ 40.0403056, 58.8480314 ], [ 40.0406255, 58.8484321 ], [ 40.0404611, 58.848575 ], [ 40.0402574, 58.8486524 ], [ 40.0400272, 58.848691 ], [ 40.0398622, 58.8488203 ], [ 40.0397599, 58.8490404 ], [ 40.0395273, 58.8490313 ], [ 40.0393344, 58.8490643 ], [ 40.0389382, 58.8491753 ], [ 40.0384781, 58.8492283 ], [ 40.038098, 58.8493434 ], [ 40.0381722, 58.84949 ], [ 40.0380756, 58.8498849 ], [ 40.0377616, 58.8499094 ], [ 40.0363935, 58.8531971 ], [ 40.0366579, 58.8531894 ], [ 40.0364864, 58.8534045 ], [ 40.0362558, 58.8538119 ], [ 40.0359777, 58.8540413 ], [ 40.0357113, 58.8541349 ], [ 40.0352151, 58.8541405 ], [ 40.034585, 58.8538544 ], [ 40.0343566, 58.853955 ], [ 40.0341387, 58.8542259 ], [ 40.0341334, 58.8543468 ], [ 40.0342195, 58.8544875 ], [ 40.034838, 58.8547127 ], [ 40.0349898, 58.8548024 ], [ 40.034961, 58.8549418 ], [ 40.0345972, 58.8550943 ], [ 40.0340449, 58.8552337 ], [ 40.0338317, 58.855252 ], [ 40.0334716, 58.8553467 ], [ 40.0334514, 58.8554675 ], [ 40.033515, 58.8556096 ], [ 40.0336979, 58.855739 ], [ 40.0342247, 58.8558394 ], [ 40.0347799, 58.8559817 ], [ 40.0361804, 58.8566108 ] ] ] ] } },
{ "type": "Feature", "properties": { "NAME": "Ваганиха", "NAME_EN": null, "NAME_RU": null, "LEISURE": "nature_reserve", "BOUNDARY": "protected_area", "OSM_TYPE": "way", "OSM_ID": 750674545 }, "geometry": { "type": "MultiPolygon", "coordinates": [ [ [ [ 37.736755, 59.1076143 ], [ 37.736725, 59.1078336 ], [ 37.7367828, 59.1079883 ], [ 37.7371923, 59.1081699 ], [ 37.7379401, 59.1082292 ], [ 37.7390792, 59.1081173 ], [ 37.7399821, 59.1080497 ], [ 37.740485, 59.1084868 ], [ 37.7411343, 59.1087167 ], [ 37.74117, 59.1088208 ], [ 37.7409405, 59.1090502 ], [ 37.7409414, 59.1092442 ], [ 37.7412876, 59.1095487 ], [ 37.7415859, 59.1098238 ], [ 37.7419668, 59.1099728 ], [ 37.7423098, 59.1099725 ], [ 37.742561, 59.1098543 ], [ 37.7426512, 59.1096826 ], [ 37.7430897, 59.1096074 ], [ 37.74334, 59.1093803 ], [ 37.7433589, 59.1090778 ], [ 37.7432521, 59.109002 ], [ 37.7432398, 59.1088155 ], [ 37.7431887, 59.1086475 ], [ 37.7429242, 59.1083938 ], [ 37.7428942, 59.1082217 ], [ 37.7434139, 59.108276 ], [ 37.7438323, 59.108351 ], [ 37.7439342, 59.108435 ], [ 37.7438919, 59.1087019 ], [ 37.744316, 59.1089781 ], [ 37.7446442, 59.1089939 ], [ 37.7449231, 59.1088364 ], [ 37.7452636, 59.1087869 ], [ 37.7453379, 59.1086839 ], [ 37.7453089, 59.1085222 ], [ 37.7456946, 59.1083217 ], [ 37.7456263, 59.1082159 ], [ 37.7454061, 59.1080336 ], [ 37.7454403, 59.1079143 ], [ 37.745721, 59.1078983 ], [ 37.7461045, 59.1080095 ], [ 37.7464332, 59.1080713 ], [ 37.7466194, 59.1081335 ], [ 37.7468306, 59.1081405 ], [ 37.7468249, 59.1083038 ], [ 37.7467633, 59.1085274 ], [ 37.7465709, 59.1086467 ], [ 37.7460847, 59.1087329 ], [ 37.7459567, 59.1088119 ], [ 37.7459822, 59.1089956 ], [ 37.7458309, 59.1092626 ], [ 37.745684, 59.1095221 ], [ 37.7457198, 59.1096935 ], [ 37.7460252, 59.1099159 ], [ 37.7463878, 59.1100144 ], [ 37.7470565, 59.1101043 ], [ 37.7471597, 59.1102334 ], [ 37.7470755, 59.1103732 ], [ 37.7467894, 59.1104617 ], [ 37.7466549, 59.1106378 ], [ 37.7464026, 59.1107903 ], [ 37.7461453, 59.110901 ], [ 37.7455707, 59.1108491 ], [ 37.7450281, 59.1109268 ], [ 37.7443952, 59.1109841 ], [ 37.7436411, 59.110997 ], [ 37.7430836, 59.1110397 ], [ 37.7426107, 59.1111153 ], [ 37.7420339, 59.1112133 ], [ 37.7418293, 59.1113275 ], [ 37.7418714, 59.1114431 ], [ 37.742109, 59.1114584 ], [ 37.742372, 59.1115331 ], [ 37.7427609, 59.1114015 ], [ 37.743458, 59.1113075 ], [ 37.7444333, 59.1114279 ], [ 37.7447638, 59.1113412 ], [ 37.7451151, 59.1113619 ], [ 37.7456048, 59.1112538 ], [ 37.7459622, 59.1112442 ], [ 37.7463784, 59.111437 ], [ 37.7469308, 59.1114926 ], [ 37.7473318, 59.1116835 ], [ 37.7476808, 59.1116679 ], [ 37.7480337, 59.1117289 ], [ 37.7482381, 59.1118175 ], [ 37.7487475, 59.1117865 ], [ 37.748973, 59.1118414 ], [ 37.7492703, 59.1118016 ], [ 37.7493763, 59.1117054 ], [ 37.749237, 59.111578 ], [ 37.7487038, 59.1113513 ], [ 37.7482106, 59.1112237 ], [ 37.7477043, 59.1111072 ], [ 37.7474239, 59.1110524 ], [ 37.7473638, 59.1109708 ], [ 37.7474408, 59.1108288 ], [ 37.7479951, 59.110683 ], [ 37.748561, 59.1106418 ], [ 37.7488537, 59.1105427 ], [ 37.7490388, 59.1102508 ], [ 37.7491262, 59.109965 ], [ 37.7494, 59.109702 ], [ 37.7496852, 59.1096867 ], [ 37.7499644, 59.1097515 ], [ 37.750297, 59.1097304 ], [ 37.7504225, 59.1095358 ], [ 37.7506899, 59.1091776 ], [ 37.751106, 59.1091092 ], [ 37.7517065, 59.1091853 ], [ 37.7521767, 59.1090497 ], [ 37.7524099, 59.1088075 ], [ 37.7524383, 59.1085926 ], [ 37.7530215, 59.1084853 ], [ 37.7534192, 59.1083707 ], [ 37.7536768, 59.1084301 ], [ 37.7540446, 59.1084826 ], [ 37.7542117, 59.108412 ], [ 37.754369, 59.1083218 ], [ 37.7546174, 59.108272 ], [ 37.7547831, 59.1081364 ], [ 37.7548079, 59.1080131 ], [ 37.7549853, 59.1080027 ], [ 37.7553198, 59.1082364 ], [ 37.7559233, 59.108516 ], [ 37.7561832, 59.1087529 ], [ 37.7565892, 59.1089452 ], [ 37.7571071, 59.1090311 ], [ 37.7575029, 59.1090042 ], [ 37.7579698, 59.1088144 ], [ 37.7581304, 59.1086149 ], [ 37.7580955, 59.1083154 ], [ 37.75788, 59.1081965 ], [ 37.7574727, 59.1080415 ], [ 37.7572658, 59.1077818 ], [ 37.7570943, 59.1075645 ], [ 37.756701, 59.1074844 ], [ 37.7560821, 59.1073553 ], [ 37.7555668, 59.1070947 ], [ 37.7554588, 59.1066772 ], [ 37.7554664, 59.1062767 ], [ 37.7555265, 59.1060472 ], [ 37.7557748, 59.1057922 ], [ 37.7562471, 59.1056841 ], [ 37.7568089, 59.1055942 ], [ 37.7569462, 59.1054909 ], [ 37.7569771, 59.1052672 ], [ 37.7572324, 59.1050919 ], [ 37.7576242, 59.1050274 ], [ 37.7582569, 59.1050025 ], [ 37.758381, 59.104855 ], [ 37.7584716, 59.1045544 ], [ 37.7587217, 59.104183 ], [ 37.7595956, 59.1036104 ], [ 37.7612457, 59.1027451 ], [ 37.7614654, 59.1027425 ], [ 37.764609, 59.1017177 ], [ 37.7650012, 59.1017032 ], [ 37.7651954, 59.1016562 ], [ 37.7654496, 59.1014519 ], [ 37.7660915, 59.1012434 ], [ 37.7667091, 59.1011376 ], [ 37.7671645, 59.1009716 ], [ 37.7676866, 59.1008667 ], [ 37.768526, 59.1003942 ], [ 37.768862, 59.1001697 ], [ 37.7687322, 59.0997786 ], [ 37.7684152, 59.0995758 ], [ 37.7680632, 59.0993085 ], [ 37.7678178, 59.0990884 ], [ 37.7675714, 59.0988455 ], [ 37.7672443, 59.0987324 ], [ 37.7664259, 59.0986264 ], [ 37.7654916, 59.0983474 ], [ 37.7645752, 59.0978786 ], [ 37.7634996, 59.0973615 ], [ 37.7619763, 59.0967559 ], [ 37.7608903, 59.0963786 ], [ 37.7602101, 59.096013 ], [ 37.7598108, 59.0958448 ], [ 37.7595096, 59.0955825 ], [ 37.7590696, 59.0954072 ], [ 37.7585404, 59.0952466 ], [ 37.7582251, 59.0952245 ], [ 37.7571562, 59.095334 ], [ 37.7565386, 59.0953748 ], [ 37.7560964, 59.0953498 ], [ 37.7555377, 59.0954716 ], [ 37.7548848, 59.0955391 ], [ 37.7544519, 59.0954784 ], [ 37.7539256, 59.0953322 ], [ 37.753613, 59.0953302 ], [ 37.7530368, 59.0954609 ], [ 37.7524603, 59.095446 ], [ 37.7522488, 59.0954448 ], [ 37.751988, 59.0955064 ], [ 37.7518872, 59.0957409 ], [ 37.7519399, 59.0961203 ], [ 37.7518951, 59.0963198 ], [ 37.751373, 59.0970044 ], [ 37.7510834, 59.0973693 ], [ 37.7506207, 59.0974736 ], [ 37.7502042, 59.0974651 ], [ 37.74962, 59.09722 ], [ 37.7493796, 59.0968659 ], [ 37.7493879, 59.0965 ], [ 37.7495755, 59.0961705 ], [ 37.749591, 59.0958709 ], [ 37.7494084, 59.0956054 ], [ 37.7495511, 59.0953769 ], [ 37.7499172, 59.0953076 ], [ 37.7502689, 59.095437 ], [ 37.7501692, 59.0956849 ], [ 37.750106, 59.0958388 ], [ 37.7502147, 59.0959409 ], [ 37.7505836, 59.0959343 ], [ 37.7508867, 59.0957907 ], [ 37.7511493, 59.095541 ], [ 37.7511627, 59.0953339 ], [ 37.7508767, 59.0951029 ], [ 37.7500338, 59.0946309 ], [ 37.7499202, 59.0944143 ], [ 37.74973, 59.0942637 ], [ 37.7494412, 59.0941843 ], [ 37.7490582, 59.0942754 ], [ 37.7489891, 59.0944023 ], [ 37.7489523, 59.0945676 ], [ 37.7486779, 59.094617 ], [ 37.7482884, 59.0947034 ], [ 37.7482748, 59.0948307 ], [ 37.7483447, 59.0950636 ], [ 37.7482536, 59.0952735 ], [ 37.7479698, 59.0954434 ], [ 37.7478486, 59.0955756 ], [ 37.7479038, 59.09569 ], [ 37.7483642, 59.0957522 ], [ 37.7486024, 59.0958268 ], [ 37.7486088, 59.0960032 ], [ 37.7481604, 59.0964035 ], [ 37.7481204, 59.0966207 ], [ 37.7481688, 59.0968225 ], [ 37.748292, 59.0969532 ], [ 37.7487386, 59.0971607 ], [ 37.7490264, 59.0973436 ], [ 37.7489231, 59.0975103 ], [ 37.7485963, 59.0975834 ], [ 37.7482177, 59.09755 ], [ 37.7475731, 59.0973211 ], [ 37.7471361, 59.0972603 ], [ 37.7466061, 59.0972161 ], [ 37.7460345, 59.0972399 ], [ 37.7456191, 59.0973414 ], [ 37.7451459, 59.0975839 ], [ 37.7443675, 59.0980984 ], [ 37.7440264, 59.0982983 ], [ 37.7432272, 59.0985002 ], [ 37.7424948, 59.0986352 ], [ 37.7398765, 59.0987743 ], [ 37.7392878, 59.0986849 ], [ 37.7389096, 59.0985049 ], [ 37.7389201, 59.0982937 ], [ 37.7391372, 59.0982043 ], [ 37.7391915, 59.0980913 ], [ 37.7389369, 59.0980843 ], [ 37.738333, 59.0981957 ], [ 37.7373785, 59.0985134 ], [ 37.7364821, 59.0991573 ], [ 37.7360528, 59.0998344 ], [ 37.7358876, 59.1001212 ], [ 37.7358852, 59.1004404 ], [ 37.7360768, 59.1009641 ], [ 37.736199, 59.1012923 ], [ 37.7363392, 59.1014065 ], [ 37.7365092, 59.1013543 ], [ 37.7364352, 59.1011867 ], [ 37.7363964, 59.1008593 ], [ 37.7366275, 59.1008185 ], [ 37.7369887, 59.1009011 ], [ 37.7376426, 59.1013271 ], [ 37.7379695, 59.101732 ], [ 37.7380892, 59.1024204 ], [ 37.7375788, 59.1034214 ], [ 37.7374232, 59.1039605 ], [ 37.7375023, 59.1045444 ], [ 37.7378374, 59.1049632 ], [ 37.7386, 59.1054097 ], [ 37.7398638, 59.106468 ], [ 37.7398852, 59.1066687 ], [ 37.7396378, 59.106887 ], [ 37.7391837, 59.1070114 ], [ 37.7386361, 59.1070129 ], [ 37.7382773, 59.1070105 ], [ 37.7379807, 59.1070936 ], [ 37.7377264, 59.1072287 ], [ 37.7372411, 59.1073325 ], [ 37.736755, 59.1076143 ] ] ] ] } },
{ "type": "Feature", "properties": { "NAME": "\"Старый парк\" в деревне Кузнецово", "NAME_EN": null, "NAME_RU": null, "LEISURE": "nature_reserve", "BOUNDARY": "protected_area", "OSM_TYPE": "way", "OSM_ID": 750674546 }, "geometry": { "type": "MultiPolygon", "coordinates": [ [ [ [ 40.4796051, 59.4295348 ], [ 40.4797834, 59.4303489 ], [ 40.4802103, 59.4312045 ], [ 40.4805951, 59.4314513 ], [ 40.4808346, 59.4316407 ], [ 40.4809401, 59.4321001 ], [ 40.4818668, 59.4318725 ], [ 40.4825695, 59.4317574 ], [ 40.4831514, 59.4317764 ], [ 40.4834735, 59.4317491 ], [ 40.4837789, 59.4316878 ], [ 40.4845723, 59.4314151 ], [ 40.4848498, 59.4313152 ], [ 40.484838, 59.4308234 ], [ 40.4846055, 59.430589 ], [ 40.4842262, 59.4303624 ], [ 40.4839016, 59.4302644 ], [ 40.4837272, 59.4300365 ], [ 40.4832637, 59.4295487 ], [ 40.4803716, 59.4295624 ], [ 40.4796051, 59.4295348 ] ] ] ] } },
{ "type": "Feature", "properties": { "NAME": "Оларевская гряда", "NAME_EN": null, "NAME_RU": null, "LEISURE": "nature_reserve", "BOUNDARY": "protected_area", "OSM_TYPE": "way", "OSM_ID": 750674547 }, "geometry": { "type": "MultiPolygon", "coordinates": [ [ [ [ 39.9408563, 59.3767005 ], [ 39.9413191, 59.3765902 ], [ 39.9418263, 59.3762457 ], [ 39.9425149, 59.375945 ], [ 39.9434138, 59.3757338 ], [ 39.944064, 59.3757005 ], [ 39.9447108, 59.3757844 ], [ 39.945325, 59.3759601 ], [ 39.9462099, 59.3765466 ], [ 39.9467768, 59.3768637 ], [ 39.9483956, 59.3775136 ], [ 39.9488516, 59.3776907 ], [ 39.9494698, 59.3778055 ], [ 39.9506558, 59.3783671 ], [ 39.9516481, 59.3789893 ], [ 39.9523385, 59.3791979 ], [ 39.9529864, 59.3792661 ], [ 39.9535843, 59.3792456 ], [ 39.954216, 59.3795912 ], [ 39.9545563, 59.3797877 ], [ 39.9547159, 59.3800602 ], [ 39.9545104, 59.3802468 ], [ 39.9539412, 59.3803853 ], [ 39.9537429, 59.3805198 ], [ 39.9539194, 59.3807543 ], [ 39.9541339, 59.3807851 ], [ 39.9545754, 59.3806953 ], [ 39.9548791, 59.3806447 ], [ 39.9556332, 59.3807169 ], [ 39.9559879, 59.3807746 ], [ 39.9560886, 59.3809673 ], [ 39.955845, 59.3811307 ], [ 39.9555087, 59.3811948 ], [ 39.9553086, 59.3813159 ], [ 39.9552809, 59.381554 ], [ 39.9556801, 59.3817305 ], [ 39.9561146, 59.381859 ], [ 39.9564491, 59.3820505 ], [ 39.9566579, 59.3821339 ], [ 39.956897, 59.3820504 ], [ 39.9569093, 59.381898 ], [ 39.9567204, 59.3816146 ], [ 39.9569465, 59.3814409 ], [ 39.9573747, 59.3814173 ], [ 39.9577864, 59.3814461 ], [ 39.9582694, 59.3818908 ], [ 39.9589028, 59.3824488 ], [ 39.9593418, 59.3828462 ], [ 39.9626596, 59.3845737 ], [ 39.9639605, 59.3852389 ], [ 39.9639211, 59.3856672 ], [ 39.9640906, 59.3863022 ], [ 39.9635728, 59.386634 ], [ 39.962694, 59.3867847 ], [ 39.9622954, 59.3870437 ], [ 39.9623488, 59.3873164 ], [ 39.9627205, 59.3875671 ], [ 39.9631098, 59.3876581 ], [ 39.9636423, 59.3875816 ], [ 39.9640273, 59.3872828 ], [ 39.9645506, 59.3868382 ], [ 39.9649585, 59.3866558 ], [ 39.9653026, 59.3866766 ], [ 39.9653878, 59.3868415 ], [ 39.965247, 59.3870732 ], [ 39.9645754, 59.3876945 ], [ 39.9643549, 59.3880119 ], [ 39.964359, 59.3882037 ], [ 39.9644899, 59.3883247 ], [ 39.9646739, 59.3883348 ], [ 39.9649898, 59.3882392 ], [ 39.965246, 59.3877813 ], [ 39.9658307, 59.3875785 ], [ 39.9659663, 59.3873121 ], [ 39.9659895, 59.3869845 ], [ 39.9662127, 59.3869135 ], [ 39.966641, 59.3870647 ], [ 39.967479, 59.3876695 ], [ 39.9686612, 59.3882617 ], [ 39.9705929, 59.3893569 ], [ 39.9718071, 59.390163 ], [ 39.9744542, 59.3892564 ], [ 39.9714586, 59.3877419 ], [ 39.9704566, 59.386948 ], [ 39.9685763, 59.3859799 ], [ 39.9659674, 59.384661 ], [ 39.965016, 59.3841791 ], [ 39.9655167, 59.3829708 ], [ 39.965797, 59.3828021 ], [ 39.9654527, 59.3826532 ], [ 39.9616457, 59.3809938 ], [ 39.9613862, 59.3811915 ], [ 39.9613027, 59.3814174 ], [ 39.961403, 59.3815939 ], [ 39.9618234, 59.3818419 ], [ 39.9619696, 59.382006 ], [ 39.9620424, 59.3822657 ], [ 39.9621928, 59.3825364 ], [ 39.9624961, 59.3827294 ], [ 39.9629969, 59.382945 ], [ 39.9632568, 59.3831012 ], [ 39.9634393, 59.3832756 ], [ 39.9633879, 59.3834425 ], [ 39.9616467, 59.3825723 ], [ 39.959757, 59.3813987 ], [ 39.9585827, 59.3806283 ], [ 39.9577653, 59.3802537 ], [ 39.9574618, 59.3801867 ], [ 39.9569462, 59.3801412 ], [ 39.9564556, 59.3800954 ], [ 39.9561786, 59.3800601 ], [ 39.9559603, 59.3799346 ], [ 39.9559002, 59.3796924 ], [ 39.9557373, 59.3793876 ], [ 39.9550329, 59.3790662 ], [ 39.9542279, 59.3788372 ], [ 39.9538426, 59.3786488 ], [ 39.9529374, 59.378126 ], [ 39.9517022, 59.3776064 ], [ 39.9510459, 59.3773743 ], [ 39.9502947, 59.3769949 ], [ 39.9493223, 59.3765789 ], [ 39.949052, 59.3763329 ], [ 39.9490361, 59.3759473 ], [ 39.9480495, 59.3755629 ], [ 39.9253937, 59.3661956 ], [ 39.9188555, 59.3634804 ], [ 39.9173527, 59.3629128 ], [ 39.9163668, 59.363486 ], [ 39.9151149, 59.3641374 ], [ 39.9158967, 59.3648429 ], [ 39.9163562, 59.3651518 ], [ 39.9166035, 59.3652182 ], [ 39.9168313, 59.3652158 ], [ 39.9169713, 59.3651282 ], [ 39.9169546, 59.3649216 ], [ 39.9168188, 59.3646948 ], [ 39.9168035, 59.3645228 ], [ 39.916986, 59.3644434 ], [ 39.9172399, 59.364458 ], [ 39.9175907, 59.3645748 ], [ 39.9179035, 59.3647997 ], [ 39.9181485, 59.3652235 ], [ 39.9183788, 59.3654923 ], [ 39.9186923, 59.3657302 ], [ 39.9189839, 59.3658434 ], [ 39.9193298, 59.3658441 ], [ 39.9197307, 59.3657365 ], [ 39.9201223, 59.3656075 ], [ 39.9205351, 59.3655903 ], [ 39.9212242, 59.3657385 ], [ 39.9227629, 59.3662886 ], [ 39.9240335, 59.3669106 ], [ 39.9249073, 59.3675152 ], [ 39.9253391, 59.3676585 ], [ 39.9257914, 59.3676797 ], [ 39.9264012, 59.3675864 ], [ 39.9268998, 59.3675993 ], [ 39.927364, 59.3678394 ], [ 39.927685, 59.3681421 ], [ 39.9276924, 59.3683257 ], [ 39.9286805, 59.3688863 ], [ 39.9305829, 59.3696898 ], [ 39.9343057, 59.3712545 ], [ 39.9354207, 59.3717941 ], [ 39.935934, 59.3717763 ], [ 39.9365509, 59.3721271 ], [ 39.9370831, 59.3728075 ], [ 39.9370687, 59.3734866 ], [ 39.9365205, 59.3744716 ], [ 39.9367824, 59.3751296 ], [ 39.9366859, 59.3755332 ], [ 39.936839, 59.3758265 ], [ 39.9373644, 59.3759144 ], [ 39.9378953, 59.3757937 ], [ 39.9382098, 59.375553 ], [ 39.9384183, 59.3751337 ], [ 39.9384912, 59.374712 ], [ 39.9390761, 59.3740907 ], [ 39.9397748, 59.3737633 ], [ 39.9400799, 59.3738191 ], [ 39.9400703, 59.3740189 ], [ 39.9394412, 59.3743117 ], [ 39.9394207, 59.3744616 ], [ 39.9396129, 59.3745913 ], [ 39.9403021, 59.3746793 ], [ 39.9407139, 59.3748894 ], [ 39.9405915, 59.3753193 ], [ 39.9402226, 59.3757082 ], [ 39.9402328, 59.3761756 ], [ 39.9405183, 59.3765666 ], [ 39.9408563, 59.3767005 ] ] ] ] } },
{ "type": "Feature", "properties": { "NAME": "Оларевская гряда", "NAME_EN": null, "NAME_RU": null, "LEISURE": "nature_reserve", "BOUNDARY": "protected_area", "OSM_TYPE": "way", "OSM_ID": 750674548 }, "geometry": { "type": "MultiPolygon", "coordinates": [ [ [ [ 40.022233, 59.4313339 ], [ 40.0223528, 59.4312047 ], [ 40.0249639, 59.4280727 ], [ 40.0244386, 59.427768 ], [ 40.0241495, 59.42761 ], [ 40.023794, 59.4272457 ], [ 40.0236818, 59.4269927 ], [ 40.0234727, 59.4269104 ], [ 40.0231458, 59.4268761 ], [ 40.0226269, 59.4268757 ], [ 40.0223889, 59.4262841 ], [ 40.0219295, 59.4258546 ], [ 40.0212138, 59.4255927 ], [ 40.0214496, 59.425459 ], [ 40.0219982, 59.4251826 ], [ 40.0221135, 59.4249597 ], [ 40.0217309, 59.4245086 ], [ 40.0210845, 59.4241037 ], [ 40.0210078, 59.423882 ], [ 40.0212126, 59.4233725 ], [ 40.0211623, 59.4227739 ], [ 40.0206442, 59.4222721 ], [ 40.0196082, 59.421607 ], [ 40.0195905, 59.4213974 ], [ 40.0194446, 59.4209587 ], [ 40.0190414, 59.4203827 ], [ 40.0185425, 59.4196679 ], [ 40.0174897, 59.4180633 ], [ 40.0157295, 59.416616 ], [ 40.0151829, 59.4163595 ], [ 40.0140958, 59.4158024 ], [ 40.0132119, 59.4149189 ], [ 40.0128786, 59.4141845 ], [ 40.0122378, 59.4135601 ], [ 40.0114379, 59.4129256 ], [ 40.0112848, 59.4124369 ], [ 40.0112898, 59.4120194 ], [ 40.0112963, 59.4116557 ], [ 40.0110449, 59.4114324 ], [ 40.0106245, 59.4113865 ], [ 40.0104076, 59.411512 ], [ 40.0103603, 59.4118855 ], [ 40.0102764, 59.4121818 ], [ 40.0100069, 59.4123579 ], [ 40.0097065, 59.4123287 ], [ 40.0090367, 59.4118759 ], [ 40.0085791, 59.4114412 ], [ 40.008209, 59.410873 ], [ 40.0076831, 59.4106031 ], [ 40.0056215, 59.4093174 ], [ 40.0051583, 59.4087293 ], [ 40.0049403, 59.4084937 ], [ 40.0050898, 59.407775 ], [ 40.0051214, 59.4070814 ], [ 40.0049532, 59.4067457 ], [ 40.0045197, 59.405913 ], [ 40.0046937, 59.4055413 ], [ 40.0042633, 59.404642 ], [ 40.0044843, 59.4043911 ], [ 40.0047783, 59.4042611 ], [ 40.0047318, 59.4040758 ], [ 40.0045172, 59.4037025 ], [ 40.004456, 59.40323 ], [ 40.0045058, 59.4028777 ], [ 40.0001192, 59.4026071 ], [ 40.0002415, 59.4019647 ], [ 39.9987609, 59.4007436 ], [ 39.9980224, 59.4009231 ], [ 39.997408, 59.4010474 ], [ 39.9967995, 59.4010909 ], [ 39.9963301, 59.4009313 ], [ 39.9960466, 59.4006714 ], [ 39.9959401, 59.4003125 ], [ 39.9954893, 59.3999509 ], [ 39.994922, 59.3996092 ], [ 39.9945555, 59.3991765 ], [ 39.9942153, 59.3990585 ], [ 39.9935642, 59.3989208 ], [ 39.9931114, 59.3986567 ], [ 39.9924359, 59.3981342 ], [ 39.9916755, 59.3975973 ], [ 39.9909783, 59.397302 ], [ 39.9885747, 59.3962775 ], [ 39.9870706, 59.3956005 ], [ 39.9840862, 59.3944853 ], [ 39.9827329, 59.3939228 ], [ 39.980264, 59.3924461 ], [ 39.9797682, 59.3920003 ], [ 39.9787201, 59.3915634 ], [ 39.9774024, 59.3908769 ], [ 39.9761961, 59.3902516 ], [ 39.9755866, 59.3897308 ], [ 39.9750509, 59.3889662 ], [ 39.9744591, 59.3892582 ], [ 39.9734202, 59.3896143 ], [ 39.9746936, 59.3904376 ], [ 39.9760093, 59.3913537 ], [ 39.9778523, 59.3924392 ], [ 39.9800267, 59.3936041 ], [ 39.9811673, 59.3941957 ], [ 39.9825274, 59.3947544 ], [ 39.9858325, 59.3959886 ], [ 39.9877689, 59.396745 ], [ 39.991415, 59.398497 ], [ 39.9921311, 59.3988792 ], [ 39.9943643, 59.4008193 ], [ 39.9962416, 59.4019887 ], [ 39.9971336, 59.4025771 ], [ 39.9977203, 59.4033199 ], [ 39.9984441, 59.4039367 ], [ 39.9991597, 59.4046266 ], [ 39.9982074, 59.4048913 ], [ 39.9975111, 59.4053738 ], [ 39.9969379, 59.4061129 ], [ 39.9967877, 59.4066856 ], [ 39.9970632, 59.407003 ], [ 39.9974165, 59.4071559 ], [ 39.9974524, 59.4075412 ], [ 39.9975396, 59.4078027 ], [ 39.997787, 59.4078989 ], [ 39.9981628, 59.4078567 ], [ 39.9984238, 59.4076577 ], [ 39.9986076, 59.4071428 ], [ 39.9990592, 59.4067788 ], [ 39.9995707, 59.4066022 ], [ 40.0001901, 59.4065745 ], [ 40.0007521, 59.4066318 ], [ 40.0009085, 59.4069306 ], [ 40.0016298, 59.4074878 ], [ 40.0019267, 59.4079659 ], [ 40.0021047, 59.4084414 ], [ 40.0020806, 59.4086289 ], [ 40.0021627, 59.4089963 ], [ 40.0027673, 59.4092419 ], [ 40.0040362, 59.4095016 ], [ 40.0043994, 59.4102447 ], [ 40.0054979, 59.4110803 ], [ 40.006549, 59.4116413 ], [ 40.0071392, 59.4126944 ], [ 40.0073377, 59.4131702 ], [ 40.0084112, 59.4139267 ], [ 40.0107558, 59.4158495 ], [ 40.0127093, 59.4173372 ], [ 40.0137731, 59.4178512 ], [ 40.0147054, 59.4181552 ], [ 40.0156697, 59.4191139 ], [ 40.0164728, 59.4201505 ], [ 40.0171083, 59.4217624 ], [ 40.0163878, 59.4218468 ], [ 40.0160138, 59.4220481 ], [ 40.015311, 59.4226039 ], [ 40.0146952, 59.4229683 ], [ 40.0143912, 59.4234864 ], [ 40.0147215, 59.4241368 ], [ 40.0145806, 59.4249111 ], [ 40.0146659, 59.4253647 ], [ 40.0151624, 59.425713 ], [ 40.0163211, 59.4262104 ], [ 40.0172202, 59.4268928 ], [ 40.0177204, 59.4277908 ], [ 40.0177393, 59.4281172 ], [ 40.0176613, 59.4285238 ], [ 40.0178114, 59.4287814 ], [ 40.0186723, 59.4293141 ], [ 40.0192053, 59.4298357 ], [ 40.0192812, 59.4302536 ], [ 40.0192466, 59.4308282 ], [ 40.0191247, 59.4310326 ], [ 40.0195389, 59.4316603 ], [ 40.022233, 59.4313339 ] ] ] ] } },
{ "type": "Feature", "properties": { "NAME": "Старый парк в селе Святогорье", "NAME_EN": null, "NAME_RU": null, "LEISURE": "nature_reserve", "BOUNDARY": "protected_area", "OSM_TYPE": "way", "OSM_ID": 750674559 }, "geometry": { "type": "MultiPolygon", "coordinates": [ [ [ [ 40.7784636, 59.2176031 ], [ 40.7795813, 59.217657 ], [ 40.7802208, 59.2176896 ], [ 40.7807232, 59.2176097 ], [ 40.7807627, 59.2172453 ], [ 40.7805163, 59.2166415 ], [ 40.7800023, 59.2166388 ], [ 40.7786464, 59.2167429 ], [ 40.7788694, 59.2169806 ], [ 40.778518, 59.2170154 ], [ 40.7781169, 59.2170326 ], [ 40.7784636, 59.2176031 ] ] ] ] } },
{ "type": "Feature", "properties": { "NAME": "Дьяконовская поляна", "NAME_EN": null, "NAME_RU": null, "LEISURE": "nature_reserve", "BOUNDARY": "protected_area", "OSM_TYPE": "way", "OSM_ID": 750674561 }, "geometry": { "type": "MultiPolygon", "coordinates": [ [ [ [ 40.6415926, 59.1708175 ], [ 40.6420698, 59.170876 ], [ 40.6424814, 59.1709971 ], [ 40.6427723, 59.1711457 ], [ 40.6431208, 59.1712096 ], [ 40.6434977, 59.1712406 ], [ 40.6438765, 59.1711492 ], [ 40.6439991, 59.1710403 ], [ 40.6439903, 59.1708262 ], [ 40.6440069, 59.1706334 ], [ 40.6440996, 59.1704336 ], [ 40.6440579, 59.1701464 ], [ 40.6440605, 59.1699109 ], [ 40.6442914, 59.1697862 ], [ 40.6445857, 59.1697732 ], [ 40.6448508, 59.1698731 ], [ 40.6451498, 59.170025 ], [ 40.6454453, 59.1701731 ], [ 40.6457051, 59.1702202 ], [ 40.645975, 59.1701432 ], [ 40.6460926, 59.170009 ], [ 40.6461677, 59.169864 ], [ 40.6462316, 59.169751 ], [ 40.6464778, 59.169466 ], [ 40.6461756, 59.1693265 ], [ 40.6454678, 59.1690342 ], [ 40.6450509, 59.1688847 ], [ 40.6445663, 59.1687308 ], [ 40.6440983, 59.1686132 ], [ 40.6438367, 59.1690452 ], [ 40.6436376, 59.1692063 ], [ 40.642993, 59.1692878 ], [ 40.6428508, 59.1695092 ], [ 40.642162, 59.1699445 ], [ 40.6419545, 59.1703063 ], [ 40.6416359, 59.1707881 ], [ 40.6415926, 59.1708175 ] ] ] ] } },
{ "type": "Feature", "properties": { "NAME": "Заросли дуба (Дубня)", "NAME_EN": null, "NAME_RU": null, "LEISURE": "nature_reserve", "BOUNDARY": "protected_area", "OSM_TYPE": "way", "OSM_ID": 750674562 }, "geometry": { "type": "MultiPolygon", "coordinates": [ [ [ [ 40.2581083, 59.2579139 ], [ 40.2581306, 59.2572695 ], [ 40.258125, 59.2568389 ], [ 40.2579556, 59.2564611 ], [ 40.2575528, 59.2562083 ], [ 40.2569138, 59.2560083 ], [ 40.2539777, 59.2552056 ], [ 40.2536779, 59.2551195 ], [ 40.2535473, 59.2549667 ], [ 40.2535417, 59.2547861 ], [ 40.2536472, 59.2545611 ], [ 40.2541471, 59.2535222 ], [ 40.2542555, 59.2531194 ], [ 40.254275, 59.2528278 ], [ 40.2541194, 59.2524972 ], [ 40.2538529, 59.2522056 ], [ 40.2534194, 59.2518861 ], [ 40.2526361, 59.2514556 ], [ 40.2517973, 59.2508805 ], [ 40.2517112, 59.2506556 ], [ 40.2518472, 59.2504861 ], [ 40.2521805, 59.25045 ], [ 40.2525278, 59.2505278 ], [ 40.2528721, 59.2506222 ], [ 40.2532972, 59.2506694 ], [ 40.2538194, 59.2506584 ], [ 40.2544083, 59.25055 ], [ 40.2549473, 59.2503278 ], [ 40.2555084, 59.249925 ], [ 40.2559444, 59.2493917 ], [ 40.2562445, 59.2487056 ], [ 40.2561639, 59.2481695 ], [ 40.255775, 59.2474334 ], [ 40.2555139, 59.2466278 ], [ 40.2553722, 59.2458167 ], [ 40.255436, 59.2455473 ], [ 40.2556805, 59.2452889 ], [ 40.2559695, 59.2449611 ], [ 40.2561639, 59.2445889 ], [ 40.2561862, 59.2442334 ], [ 40.2560694, 59.2439194 ], [ 40.2557638, 59.2436083 ], [ 40.2552861, 59.2433555 ], [ 40.2547305, 59.2431111 ], [ 40.2540806, 59.242925 ], [ 40.2535306, 59.2428305 ], [ 40.2529611, 59.2427861 ], [ 40.2528139, 59.2435889 ], [ 40.2535, 59.2436805 ], [ 40.2539361, 59.2438222 ], [ 40.254414, 59.24405 ], [ 40.2545945, 59.2442305 ], [ 40.2546111, 59.2444473 ], [ 40.2545, 59.2446694 ], [ 40.2542972, 59.2449 ], [ 40.2539973, 59.2452028 ], [ 40.2538277, 59.2455277 ], [ 40.2537972, 59.2459111 ], [ 40.2543583, 59.2478445 ], [ 40.2546001, 59.2482028 ], [ 40.2547167, 59.2484722 ], [ 40.2546139, 59.2488028 ], [ 40.2544083, 59.2492111 ], [ 40.2541389, 59.2495056 ], [ 40.2537972, 59.2496417 ], [ 40.2534334, 59.2496584 ], [ 40.2530889, 59.2496139 ], [ 40.2528, 59.2494889 ], [ 40.2525139, 59.2493167 ], [ 40.25205, 59.249175 ], [ 40.2515056, 59.2491445 ], [ 40.2509806, 59.2492556 ], [ 40.250525, 59.2494583 ], [ 40.2502583, 59.2497166 ], [ 40.2501499, 59.250025 ], [ 40.2501306, 59.2504139 ], [ 40.2503416, 59.2508917 ], [ 40.2507862, 59.2514167 ], [ 40.2514638, 59.2519055 ], [ 40.2523167, 59.2524889 ], [ 40.2526416, 59.2527806 ], [ 40.2526861, 59.2530361 ], [ 40.2526, 59.2533639 ], [ 40.2523805, 59.2538805 ], [ 40.2520583, 59.2544722 ], [ 40.2519583, 59.2548194 ], [ 40.2519972, 59.2551278 ], [ 40.2522194, 59.2554722 ], [ 40.2525833, 59.2557084 ], [ 40.2533723, 59.2559556 ], [ 40.25435, 59.2561639 ], [ 40.256175, 59.2566861 ], [ 40.2564861, 59.2568167 ], [ 40.256561, 59.2569584 ], [ 40.2565584, 59.2572139 ], [ 40.2565416, 59.2576 ], [ 40.2566278, 59.2579806 ], [ 40.2567056, 59.2581916 ], [ 40.2581083, 59.2579139 ] ] ] ] } },
{ "type": "Feature", "properties": { "NAME": "Чудотворный источник", "NAME_EN": null, "NAME_RU": null, "LEISURE": "nature_reserve", "BOUNDARY": "protected_area", "OSM_TYPE": "way", "OSM_ID": 750674567 }, "geometry": { "type": "MultiPolygon", "coordinates": [ [ [ [ 39.0638723, 59.6839551 ], [ 39.065882, 59.6851177 ], [ 39.0671216, 59.685698 ], [ 39.0708137, 59.6863724 ], [ 39.0717796, 59.6862296 ], [ 39.0752756, 59.6865783 ], [ 39.0788516, 59.6866909 ], [ 39.0800919, 59.6864985 ], [ 39.0815635, 59.6865892 ], [ 39.0824876, 59.6868153 ], [ 39.0838505, 59.6868218 ], [ 39.0853149, 59.6872026 ], [ 39.0875328, 59.6868611 ], [ 39.0893126, 59.6867813 ], [ 39.0906439, 59.6870417 ], [ 39.0904258, 59.6865483 ], [ 39.09008, 59.6862451 ], [ 39.0894049, 59.6861067 ], [ 39.0886048, 59.6857966 ], [ 39.0881848, 59.6857004 ], [ 39.0876395, 59.6856751 ], [ 39.0871805, 59.6857149 ], [ 39.0867094, 59.685829 ], [ 39.0860514, 59.686037 ], [ 39.085485, 59.6862009 ], [ 39.085016, 59.6862071 ], [ 39.084432, 59.6861121 ], [ 39.0836501, 59.6859848 ], [ 39.0824046, 59.6857414 ], [ 39.0828224, 59.6854346 ], [ 39.0829996, 59.6851768 ], [ 39.0828881, 59.6846616 ], [ 39.0825937, 59.6842929 ], [ 39.0817842, 59.6835765 ], [ 39.081156, 59.6833654 ], [ 39.080465, 59.6836493 ], [ 39.0800061, 59.6837296 ], [ 39.0795989, 59.6836961 ], [ 39.0793455, 59.6835836 ], [ 39.0790435, 59.6834335 ], [ 39.0787699, 59.6833859 ], [ 39.0783706, 59.6834023 ], [ 39.0780445, 59.6834383 ], [ 39.077636, 59.6835029 ], [ 39.0773157, 59.6835032 ], [ 39.0771551, 59.6834713 ], [ 39.0769163, 59.6832881 ], [ 39.0766671, 59.6829824 ], [ 39.0767648, 59.6827649 ], [ 39.0772362, 59.6826768 ], [ 39.0778813, 59.6826318 ], [ 39.0781733, 59.6825289 ], [ 39.0782042, 59.6823636 ], [ 39.0780684, 59.6822625 ], [ 39.0776568, 59.6822175 ], [ 39.0771949, 59.6821855 ], [ 39.0770496, 59.6820124 ], [ 39.0771221, 59.6817336 ], [ 39.0773346, 59.6816192 ], [ 39.0777986, 59.6815275 ], [ 39.0777971, 59.6814299 ], [ 39.0776323, 59.6812588 ], [ 39.0774554, 59.6809795 ], [ 39.0775458, 59.6807441 ], [ 39.0775597, 59.6806358 ], [ 39.077388, 59.6806146 ], [ 39.0773911, 59.6804897 ], [ 39.077291, 59.6804152 ], [ 39.0770233, 59.6803688 ], [ 39.0766775, 59.6803777 ], [ 39.0762442, 59.6804818 ], [ 39.0755786, 59.6806961 ], [ 39.0752678, 59.6809276 ], [ 39.0746814, 59.6813644 ], [ 39.0745686, 59.6813676 ], [ 39.0736359, 59.6804875 ], [ 39.0726776, 59.6798199 ], [ 39.072051, 59.6792732 ], [ 39.0722277, 59.6785576 ], [ 39.0725311, 59.6782998 ], [ 39.0730516, 59.6780526 ], [ 39.0736427, 59.6778169 ], [ 39.0738082, 59.6774834 ], [ 39.0738393, 59.6768207 ], [ 39.0735778, 59.6763189 ], [ 39.0732916, 59.6760185 ], [ 39.0721458, 59.6759723 ], [ 39.0721652, 59.6761367 ], [ 39.0722284, 59.6770375 ], [ 39.0718787, 59.6774925 ], [ 39.0711833, 59.6778557 ], [ 39.0703366, 59.6779833 ], [ 39.0695616, 59.677974 ], [ 39.0690786, 59.6777584 ], [ 39.0687128, 59.6771695 ], [ 39.0680809, 59.6764678 ], [ 39.0675484, 59.6757962 ], [ 39.0674889, 59.6756662 ], [ 39.0672716, 59.6756507 ], [ 39.0663421, 59.6755324 ], [ 39.0658665, 59.6761938 ], [ 39.0656062, 59.6766963 ], [ 39.0655483, 59.6776168 ], [ 39.0653575, 59.6787053 ], [ 39.0649173, 59.6793541 ], [ 39.0644504, 59.6798193 ], [ 39.0639961, 59.6800259 ], [ 39.064464, 59.6812894 ], [ 39.0639774, 59.681402 ], [ 39.0643703, 59.6818103 ], [ 39.0639422, 59.6820616 ], [ 39.0637323, 59.6823329 ], [ 39.0637902, 59.6826135 ], [ 39.0636271, 59.6827099 ], [ 39.0638723, 59.6839551 ] ] ] ] } },
{ "type": "Feature", "properties": { "NAME": "\"Старый парк\" в селе Куркино", "NAME_EN": null, "NAME_RU": null, "LEISURE": "leisure", "BOUNDARY": "protected_area", "OSM_TYPE": "way", "OSM_ID": 750674568 }, "geometry": { "type": "MultiPolygon", "coordinates": [ [ [ [ 39.6304528, 59.361099 ], [ 39.6309313, 59.3612773 ], [ 39.6315391, 59.3612615 ], [ 39.6320691, 59.3612179 ], [ 39.6328949, 59.361197 ], [ 39.6336885, 59.3614059 ], [ 39.6340166, 59.3613496 ], [ 39.6341522, 59.3614058 ], [ 39.6344514, 59.3614697 ], [ 39.6348028, 59.3615109 ], [ 39.6349991, 59.361516 ], [ 39.6351427, 59.3615517 ], [ 39.6352443, 59.3615854 ], [ 39.6353136, 59.3616339 ], [ 39.6353817, 59.3616649 ], [ 39.63546, 59.3617705 ], [ 39.6356521, 59.3618393 ], [ 39.6357893, 59.3618569 ], [ 39.6360375, 59.3617752 ], [ 39.6361848, 59.3616566 ], [ 39.6361783, 59.3614552 ], [ 39.6359692, 59.3612502 ], [ 39.6357337, 59.3611891 ], [ 39.6350771, 59.3611682 ], [ 39.6348871, 59.3610871 ], [ 39.6346281, 59.3608396 ], [ 39.6343706, 59.3607394 ], [ 39.6340694, 59.3607619 ], [ 39.6340015, 59.3606821 ], [ 39.633892, 59.3605816 ], [ 39.6336852, 59.3604755 ], [ 39.6336032, 59.3604115 ], [ 39.6335483, 59.3603395 ], [ 39.6334796, 59.3602078 ], [ 39.6333962, 59.36013 ], [ 39.6331008, 59.3599373 ], [ 39.6329621, 59.3598289 ], [ 39.6329388, 59.3598043 ], [ 39.6328607, 59.3596717 ], [ 39.6328464, 59.3595867 ], [ 39.6326633, 59.359502 ], [ 39.6330365, 59.3595143 ], [ 39.6332155, 59.3593822 ], [ 39.6330604, 59.3591711 ], [ 39.6326075, 59.3589303 ], [ 39.6323019, 59.3588374 ], [ 39.6321399, 59.3588294 ], [ 39.6319521, 59.3588799 ], [ 39.6319386, 59.3590721 ], [ 39.6309654, 59.3595832 ], [ 39.6296659, 59.360379 ], [ 39.6299519, 59.3605481 ], [ 39.6296305, 59.3607316 ], [ 39.6304528, 59.361099 ] ] ] ] } },
{ "type": "Feature", "properties": { "NAME": "Диковский лес", "NAME_EN": null, "NAME_RU": null, "LEISURE": "nature_reserve", "BOUNDARY": "protected_area", "OSM_TYPE": "way", "OSM_ID": 750674569 }, "geometry": { "type": "MultiPolygon", "coordinates": [ [ [ [ 39.5188569, 59.2388297 ], [ 39.5391479, 59.237445 ], [ 39.5361285, 59.2245716 ], [ 39.53428, 59.223906 ], [ 39.532333, 59.2231714 ], [ 39.5319708, 59.2230347 ], [ 39.522976, 59.2196404 ], [ 39.5220304, 59.2197886 ], [ 39.5193475, 59.2199655 ], [ 39.5175051, 59.2201564 ], [ 39.5158668, 59.2202294 ], [ 39.5150199, 59.2203319 ], [ 39.513492, 59.2204647 ], [ 39.5113353, 59.2206592 ], [ 39.5094129, 59.2208253 ], [ 39.5075395, 59.2209707 ], [ 39.5081919, 59.2230343 ], [ 39.5086684, 59.2248224 ], [ 39.5091503, 59.2261277 ], [ 39.5094126, 59.2269745 ], [ 39.5095334, 59.2273644 ], [ 39.5101583, 59.2295851 ], [ 39.5163755, 59.2303818 ], [ 39.5167722, 59.231255 ], [ 39.5174894, 59.2340262 ], [ 39.5185638, 59.2377713 ], [ 39.5188569, 59.2388297 ] ] ] ] } },
{ "type": "Feature", "properties": { "NAME": "\"Старый парк\" в деревне Красково", "NAME_EN": null, "NAME_RU": null, "LEISURE": "nature_reserve", "BOUNDARY": "protected_area", "OSM_TYPE": "way", "OSM_ID": 750674570 }, "geometry": { "type": "MultiPolygon", "coordinates": [ [ [ [ 39.7444529, 59.3337552 ], [ 39.7438228, 59.3331981 ], [ 39.7425525, 59.3334269 ], [ 39.7418822, 59.3336872 ], [ 39.7419568, 59.333952 ], [ 39.7424204, 59.3344047 ], [ 39.7444529, 59.3337552 ] ] ] ] } },
{ "type": "Feature", "properties": { "NAME": "\"Старый парк\" в поселке Можайское", "NAME_EN": null, "NAME_RU": null, "LEISURE": "nature_reserve", "BOUNDARY": "protected_area", "OSM_TYPE": "way", "OSM_ID": 750674572 }, "geometry": { "type": "MultiPolygon", "coordinates": [ [ [ [ 39.7915734, 59.1264516 ], [ 39.7918684, 59.1264811 ], [ 39.7948332, 59.1260817 ], [ 39.7951668, 59.1267181 ], [ 39.7955274, 59.1278025 ], [ 39.7953137, 59.1282731 ], [ 39.7958787, 59.1283813 ], [ 39.7965364, 59.1284344 ], [ 39.7967003, 59.1282388 ], [ 39.7968198, 59.1276255 ], [ 39.7966488, 59.1267734 ], [ 39.7965849, 59.1263494 ], [ 39.7964893, 59.1255841 ], [ 39.7964702, 59.1254248 ], [ 39.7953509, 59.1255764 ], [ 39.7953617, 59.1256111 ], [ 39.7947482, 59.1256792 ], [ 39.7947516, 59.1257478 ], [ 39.7943185, 59.1257912 ], [ 39.7936564, 59.1258734 ], [ 39.7934608, 59.125492 ], [ 39.7922938, 59.1256648 ], [ 39.7919167, 59.1256334 ], [ 39.7918827, 59.1256063 ], [ 39.791438, 59.1256208 ], [ 39.7911292, 59.1256328 ], [ 39.7911326, 59.125641 ], [ 39.7909747, 59.1256503 ], [ 39.7909644, 59.125567 ], [ 39.7908875, 59.1255707 ], [ 39.790829, 59.1256492 ], [ 39.7908112, 59.1257259 ], [ 39.7908343, 59.1257996 ], [ 39.7914493, 59.1257874 ], [ 39.7915734, 59.1264516 ] ] ] ] } },
{ "type": "Feature", "properties": { "NAME": "\"Старый парк\" в деревне Грибцово", "NAME_EN": null, "NAME_RU": null, "LEISURE": "nature_reserve", "BOUNDARY": "protected_area", "OSM_TYPE": "way", "OSM_ID": 750674573 }, "geometry": { "type": "MultiPolygon", "coordinates": [ [ [ [ 39.7054351, 59.1094646 ], [ 39.7056856, 59.1094444 ], [ 39.7065007, 59.1095362 ], [ 39.7068277, 59.1095302 ], [ 39.7070043, 59.1093996 ], [ 39.7072835, 59.10919 ], [ 39.7075464, 59.1091906 ], [ 39.7078747, 59.1092267 ], [ 39.7080458, 59.1091021 ], [ 39.7080292, 59.1089581 ], [ 39.7079044, 59.108719 ], [ 39.7079558, 59.1085705 ], [ 39.7084372, 59.1080939 ], [ 39.7082999, 59.1080139 ], [ 39.707523, 59.1077461 ], [ 39.7072042, 59.1076826 ], [ 39.7070573, 59.1076719 ], [ 39.7069065, 59.1077245 ], [ 39.7066192, 59.1080737 ], [ 39.7052692, 59.1092344 ], [ 39.7052163, 59.1093547 ], [ 39.7054351, 59.1094646 ] ] ] ] } },
{ "type": "Feature", "properties": { "NAME": "Озеро Окунево", "NAME_EN": null, "NAME_RU": null, "LEISURE": "nature_reserve", "BOUNDARY": "protected_area", "OSM_TYPE": "way", "OSM_ID": 750674577 }, "geometry": { "type": "MultiPolygon", "coordinates": [ [ [ [ 38.2806919, 59.6080528 ], [ 38.2827479, 59.6087291 ], [ 38.2847129, 59.6090867 ], [ 38.2871024, 59.6091662 ], [ 38.2906661, 59.6086589 ], [ 38.2919888, 59.608067 ], [ 38.2929546, 59.6076998 ], [ 38.2934038, 59.6072543 ], [ 38.2925436, 59.6067597 ], [ 38.294408, 59.6067254 ], [ 38.2944217, 59.6044972 ], [ 38.2936096, 59.6034654 ], [ 38.2913418, 59.6019367 ], [ 38.2900501, 59.6013577 ], [ 38.2885829, 59.6010105 ], [ 38.2856922, 59.6007806 ], [ 38.2827434, 59.6007069 ], [ 38.2812715, 59.6012444 ], [ 38.2787279, 59.6031406 ], [ 38.2785066, 59.6038144 ], [ 38.2784498, 59.6048689 ], [ 38.2789019, 59.6061893 ], [ 38.2793021, 59.6069629 ], [ 38.2806919, 59.6080528 ] ] ] ] } },
{ "type": "Feature", "properties": { "NAME": "Янсорский", "NAME_EN": null, "NAME_RU": null, "LEISURE": "nature_reserve", "BOUNDARY": "protected_area", "OSM_TYPE": "way", "OSM_ID": 750674580 }, "geometry": { "type": "MultiPolygon", "coordinates": [ [ [ [ 37.8895359, 61.1193562 ], [ 37.9290585, 61.1177015 ], [ 37.9286222, 61.1132021 ], [ 37.9477069, 61.1119926 ], [ 37.9452494, 61.1077311 ], [ 37.9448944, 61.1027817 ], [ 37.9427289, 61.0928486 ], [ 37.8883851, 61.0943332 ], [ 37.8893698, 61.1004153 ], [ 37.8893487, 61.1021235 ], [ 37.8899202, 61.1037373 ], [ 37.8899559, 61.1048379 ], [ 37.8864441, 61.1049296 ], [ 37.887038, 61.1077016 ], [ 37.8870716, 61.1078582 ], [ 37.8895359, 61.1193562 ] ] ] ] } },
{ "type": "Feature", "properties": { "NAME": "Верхне-Андомский", "NAME_EN": null, "NAME_RU": null, "LEISURE": null, "BOUNDARY": "protected_area", "OSM_TYPE": "way", "OSM_ID": 750674581 }, "geometry": { "type": "MultiPolygon", "coordinates": [ [ [ [ 37.1807493, 61.5035341 ], [ 37.2185124, 61.5003887 ], [ 37.2232478, 61.5191134 ], [ 37.2605922, 61.5161865 ], [ 37.2565518, 61.4972116 ], [ 37.262908, 61.496679 ], [ 37.2880016, 61.4946051 ], [ 37.2889897, 61.4920978 ], [ 37.3395103, 61.4885448 ], [ 37.3326754, 61.4684395 ], [ 37.3273647, 61.4530757 ], [ 37.2904051, 61.4557957 ], [ 37.2078322, 61.4618816 ], [ 37.1709598, 61.4652962 ], [ 37.1807493, 61.5035341 ] ] ] ] } },
{ "type": "Feature", "properties": { "NAME": "Девятинский перекоп", "NAME_EN": null, "NAME_RU": null, "LEISURE": "nature_reserve", "BOUNDARY": "protected_area", "OSM_TYPE": "way", "OSM_ID": 750674582 }, "geometry": { "type": "MultiPolygon", "coordinates": [ [ [ [ 36.77571, 60.9163552 ], [ 36.7783476, 60.9154108 ], [ 36.7799989, 60.915065 ], [ 36.7808736, 60.9149486 ], [ 36.7828037, 60.9148396 ], [ 36.7838422, 60.9148888 ], [ 36.784453, 60.9149912 ], [ 36.7850472, 60.9152252 ], [ 36.7860358, 60.9158629 ], [ 36.7865952, 60.9161589 ], [ 36.7874755, 60.9163532 ], [ 36.7884718, 60.9164033 ], [ 36.7894355, 60.9163944 ], [ 36.7905227, 60.9164238 ], [ 36.7909929, 60.9165637 ], [ 36.7911679, 60.9167413 ], [ 36.791054, 60.9169023 ], [ 36.7901357, 60.9174483 ], [ 36.790062, 60.9177629 ], [ 36.7901763, 60.9181143 ], [ 36.7905675, 60.9185255 ], [ 36.7911718, 60.9189517 ], [ 36.7919443, 60.9192638 ], [ 36.7926809, 60.9194017 ], [ 36.7926504, 60.9198652 ], [ 36.7935658, 60.9198484 ], [ 36.7945068, 60.9198435 ], [ 36.7960705, 60.9198485 ], [ 36.7968741, 60.9197944 ], [ 36.7974116, 60.9196678 ], [ 36.7979852, 60.9195215 ], [ 36.7985678, 60.9194457 ], [ 36.7995126, 60.9192929 ], [ 36.8001666, 60.9191704 ], [ 36.8008037, 60.9190653 ], [ 36.8007431, 60.918714 ], [ 36.801492, 60.9182387 ], [ 36.8021763, 60.9179399 ], [ 36.8027396, 60.917872 ], [ 36.8039669, 60.9179559 ], [ 36.8048169, 60.9179855 ], [ 36.8054686, 60.917957 ], [ 36.8067412, 60.9176045 ], [ 36.8081953, 60.9172031 ], [ 36.8111929, 60.916613 ], [ 36.8106748, 60.9161806 ], [ 36.8091581, 60.9164426 ], [ 36.8079494, 60.9167509 ], [ 36.8065465, 60.9170609 ], [ 36.8054132, 60.9173273 ], [ 36.8047102, 60.9174205 ], [ 36.8039742, 60.9174089 ], [ 36.8029125, 60.9172796 ], [ 36.8015631, 60.9170329 ], [ 36.7942196, 60.9155653 ], [ 36.7867419, 60.9144684 ], [ 36.7855023, 60.9139893 ], [ 36.7844866, 60.9138866 ], [ 36.7819953, 60.9138306 ], [ 36.7796446, 60.9141274 ], [ 36.7786803, 60.9141786 ], [ 36.7782683, 60.9148496 ], [ 36.7776362, 60.9153015 ], [ 36.7765346, 60.9158209 ], [ 36.7759012, 60.9161676 ], [ 36.77571, 60.9163552 ] ] ] ] } },
{ "type": "Feature", "properties": { "NAME": "Долина ручья Патров", "NAME_EN": null, "NAME_RU": null, "LEISURE": "nature_reserve", "BOUNDARY": "protected_area", "OSM_TYPE": "way", "OSM_ID": 750674583 }, "geometry": { "type": "MultiPolygon", "coordinates": [ [ [ [ 36.5243173, 60.9139397 ], [ 36.5251912, 60.9132986 ], [ 36.5253293, 60.9131842 ], [ 36.5245312, 60.9128002 ], [ 36.5241879, 60.9127973 ], [ 36.5235437, 60.9125684 ], [ 36.5227162, 60.9120695 ], [ 36.5221148, 60.9119446 ], [ 36.5220285, 60.9115502 ], [ 36.5216406, 60.9114328 ], [ 36.5217155, 60.9111252 ], [ 36.5200937, 60.9107617 ], [ 36.5195192, 60.9105166 ], [ 36.5191136, 60.9101792 ], [ 36.5189487, 60.9101326 ], [ 36.5191326, 60.9099695 ], [ 36.5182665, 60.9096286 ], [ 36.5178525, 60.9095821 ], [ 36.5178502, 60.9095543 ], [ 36.5172508, 60.9094222 ], [ 36.5173889, 60.9091237 ], [ 36.5167729, 60.9089338 ], [ 36.5166188, 60.9087029 ], [ 36.5162423, 60.9084956 ], [ 36.5164903, 60.9083168 ], [ 36.5163882, 60.908142 ], [ 36.5164979, 60.9077413 ], [ 36.5158931, 60.9072222 ], [ 36.5153599, 60.9070083 ], [ 36.5153485, 60.9068408 ], [ 36.5148294, 60.906469 ], [ 36.5147659, 60.9062219 ], [ 36.514529, 60.9060113 ], [ 36.5145358, 60.9053332 ], [ 36.5136414, 60.9050433 ], [ 36.5127475, 60.9051108 ], [ 36.5124108, 60.9050946 ], [ 36.5121423, 60.9050863 ], [ 36.5115059, 60.9048881 ], [ 36.5112972, 60.9048736 ], [ 36.5111278, 60.9047976 ], [ 36.510511, 60.9046825 ], [ 36.5101073, 60.9046265 ], [ 36.5099774, 60.9045044 ], [ 36.5097224, 60.9043777 ], [ 36.5092864, 60.9042262 ], [ 36.5087564, 60.9041924 ], [ 36.508334, 60.9041986 ], [ 36.5081828, 60.9042069 ], [ 36.5080187, 60.9041116 ], [ 36.5075932, 60.9038292 ], [ 36.5072905, 60.9036409 ], [ 36.5068239, 60.9034968 ], [ 36.5060987, 60.9033782 ], [ 36.5058775, 60.9033032 ], [ 36.5057375, 60.9032175 ], [ 36.5055891, 60.9030534 ], [ 36.5054509, 60.9029312 ], [ 36.5052563, 60.9028094 ], [ 36.50504, 60.902718 ], [ 36.5048375, 60.902626 ], [ 36.50476, 60.9025847 ], [ 36.504662, 60.9025121 ], [ 36.504621, 60.9024265 ], [ 36.5036467, 60.9025305 ], [ 36.5028399, 60.9026565 ], [ 36.5028933, 60.9028024 ], [ 36.5030731, 60.9029685 ], [ 36.5033352, 60.9031555 ], [ 36.5035265, 60.9032577 ], [ 36.5038077, 60.9033855 ], [ 36.5039098, 60.9034285 ], [ 36.5040142, 60.9035443 ], [ 36.5041785, 60.9037069 ], [ 36.5045193, 60.9039136 ], [ 36.5048632, 60.9040687 ], [ 36.5052781, 60.9041832 ], [ 36.5057919, 60.9042909 ], [ 36.5060496, 60.9043247 ], [ 36.5061431, 60.9043827 ], [ 36.506504, 60.9046227 ], [ 36.5068034, 60.9048332 ], [ 36.5072074, 60.9049751 ], [ 36.5076405, 60.9050746 ], [ 36.508153, 60.9051124 ], [ 36.5085289, 60.9050935 ], [ 36.5088229, 60.9052963 ], [ 36.5091277, 60.9054029 ], [ 36.5094233, 60.905475 ], [ 36.509808, 60.9055161 ], [ 36.5101852, 60.9055949 ], [ 36.5104708, 60.905723 ], [ 36.5108505, 60.9057491 ], [ 36.5115505, 60.9059673 ], [ 36.5120194, 60.9059817 ], [ 36.5126852, 60.9061038 ], [ 36.512684, 60.906239 ], [ 36.5129811, 60.9065031 ], [ 36.5130586, 60.906805 ], [ 36.5135086, 60.9071165 ], [ 36.5135108, 60.9073185 ], [ 36.5140395, 60.9076413 ], [ 36.5144586, 60.9078094 ], [ 36.5145274, 60.9078685 ], [ 36.5143743, 60.9079737 ], [ 36.5144834, 60.9081607 ], [ 36.5142718, 60.9083135 ], [ 36.5143057, 60.9087841 ], [ 36.5148372, 60.9090766 ], [ 36.5148054, 60.909121 ], [ 36.5148764, 60.9095145 ], [ 36.5150936, 60.9095888 ], [ 36.5150707, 60.9096847 ], [ 36.5152011, 60.9097678 ], [ 36.5151013, 60.9099526 ], [ 36.5158997, 60.9104324 ], [ 36.5161875, 60.9103829 ], [ 36.5169367, 60.9104131 ], [ 36.5171595, 60.9106651 ], [ 36.517769, 60.910837 ], [ 36.5180799, 60.9110956 ], [ 36.5190802, 60.9115225 ], [ 36.5197277, 60.9116676 ], [ 36.5196728, 60.9118935 ], [ 36.5202533, 60.9120694 ], [ 36.5202279, 60.9122785 ], [ 36.5207034, 60.9126271 ], [ 36.5215708, 60.9128072 ], [ 36.5222618, 60.913224 ], [ 36.5235729, 60.9136897 ], [ 36.5236787, 60.9136905 ], [ 36.5243173, 60.9139397 ] ] ] ] } },
{ "type": "Feature", "properties": { "NAME": "Участок долины реки Тагажмы", "NAME_EN": null, "NAME_RU": null, "LEISURE": "nature_reserve", "BOUNDARY": "protected_area", "OSM_TYPE": "way", "OSM_ID": 750674584 }, "geometry": { "type": "MultiPolygon", "coordinates": [ [ [ [ 36.5184871, 60.9241801 ], [ 36.5213955, 60.9238574 ], [ 36.5238836, 60.9234023 ], [ 36.5304841, 60.923235 ], [ 36.5306732, 60.923234 ], [ 36.5307538, 60.9230537 ], [ 36.5306907, 60.9228947 ], [ 36.5303761, 60.9220667 ], [ 36.5308121, 60.9211521 ], [ 36.5321911, 60.9201464 ], [ 36.5338751, 60.9186567 ], [ 36.5346884, 60.9180375 ], [ 36.5361857, 60.9173523 ], [ 36.5372011, 60.9162253 ], [ 36.5379483, 60.9150927 ], [ 36.5397585, 60.914176 ], [ 36.5410635, 60.9131695 ], [ 36.5438278, 60.9122798 ], [ 36.5444995, 60.9118366 ], [ 36.5469462, 60.9097612 ], [ 36.5486614, 60.908648 ], [ 36.5495216, 60.9075225 ], [ 36.5504085, 60.9069386 ], [ 36.5510721, 60.9072352 ], [ 36.5512849, 60.9072873 ], [ 36.5515678, 60.9072574 ], [ 36.5522164, 60.907036 ], [ 36.5532071, 60.9066492 ], [ 36.554501, 60.9064484 ], [ 36.5564918, 60.9061479 ], [ 36.5612817, 60.9040933 ], [ 36.5616395, 60.9032492 ], [ 36.5628309, 60.9030538 ], [ 36.5654971, 60.903076 ], [ 36.568297, 60.9025707 ], [ 36.5720496, 60.9019063 ], [ 36.5760627, 60.8997152 ], [ 36.5766061, 60.8968946 ], [ 36.577893, 60.8957755 ], [ 36.5787077, 60.89549 ], [ 36.5815697, 60.8950949 ], [ 36.58506, 60.8936666 ], [ 36.5866429, 60.8919909 ], [ 36.5884516, 60.8915193 ], [ 36.5915697, 60.8904245 ], [ 36.5935246, 60.8886136 ], [ 36.5935827, 60.8875954 ], [ 36.5953603, 60.8866564 ], [ 36.5964337, 60.8848436 ], [ 36.5964482, 60.8833407 ], [ 36.5980799, 60.881146 ], [ 36.5980824, 60.8790082 ], [ 36.5957396, 60.8762491 ], [ 36.59326, 60.8752475 ], [ 36.5916521, 60.8740133 ], [ 36.5922313, 60.8730854 ], [ 36.5945744, 60.8728801 ], [ 36.5976657, 60.8729844 ], [ 36.6003261, 60.872581 ], [ 36.5946978, 60.8649058 ], [ 36.5928761, 60.8620844 ], [ 36.5898973, 60.8614789 ], [ 36.5846953, 60.861681 ], [ 36.582489, 60.8619098 ], [ 36.5778873, 60.8643807 ], [ 36.5777533, 60.8651562 ], [ 36.5753795, 60.8675946 ], [ 36.5722344, 60.8682522 ], [ 36.5689626, 60.8704483 ], [ 36.5687169, 60.8732142 ], [ 36.5699224, 60.8742767 ], [ 36.5691387, 60.8752934 ], [ 36.5700129, 60.8772966 ], [ 36.5719672, 60.8790775 ], [ 36.5752256, 60.880021 ], [ 36.57583, 60.8802918 ], [ 36.5761287, 60.8806657 ], [ 36.5764639, 60.8814591 ], [ 36.5761323, 60.8830194 ], [ 36.5762494, 60.8836458 ], [ 36.5747176, 60.8846903 ], [ 36.5720536, 60.8849885 ], [ 36.5708708, 60.8858575 ], [ 36.5681544, 60.8860579 ], [ 36.564133, 60.8882948 ], [ 36.5633011, 60.8889535 ], [ 36.5614259, 60.8905433 ], [ 36.5607532, 60.8915326 ], [ 36.5589233, 60.8927763 ], [ 36.5586569, 60.8934636 ], [ 36.5581158, 60.8939581 ], [ 36.5564764, 60.8942298 ], [ 36.5541211, 60.8947153 ], [ 36.5490346, 60.896107 ], [ 36.546915, 60.8962261 ], [ 36.5432079, 60.8977895 ], [ 36.541796, 60.8991542 ], [ 36.5404311, 60.8995149 ], [ 36.5383166, 60.9004784 ], [ 36.5375798, 60.9010299 ], [ 36.5355758, 60.9016501 ], [ 36.5340456, 60.9029445 ], [ 36.5329134, 60.9035123 ], [ 36.5314631, 60.9044632 ], [ 36.5299348, 60.9061791 ], [ 36.5299692, 60.9073539 ], [ 36.5295418, 60.9082556 ], [ 36.5277598, 60.9106148 ], [ 36.5290079, 60.9113013 ], [ 36.5294252, 60.9118076 ], [ 36.5305441, 60.9130713 ], [ 36.5317139, 60.9139942 ], [ 36.5317818, 60.9141596 ], [ 36.5318658, 60.9147917 ], [ 36.5296764, 60.914863 ], [ 36.5290173, 60.9144964 ], [ 36.5281981, 60.9142128 ], [ 36.5251912, 60.9132986 ], [ 36.5231468, 60.9147983 ], [ 36.5214171, 60.9157356 ], [ 36.5197422, 60.916798 ], [ 36.5185282, 60.9191234 ], [ 36.5181874, 60.9211163 ], [ 36.5184871, 60.9241801 ] ] ] ] } },
{ "type": "Feature", "properties": { "NAME": "Лухтозерский", "NAME_EN": null, "NAME_RU": null, "LEISURE": "nature_reserve", "BOUNDARY": "protected_area", "OSM_TYPE": "way", "OSM_ID": 750674586 }, "geometry": { "type": "MultiPolygon", "coordinates": [ [ [ [ 36.2550739, 60.6364961 ], [ 36.2742849, 60.6388242 ], [ 36.2732728, 60.6449081 ], [ 36.2771892, 60.6459886 ], [ 36.2771896, 60.6459904 ], [ 36.279375, 60.6465942 ], [ 36.2826833, 60.6475435 ], [ 36.2867498, 60.6486594 ], [ 36.2881345, 60.6491107 ], [ 36.2914956, 60.6501178 ], [ 36.2926381, 60.6504501 ], [ 36.2944279, 60.6499471 ], [ 36.2952329, 60.6489124 ], [ 36.2967507, 60.6475753 ], [ 36.2978027, 60.64673 ], [ 36.2987238, 60.6459224 ], [ 36.2989365, 60.6454787 ], [ 36.2990874, 60.6446425 ], [ 36.3166224, 60.6433359 ], [ 36.337984, 60.6416385 ], [ 36.3384511, 60.6413287 ], [ 36.338993, 60.640992 ], [ 36.3392441, 60.6406676 ], [ 36.3388218, 60.6401619 ], [ 36.3384641, 60.6398311 ], [ 36.3384337, 60.6390375 ], [ 36.3384504, 60.6385084 ], [ 36.3382738, 60.6377358 ], [ 36.3374707, 60.6371215 ], [ 36.3362534, 60.6367676 ], [ 36.3337733, 60.6363351 ], [ 36.3320297, 60.6357386 ], [ 36.3314269, 60.6350421 ], [ 36.331334, 60.6343967 ], [ 36.3318053, 60.6339683 ], [ 36.3318568, 60.6333345 ], [ 36.3318653, 60.632772 ], [ 36.3323439, 60.6324051 ], [ 36.3334333, 60.6317067 ], [ 36.3338541, 60.6313977 ], [ 36.3341981, 60.6308701 ], [ 36.3686463, 60.62965 ], [ 36.3780095, 60.6293184 ], [ 36.3803017, 60.629063 ], [ 36.3844971, 60.6275639 ], [ 36.3865085, 60.6266885 ], [ 36.3928956, 60.6238712 ], [ 36.3963238, 60.622617 ], [ 36.3988586, 60.6216977 ], [ 36.4003382, 60.6209423 ], [ 36.402259, 60.6209418 ], [ 36.4073071, 60.6213177 ], [ 36.4084173, 60.620031 ], [ 36.4092245, 60.619319 ], [ 36.4118175, 60.6184209 ], [ 36.4135616, 60.6180598 ], [ 36.4161998, 60.6178341 ], [ 36.4172216, 60.6175663 ], [ 36.4183672, 60.6173134 ], [ 36.4210215, 60.6159954 ], [ 36.4220086, 60.6151883 ], [ 36.4248275, 60.6111164 ], [ 36.425231, 60.6107515 ], [ 36.4261341, 60.6103065 ], [ 36.4271185, 60.6099887 ], [ 36.4354926, 60.6081696 ], [ 36.437763, 60.6072973 ], [ 36.4410986, 60.6054262 ], [ 36.4438558, 60.6020892 ], [ 36.4452232, 60.6009659 ], [ 36.4468443, 60.5999777 ], [ 36.4501159, 60.5986708 ], [ 36.4505861, 60.5983833 ], [ 36.4517995, 60.5971226 ], [ 36.4567307, 60.5939794 ], [ 36.4561813, 60.5887646 ], [ 36.4551569, 60.5897825 ], [ 36.4543911, 60.5905433 ], [ 36.4499921, 60.5919528 ], [ 36.4460159, 60.5932266 ], [ 36.4374584, 60.5959864 ], [ 36.4349655, 60.5967902 ], [ 36.4330169, 60.5974184 ], [ 36.4295853, 60.5959809 ], [ 36.4239872, 60.5936353 ], [ 36.4282056, 60.591943 ], [ 36.4330809, 60.5899869 ], [ 36.432171, 60.5871849 ], [ 36.4312681, 60.584405 ], [ 36.4302019, 60.5813259 ], [ 36.4088525, 60.5844565 ], [ 36.4080643, 60.5824529 ], [ 36.4076164, 60.5814339 ], [ 36.4019782, 60.5681879 ], [ 36.4121524, 60.5674059 ], [ 36.4154649, 60.5671602 ], [ 36.4210753, 60.5667406 ], [ 36.4201838, 60.5659732 ], [ 36.4190935, 60.5650343 ], [ 36.4188988, 60.5649066 ], [ 36.4186746, 60.5647595 ], [ 36.4176333, 60.5640738 ], [ 36.4163955, 60.5632587 ], [ 36.4150359, 60.5622009 ], [ 36.4133249, 60.5608696 ], [ 36.4118574, 60.5597525 ], [ 36.4100601, 60.5583843 ], [ 36.411013, 60.5567022 ], [ 36.4054615, 60.5565157 ], [ 36.405452, 60.5570684 ], [ 36.4046457, 60.5573589 ], [ 36.4040045, 60.55759 ], [ 36.4033734, 60.5580354 ], [ 36.4028585, 60.5583988 ], [ 36.4025497, 60.5588091 ], [ 36.4022836, 60.5591625 ], [ 36.3941823, 60.5573822 ], [ 36.3878661, 60.5559937 ], [ 36.3866846, 60.5559106 ], [ 36.3855355, 60.5558296 ], [ 36.380302, 60.5553646 ], [ 36.3744645, 60.5531872 ], [ 36.3713197, 60.5519537 ], [ 36.3697147, 60.5515022 ], [ 36.3679592, 60.5516627 ], [ 36.3639385, 60.5518887 ], [ 36.3635443, 60.5519124 ], [ 36.3605586, 60.5520779 ], [ 36.3595234, 60.5521338 ], [ 36.3550447, 60.5523818 ], [ 36.3507033, 60.5526235 ], [ 36.3494205, 60.5526968 ], [ 36.3323366, 60.5533989 ], [ 36.3233903, 60.5561111 ], [ 36.3230153, 60.5566378 ], [ 36.3223399, 60.5575538 ], [ 36.3212822, 60.5581288 ], [ 36.3206772, 60.5583507 ], [ 36.3204629, 60.5584092 ], [ 36.3198523, 60.5587338 ], [ 36.3195387, 60.5589968 ], [ 36.3194187, 60.5592324 ], [ 36.319223, 60.5598346 ], [ 36.3192093, 60.5598882 ], [ 36.3188267, 60.5611194 ], [ 36.3183856, 60.5620747 ], [ 36.3177805, 60.5622711 ], [ 36.3150097, 60.562978 ], [ 36.3120784, 60.5637654 ], [ 36.3119927, 60.5642714 ], [ 36.3115589, 60.565106 ], [ 36.3112796, 60.5658367 ], [ 36.3112907, 60.5663085 ], [ 36.3162399, 60.5682813 ], [ 36.3203923, 60.5713691 ], [ 36.3231724, 60.5731598 ], [ 36.3260551, 60.5746103 ], [ 36.3273634, 60.5756902 ], [ 36.3293839, 60.577156 ], [ 36.331536, 60.5782461 ], [ 36.3346383, 60.5797373 ], [ 36.3347006, 60.5797565 ], [ 36.335221, 60.579978 ], [ 36.3357869, 60.5803081 ], [ 36.3365079, 60.580749 ], [ 36.3368354, 60.5809845 ], [ 36.3376712, 60.5815849 ], [ 36.3380335, 60.5818391 ], [ 36.3386307, 60.5824571 ], [ 36.3396557, 60.5830881 ], [ 36.3401559, 60.5835515 ], [ 36.3404274, 60.5841362 ], [ 36.3406543, 60.5845943 ], [ 36.3408497, 60.5847732 ], [ 36.3408486, 60.5867846 ], [ 36.3408306, 60.5871121 ], [ 36.3408021, 60.5874572 ], [ 36.3407716, 60.5878293 ], [ 36.3404679, 60.5881913 ], [ 36.3403894, 60.5884816 ], [ 36.339985, 60.5886218 ], [ 36.3396279, 60.5887494 ], [ 36.3390945, 60.5889093 ], [ 36.3386995, 60.5890497 ], [ 36.3382585, 60.5891936 ], [ 36.3378953, 60.5892806 ], [ 36.3359725, 60.5894623 ], [ 36.3349993, 60.5898367 ], [ 36.3343259, 60.5906701 ], [ 36.334104, 60.5915745 ], [ 36.3349914, 60.5927169 ], [ 36.3370185, 60.5939542 ], [ 36.337373, 60.5941822 ], [ 36.3374927, 60.5943911 ], [ 36.3376202, 60.5946182 ], [ 36.3376278, 60.5948563 ], [ 36.337679, 60.5951222 ], [ 36.3376032, 60.5953766 ], [ 36.337483, 60.5956167 ], [ 36.3372903, 60.5958507 ], [ 36.3370168, 60.5961776 ], [ 36.3368673, 60.5963274 ], [ 36.3361493, 60.596973 ], [ 36.3352961, 60.5987003 ], [ 36.3352253, 60.6004061 ], [ 36.3352947, 60.6008954 ], [ 36.3356736, 60.601496 ], [ 36.3237819, 60.6032946 ], [ 36.3223999, 60.6035051 ], [ 36.3167615, 60.6043289 ], [ 36.317925, 60.6075101 ], [ 36.3178306, 60.6091964 ], [ 36.3177731, 60.6098328 ], [ 36.3174162, 60.6099076 ], [ 36.3172313, 60.6099703 ], [ 36.3169641, 60.6100531 ], [ 36.3169531, 60.6101718 ], [ 36.3171023, 60.6103507 ], [ 36.3172264, 60.6106416 ], [ 36.3171518, 60.6109449 ], [ 36.3168765, 60.6111924 ], [ 36.3167852, 60.6113951 ], [ 36.3169327, 60.6115391 ], [ 36.3173391, 60.6116143 ], [ 36.318171, 60.611687 ], [ 36.3189353, 60.6118174 ], [ 36.3193923, 60.6119967 ], [ 36.319782, 60.612289 ], [ 36.3197395, 60.6124989 ], [ 36.3194247, 60.6126438 ], [ 36.3190588, 60.6126393 ], [ 36.3184921, 60.6127423 ], [ 36.3178037, 60.6131356 ], [ 36.3172322, 60.6133153 ], [ 36.3168257, 60.6136004 ], [ 36.3164565, 60.6137489 ], [ 36.3159124, 60.6138701 ], [ 36.3152249, 60.6140323 ], [ 36.3148632, 60.6140673 ], [ 36.3145988, 60.6139502 ], [ 36.3144372, 60.6136412 ], [ 36.3140682, 60.613083 ], [ 36.3137866, 60.612499 ], [ 36.3134899, 60.6123383 ], [ 36.3133341, 60.6121234 ], [ 36.3129332, 60.6119797 ], [ 36.3127277, 60.6118761 ], [ 36.3126481, 60.6117036 ], [ 36.3123959, 60.6116345 ], [ 36.3122549, 60.6116573 ], [ 36.31176, 60.6117864 ], [ 36.311411, 60.6119231 ], [ 36.3113733, 60.6120435 ], [ 36.3115448, 60.6121773 ], [ 36.3115804, 60.6122991 ], [ 36.3112271, 60.6124807 ], [ 36.3112186, 60.6125837 ], [ 36.3112165, 60.6126107 ], [ 36.3117331, 60.612877 ], [ 36.3117743, 60.6131517 ], [ 36.3116781, 60.6135402 ], [ 36.3116588, 60.613769 ], [ 36.3117053, 60.6139809 ], [ 36.3115319, 60.6141974 ], [ 36.310918, 60.6145489 ], [ 36.3107006, 60.6147464 ], [ 36.3107362, 60.6148684 ], [ 36.3108785, 60.615024 ], [ 36.3107997, 60.615202 ], [ 36.3104703, 60.6153165 ], [ 36.3099779, 60.6153066 ], [ 36.3094264, 60.6152371 ], [ 36.3089611, 60.6153399 ], [ 36.308192, 60.6154683 ], [ 36.3081536, 60.61549 ], [ 36.3080283, 60.6154606 ], [ 36.3079403, 60.6155391 ], [ 36.3079002, 60.6156348 ], [ 36.3079444, 60.6157662 ], [ 36.3079381, 60.6158321 ], [ 36.3077176, 60.6158527 ], [ 36.3074175, 60.6158369 ], [ 36.3069066, 60.6157468 ], [ 36.3062502, 60.6156808 ], [ 36.3056828, 60.6157054 ], [ 36.3050353, 60.6157888 ], [ 36.3042583, 60.6158055 ], [ 36.3033228, 60.6157558 ], [ 36.3031425, 60.615769 ], [ 36.3029823, 60.6158433 ], [ 36.3029796, 60.6159932 ], [ 36.3031962, 60.6162061 ], [ 36.3033864, 60.6163363 ], [ 36.30336, 60.6165207 ], [ 36.3031189, 60.6167365 ], [ 36.3024533, 60.6169548 ], [ 36.3021196, 60.6169849 ], [ 36.2989856, 60.6173824 ], [ 36.2982823, 60.6177558 ], [ 36.2978751, 60.6177737 ], [ 36.2963283, 60.6176838 ], [ 36.2954697, 60.6177449 ], [ 36.2942456, 60.6181546 ], [ 36.2936747, 60.6182103 ], [ 36.2935876, 60.618298 ], [ 36.2937446, 60.618383 ], [ 36.2941344, 60.61848 ], [ 36.2948779, 60.6184783 ], [ 36.2948462, 60.6185714 ], [ 36.2944861, 60.6186677 ], [ 36.2936338, 60.6186971 ], [ 36.2926235, 60.6187593 ], [ 36.2918138, 60.6189268 ], [ 36.2905629, 60.619319 ], [ 36.289975, 60.619334 ], [ 36.2888327, 60.6191808 ], [ 36.2885299, 60.6190755 ], [ 36.288394, 60.6183755 ], [ 36.2881317, 60.618198 ], [ 36.2869425, 60.6178792 ], [ 36.2857082, 60.6176478 ], [ 36.2849581, 60.617509 ], [ 36.2842899, 60.6172297 ], [ 36.2837278, 60.6170283 ], [ 36.2803174, 60.616168 ], [ 36.2780982, 60.6156996 ], [ 36.2769627, 60.6159606 ], [ 36.2757125, 60.6163968 ], [ 36.2748689, 60.6165482 ], [ 36.2746463, 60.6137968 ], [ 36.2670892, 60.6142997 ], [ 36.2625936, 60.6141621 ], [ 36.2622493, 60.6141516 ], [ 36.2612732, 60.6141321 ], [ 36.2584099, 60.6140747 ], [ 36.2571314, 60.6140489 ], [ 36.2528422, 60.6139407 ], [ 36.2507735, 60.615018 ], [ 36.2482312, 60.6163417 ], [ 36.2484874, 60.6191137 ], [ 36.257086, 60.6216849 ], [ 36.2545395, 60.623776 ], [ 36.2550722, 60.6242461 ], [ 36.2558392, 60.6249232 ], [ 36.2576554, 60.6265257 ], [ 36.256781, 60.6273007 ], [ 36.2540706, 60.6297025 ], [ 36.255119, 60.630686 ], [ 36.2528025, 60.6321641 ], [ 36.2530107, 60.6334348 ], [ 36.2547121, 60.634485 ], [ 36.2560504, 60.6350073 ], [ 36.2560239, 60.6350477 ], [ 36.2550739, 60.6364961 ] ] ] ] } },
{ "type": "Feature", "properties": { "NAME": "Озера мегорской группы", "NAME_EN": null, "NAME_RU": null, "LEISURE": "nature_reserve", "BOUNDARY": "protected_area", "OSM_TYPE": "way", "OSM_ID": 750674587 }, "geometry": { "type": "MultiPolygon", "coordinates": [ [ [ [ 35.524134, 60.9116063 ], [ 35.5246065, 60.9122465 ], [ 35.52532, 60.9128415 ], [ 35.5254333, 60.9136665 ], [ 35.5261747, 60.9144336 ], [ 35.5383312, 60.9181215 ], [ 35.5514603, 60.913339 ], [ 35.5675777, 60.9084465 ], [ 35.5820511, 60.9044948 ], [ 35.5991329, 60.9006363 ], [ 35.5929947, 60.8955 ], [ 35.6047642, 60.8932382 ], [ 35.6351141, 60.8876563 ], [ 35.6358855, 60.8876558 ], [ 35.6384634, 60.8872164 ], [ 35.6409998, 60.8865859 ], [ 35.6468006, 60.8856612 ], [ 35.6533925, 60.8844803 ], [ 35.6812718, 60.8830917 ], [ 35.6826649, 60.8831557 ], [ 35.690777, 60.8853279 ], [ 35.6998815, 60.8880258 ], [ 35.7168744, 60.8926732 ], [ 35.7185373, 60.8931227 ], [ 35.7203122, 60.8934266 ], [ 35.7281853, 60.8941887 ], [ 35.7358695, 60.8950273 ], [ 35.7436583, 60.898197 ], [ 35.7524431, 60.9017344 ], [ 35.7562315, 60.9034519 ], [ 35.7615724, 60.9050109 ], [ 35.7697203, 60.9062035 ], [ 35.7789119, 60.9073709 ], [ 35.7856176, 60.910354 ], [ 35.7996481, 60.9164379 ], [ 35.7953778, 60.9181878 ], [ 35.8000756, 60.9203057 ], [ 35.8001981, 60.9222931 ], [ 35.8011511, 60.9232571 ], [ 35.8038895, 60.9241746 ], [ 35.8067546, 60.926451 ], [ 35.8085524, 60.9292408 ], [ 35.8057905, 60.9303036 ], [ 35.805693, 60.9319639 ], [ 35.8047169, 60.9326841 ], [ 35.8045897, 60.933735 ], [ 35.8058251, 60.9357969 ], [ 35.8057931, 60.9367943 ], [ 35.803942, 60.9383272 ], [ 35.8035491, 60.9392568 ], [ 35.8048617, 60.9412358 ], [ 35.8057351, 60.9418339 ], [ 35.8075682, 60.942502 ], [ 35.8416353, 60.9436835 ], [ 35.86704, 60.9449321 ], [ 35.878619, 60.9459341 ], [ 35.9032171, 60.9479696 ], [ 35.934889, 60.9512054 ], [ 35.9504401, 60.9533783 ], [ 35.9610917, 60.954351 ], [ 35.9618208, 60.9528146 ], [ 35.9616766, 60.9521285 ], [ 35.9627481, 60.9521582 ], [ 35.9663038, 60.9526521 ], [ 35.9698796, 60.9524028 ], [ 35.973914, 60.9509917 ], [ 35.9759044, 60.9483639 ], [ 35.9755355, 60.9467964 ], [ 35.9741481, 60.9453944 ], [ 35.9763245, 60.9442052 ], [ 35.9784535, 60.9420599 ], [ 35.9785896, 60.9410237 ], [ 35.9780277, 60.9397874 ], [ 35.9767927, 60.9386347 ], [ 35.9830935, 60.93661 ], [ 35.9876855, 60.9358227 ], [ 35.9882408, 60.9355049 ], [ 35.9896206, 60.9362681 ], [ 35.9928452, 60.9366726 ], [ 35.9950933, 60.9366951 ], [ 35.997742, 60.9363241 ], [ 36.0011045, 60.9352382 ], [ 36.0024957, 60.9331002 ], [ 36.0007201, 60.9308973 ], [ 35.9968006, 60.9292235 ], [ 35.9918883, 60.928091 ], [ 35.9907804, 60.9269023 ], [ 35.992861, 60.9252172 ], [ 35.995889, 60.9238626 ], [ 36.0009845, 60.9228808 ], [ 36.0054564, 60.9216647 ], [ 36.0082331, 60.9197092 ], [ 36.0081489, 60.9177027 ], [ 36.0069532, 60.9162069 ], [ 36.0086067, 60.9151954 ], [ 36.0115627, 60.9147962 ], [ 36.0136391, 60.9135561 ], [ 36.0133976, 60.9121821 ], [ 36.0128371, 60.911574 ], [ 36.0142603, 60.9100008 ], [ 36.0162094, 60.9090228 ], [ 36.0198864, 60.9079712 ], [ 36.0235544, 60.9070226 ], [ 36.0251173, 60.9068467 ], [ 36.0275959, 60.9061691 ], [ 36.0295311, 60.9047515 ], [ 36.0300561, 60.9031109 ], [ 36.0289669, 60.9010041 ], [ 36.0244218, 60.8985329 ], [ 36.0206763, 60.9000145 ], [ 36.0194579, 60.8992741 ], [ 36.0188817, 60.8984388 ], [ 36.0184016, 60.8970065 ], [ 36.0177743, 60.8959658 ], [ 36.0158046, 60.8944286 ], [ 36.0146647, 60.8943532 ], [ 36.0133597, 60.8949686 ], [ 36.0116655, 60.8956344 ], [ 36.0099827, 60.8962274 ], [ 36.0083519, 60.8963704 ], [ 36.0061018, 60.8959714 ], [ 35.9914349, 60.8993683 ], [ 35.9847789, 60.909113 ], [ 35.977193, 60.9001824 ], [ 35.9708327, 60.9005958 ], [ 35.9632403, 60.8719582 ], [ 35.9573289, 60.8694561 ], [ 35.9573757, 60.8662314 ], [ 35.9348696, 60.8584276 ], [ 35.9336193, 60.8577789 ], [ 35.9282234, 60.8561918 ], [ 35.9263786, 60.8556115 ], [ 35.9202751, 60.8554381 ], [ 35.9150423, 60.8555583 ], [ 35.9114312, 60.8546563 ], [ 35.8961086, 60.8535936 ], [ 35.8965478, 60.8566379 ], [ 35.8928611, 60.8561197 ], [ 35.8880211, 60.8564483 ], [ 35.8754706, 60.8570195 ], [ 35.8666359, 60.8614935 ], [ 35.8615232, 60.8612875 ], [ 35.8632517, 60.8551178 ], [ 35.8500698, 60.8512622 ], [ 35.8477924, 60.850596 ], [ 35.840432, 60.8488371 ], [ 35.8330787, 60.8477629 ], [ 35.8307799, 60.8477677 ], [ 35.8231015, 60.8459463 ], [ 35.8013723, 60.8435598 ], [ 35.7861583, 60.8393522 ], [ 35.784031, 60.8396055 ], [ 35.7773185, 60.84379 ], [ 35.7827681, 60.8457601 ], [ 35.771591, 60.8496156 ], [ 35.7829033, 60.851412 ], [ 35.7840327, 60.8534847 ], [ 35.7842609, 60.8546461 ], [ 35.7848836, 60.8557776 ], [ 35.7634914, 60.8583061 ], [ 35.7794826, 60.8690062 ], [ 35.7671518, 60.8761857 ], [ 35.7651839, 60.8788938 ], [ 35.7520279, 60.8871563 ], [ 35.7508912, 60.8779097 ], [ 35.7495224, 60.8577494 ], [ 35.7630497, 60.8580225 ], [ 35.7533921, 60.8536152 ], [ 35.7492442, 60.8440277 ], [ 35.7429432, 60.8413067 ], [ 35.7414352, 60.8403771 ], [ 35.7410191, 60.8413133 ], [ 35.7409446, 60.8432492 ], [ 35.7406204, 60.8436318 ], [ 35.7374906, 60.8450917 ], [ 35.7360846, 60.8463699 ], [ 35.7442209, 60.8576512 ], [ 35.6856305, 60.8564725 ], [ 35.6994561, 60.8479195 ], [ 35.6947231, 60.8438103 ], [ 35.6870098, 60.834225 ], [ 35.6852758, 60.8320697 ], [ 35.6801434, 60.8328897 ], [ 35.6477047, 60.8382972 ], [ 35.6507993, 60.8442595 ], [ 35.6579818, 60.8558869 ], [ 35.5762547, 60.8539815 ], [ 35.5768362, 60.855469 ], [ 35.5774229, 60.856018 ], [ 35.5829809, 60.8612181 ], [ 35.5908993, 60.8686252 ], [ 35.5971339, 60.8723651 ], [ 35.5541156, 60.8908607 ], [ 35.5452374, 60.8913936 ], [ 35.5312324, 60.891524 ], [ 35.520274, 60.8915067 ], [ 35.5240533, 60.8929886 ], [ 35.5248382, 60.9112262 ], [ 35.524134, 60.9116063 ] ] ] ] } },
{ "type": "Feature", "properties": { "NAME": "Шимозерский", "NAME_EN": null, "NAME_RU": null, "LEISURE": "nature_reserve", "BOUNDARY": "protected_area", "OSM_TYPE": "way", "OSM_ID": 750674588 }, "geometry": { "type": "MultiPolygon", "coordinates": [ [ [ [ 35.5754742, 60.5437147 ], [ 35.6831273, 60.5395618 ], [ 35.6830005, 60.524787 ], [ 35.6829004, 60.5209776 ], [ 35.706736, 60.5196903 ], [ 35.7216109, 60.5189198 ], [ 35.7214352, 60.5157485 ], [ 35.7220821, 60.503458 ], [ 35.7225929, 60.493025 ], [ 35.7231563, 60.4833774 ], [ 35.7234247, 60.4801395 ], [ 35.7250904, 60.4659199 ], [ 35.682514, 60.4656628 ], [ 35.6845888, 60.4491291 ], [ 35.6421152, 60.4495252 ], [ 35.6402785, 60.4293185 ], [ 35.6294933, 60.4294089 ], [ 35.6300281, 60.4102388 ], [ 35.6181334, 60.4097282 ], [ 35.6080836, 60.4092945 ], [ 35.5936723, 60.4087701 ], [ 35.5921462, 60.4087226 ], [ 35.5909705, 60.4082095 ], [ 35.5908456, 60.4081661 ], [ 35.581139, 60.4469994 ], [ 35.5778061, 60.4654205 ], [ 35.5754742, 60.5437147 ] ] ] ] } },
{ "type": "Feature", "properties": { "NAME": "\"Сернистые источники\" у деревни Шелохачь", "NAME_EN": null, "NAME_RU": null, "LEISURE": "nature_reserve", "BOUNDARY": "protected_area", "OSM_TYPE": "way", "OSM_ID": 750674589 }, "geometry": { "type": "MultiPolygon", "coordinates": [ [ [ [ 36.5601316, 58.9909817 ], [ 36.5606867, 58.9911912 ], [ 36.5615271, 58.9906008 ], [ 36.5620792, 58.9901871 ], [ 36.5625548, 58.9898363 ], [ 36.5631928, 58.9894812 ], [ 36.5636077, 58.9890373 ], [ 36.5637548, 58.988876 ], [ 36.5641148, 58.9885705 ], [ 36.5643984, 58.9882237 ], [ 36.5647405, 58.9878193 ], [ 36.5650143, 58.9875007 ], [ 36.5654122, 58.9872211 ], [ 36.5655855, 58.9871159 ], [ 36.5658416, 58.9869828 ], [ 36.5664924, 58.9866938 ], [ 36.5675977, 58.986191 ], [ 36.5686195, 58.985768 ], [ 36.569842, 58.9853203 ], [ 36.5711587, 58.9848543 ], [ 36.5726582, 58.9843768 ], [ 36.5737257, 58.9840688 ], [ 36.5751862, 58.983673 ], [ 36.5760776, 58.9835474 ], [ 36.5769222, 58.9834783 ], [ 36.5780503, 58.9832506 ], [ 36.5776565, 58.9829545 ], [ 36.5768408, 58.9830509 ], [ 36.576092, 58.9830911 ], [ 36.5747777, 58.9832294 ], [ 36.5741334, 58.9833188 ], [ 36.5727139, 58.9836553 ], [ 36.5715781, 58.9838983 ], [ 36.5708709, 58.9841129 ], [ 36.5700446, 58.9844482 ], [ 36.5689212, 58.9849125 ], [ 36.5681915, 58.9851866 ], [ 36.5671013, 58.9856178 ], [ 36.5662603, 58.9860175 ], [ 36.5656247, 58.9864063 ], [ 36.5652783, 58.9865909 ], [ 36.5645986, 58.9869239 ], [ 36.5640731, 58.9872016 ], [ 36.5634891, 58.98759 ], [ 36.5629512, 58.9879219 ], [ 36.5623565, 58.9885194 ], [ 36.561768, 58.9891637 ], [ 36.5613081, 58.9897879 ], [ 36.5607567, 58.9904472 ], [ 36.5601316, 58.9909817 ] ] ] ] } },
{ "type": "Feature", "properties": { "NAME": "Колошемский лес", "NAME_EN": null, "NAME_RU": null, "LEISURE": "nature_reserve", "BOUNDARY": "protected_area", "OSM_TYPE": "way", "OSM_ID": 750674622 }, "geometry": { "type": "MultiPolygon", "coordinates": [ [ [ [ 35.1878095, 60.2635934 ], [ 35.2298736, 60.2643224 ], [ 35.2310125, 60.2437045 ], [ 35.2309411, 60.2263293 ], [ 35.2323345, 60.2072079 ], [ 35.1893922, 60.2064812 ], [ 35.1885972, 60.213205 ], [ 35.180993, 60.2199362 ], [ 35.1880085, 60.225529 ], [ 35.1884238, 60.2257286 ], [ 35.1863491, 60.2434371 ], [ 35.1859027, 60.2474855 ], [ 35.1916614, 60.2478461 ], [ 35.1904999, 60.2492407 ], [ 35.1885474, 60.2502476 ], [ 35.1867809, 60.2504512 ], [ 35.1834016, 60.2501448 ], [ 35.1793958, 60.2508965 ], [ 35.1747877, 60.2528215 ], [ 35.1878095, 60.2635934 ] ] ] ] } },
{ "type": "Feature", "properties": { "NAME": "Озеро Большое (Волково)", "NAME_EN": null, "NAME_RU": null, "LEISURE": "nature_reserve", "BOUNDARY": "protected_area", "OSM_TYPE": "way", "OSM_ID": 750674625 }, "geometry": { "type": "MultiPolygon", "coordinates": [ [ [ [ 36.2686597, 59.5691286 ], [ 36.2700791, 59.5691104 ], [ 36.2713436, 59.5691224 ], [ 36.2722485, 59.5691609 ], [ 36.2732311, 59.5691672 ], [ 36.2743597, 59.5691096 ], [ 36.2764076, 59.5685659 ], [ 36.2775005, 59.5682085 ], [ 36.2787126, 59.5677707 ], [ 36.2805329, 59.5670582 ], [ 36.28202, 59.566127 ], [ 36.2825557, 59.5652889 ], [ 36.2822315, 59.564023 ], [ 36.2826012, 59.5632738 ], [ 36.2828756, 59.5625423 ], [ 36.2828368, 59.5615051 ], [ 36.2822913, 59.5606997 ], [ 36.2818524, 59.5602641 ], [ 36.2812197, 59.559968 ], [ 36.281085, 59.559792 ], [ 36.2790489, 59.5585288 ], [ 36.2784076, 59.5582166 ], [ 36.2778166, 59.5579008 ], [ 36.2757517, 59.557234 ], [ 36.2740667, 59.5568108 ], [ 36.2727198, 59.5565682 ], [ 36.2712507, 59.5565355 ], [ 36.2707016, 59.5564797 ], [ 36.2702712, 59.5565081 ], [ 36.2685524, 59.5565595 ], [ 36.2677921, 59.5565686 ], [ 36.2671619, 59.5566664 ], [ 36.2662942, 59.556963 ], [ 36.2654832, 59.557186 ], [ 36.2645756, 59.557579 ], [ 36.2630393, 59.5583458 ], [ 36.2620486, 59.5589281 ], [ 36.2617999, 59.5592707 ], [ 36.2604357, 59.5603737 ], [ 36.2601653, 59.5608111 ], [ 36.2596351, 59.5618737 ], [ 36.2595791, 59.5623505 ], [ 36.259942, 59.5628915 ], [ 36.2599581, 59.563547 ], [ 36.2604742, 59.5640379 ], [ 36.2605995, 59.5642625 ], [ 36.2607191, 59.5644438 ], [ 36.2608884, 59.5648146 ], [ 36.2611202, 59.5649349 ], [ 36.2619497, 59.5657074 ], [ 36.2626882, 59.5663254 ], [ 36.264247, 59.5673731 ], [ 36.2652361, 59.568006 ], [ 36.2663737, 59.5685734 ], [ 36.2686597, 59.5691286 ] ] ] ] } },
{ "type": "Feature", "properties": { "NAME": "Каменная гора", "NAME_EN": null, "NAME_RU": null, "LEISURE": "nature_reserve", "BOUNDARY": "protected_area", "OSM_TYPE": "way", "OSM_ID": 750674626 }, "geometry": { "type": "MultiPolygon", "coordinates": [ [ [ [ 35.9012822, 59.4091978 ], [ 35.901699, 59.4102343 ], [ 35.9023739, 59.4109456 ], [ 35.9034079, 59.4110149 ], [ 35.9061114, 59.4108428 ], [ 35.9108143, 59.410544 ], [ 35.9130814, 59.4103879 ], [ 35.9133927, 59.410211 ], [ 35.9144532, 59.4089 ], [ 35.9143595, 59.4085074 ], [ 35.9132271, 59.4078943 ], [ 35.9119522, 59.4075852 ], [ 35.9113107, 59.4068402 ], [ 35.9105639, 59.4068618 ], [ 35.9105541, 59.4067648 ], [ 35.9099692, 59.4067398 ], [ 35.903195, 59.4057951 ], [ 35.9016955, 59.4067399 ], [ 35.9012822, 59.4091978 ] ] ] ] } },
{ "type": "Feature", "properties": { "NAME": "Никольское", "NAME_EN": null, "NAME_RU": null, "LEISURE": "nature_reserve", "BOUNDARY": "protected_area", "OSM_TYPE": "way", "OSM_ID": 750674629 }, "geometry": { "type": "MultiPolygon", "coordinates": [ [ [ [ 39.8984801, 58.9542795 ], [ 39.9195076, 58.9528998 ], [ 39.9233085, 58.9525723 ], [ 39.9314275, 58.942688 ], [ 39.9312805, 58.9426946 ], [ 39.9283892, 58.941822 ], [ 39.9277851, 58.9419455 ], [ 39.9273023, 58.9419605 ], [ 39.9269407, 58.9419214 ], [ 39.9265693, 58.9418321 ], [ 39.9261648, 58.9416814 ], [ 39.9257648, 58.9414737 ], [ 39.9252674, 58.941072 ], [ 39.9250184, 58.9408014 ], [ 39.9248512, 58.9405224 ], [ 39.9248213, 58.9404909 ], [ 39.9249957, 58.9404099 ], [ 39.9256306, 58.9401444 ], [ 39.9252256, 58.9399087 ], [ 39.9250036, 58.9398124 ], [ 39.9245876, 58.9396652 ], [ 39.9243534, 58.9395692 ], [ 39.9241275, 58.9394636 ], [ 39.924024, 58.9393785 ], [ 39.9239706, 58.9392722 ], [ 39.9239571, 58.9391378 ], [ 39.9239857, 58.9390513 ], [ 39.9240448, 58.9389649 ], [ 39.9241008, 58.9389156 ], [ 39.9242242, 58.9388731 ], [ 39.9244259, 58.9388285 ], [ 39.9248994, 58.9387789 ], [ 39.9252705, 58.9387582 ], [ 39.9258449, 58.9387448 ], [ 39.9264, 58.9387204 ], [ 39.9267036, 58.9387212 ], [ 39.9270035, 58.9387087 ], [ 39.9272672, 58.9386691 ], [ 39.9277947, 58.9385561 ], [ 39.9285028, 58.9383325 ], [ 39.9292273, 58.9380812 ], [ 39.9294909, 58.9379614 ], [ 39.9298479, 58.938087 ], [ 39.9301515, 58.9381655 ], [ 39.9303849, 58.9381996 ], [ 39.9306353, 58.938212 ], [ 39.9308274, 58.9381823 ], [ 39.9309584, 58.938131 ], [ 39.931434, 58.937812 ], [ 39.931695, 58.9376439 ], [ 39.9321421, 58.9375073 ], [ 39.932737, 58.9374305 ], [ 39.9335117, 58.9375044 ], [ 39.9347017, 58.9375129 ], [ 39.9353179, 58.9371735 ], [ 39.9352915, 58.9365158 ], [ 39.934499, 58.9357655 ], [ 39.9335969, 58.9351506 ], [ 39.9331983, 58.9348134 ], [ 39.9324401, 58.9342131 ], [ 39.9321995, 58.9336503 ], [ 39.9323084, 58.9330622 ], [ 39.9324063, 58.9325343 ], [ 39.9327821, 58.932052 ], [ 39.9330866, 58.9315381 ], [ 39.9334239, 58.9312552 ], [ 39.9337385, 58.9310584 ], [ 39.9349754, 58.9304068 ], [ 39.9354299, 58.9302356 ], [ 39.9359012, 58.9300533 ], [ 39.9364692, 58.9299028 ], [ 39.9366466, 58.9296863 ], [ 39.9367571, 58.9294283 ], [ 39.9365252, 58.9291419 ], [ 39.9362243, 58.928873 ], [ 39.9354779, 58.9285608 ], [ 39.935353, 58.9282564 ], [ 39.9353637, 58.9280267 ], [ 39.9357274, 58.9278414 ], [ 39.9363601, 58.9275187 ], [ 39.9354821, 58.92573 ], [ 39.9355038, 58.92573 ], [ 39.9355618, 58.9257122 ], [ 39.9355919, 58.9256886 ], [ 39.9355962, 58.9256363 ], [ 39.9356012, 58.9255926 ], [ 39.9356121, 58.9255638 ], [ 39.9356383, 58.9255471 ], [ 39.9357249, 58.9255287 ], [ 39.9358547, 58.9254959 ], [ 39.9358971, 58.9254745 ], [ 39.9359099, 58.9254481 ], [ 39.935895, 58.9254176 ], [ 39.9358568, 58.9253886 ], [ 39.935832, 58.9253624 ], [ 39.9358329, 58.9253235 ], [ 39.9358614, 58.9252904 ], [ 39.9359061, 58.9252845 ], [ 39.9359658, 58.9252852 ], [ 39.9360815, 58.9253061 ], [ 39.9361575, 58.925311 ], [ 39.9362031, 58.9253061 ], [ 39.936295, 58.9252647 ], [ 39.936354, 58.9252211 ], [ 39.936438, 58.9251348 ], [ 39.9364918, 58.9250981 ], [ 39.9365697, 58.9250641 ], [ 39.9366065, 58.9250362 ], [ 39.9366106, 58.9250123 ], [ 39.9365807, 58.924973 ], [ 39.9365418, 58.9249346 ], [ 39.9365319, 58.9249011 ], [ 39.9365455, 58.9248783 ], [ 39.936643, 58.9248586 ], [ 39.9367289, 58.9248556 ], [ 39.9369019, 58.9248698 ], [ 39.9370375, 58.9248769 ], [ 39.9371015, 58.9248702 ], [ 39.9371564, 58.9248549 ], [ 39.9371967, 58.924818 ], [ 39.9372151, 58.9247734 ], [ 39.9372094, 58.9247103 ], [ 39.9371731, 58.9246615 ], [ 39.937145, 58.9246223 ], [ 39.9371477, 58.9245849 ], [ 39.937161, 58.9245487 ], [ 39.937205, 58.9245182 ], [ 39.9372828, 58.9244832 ], [ 39.937419, 58.9244371 ], [ 39.9375062, 58.9243878 ], [ 39.9375329, 58.9243366 ], [ 39.9375329, 58.9242912 ], [ 39.9375251, 58.9242137 ], [ 39.9374878, 58.924164 ], [ 39.9374164, 58.9240833 ], [ 39.9373803, 58.9240274 ], [ 39.9373668, 58.9239863 ], [ 39.9373681, 58.9239175 ], [ 39.9373748, 58.9238542 ], [ 39.9373842, 58.9237994 ], [ 39.9373828, 58.9237655 ], [ 39.9373562, 58.923737 ], [ 39.9373197, 58.9237072 ], [ 39.937301, 58.9236867 ], [ 39.9373, 58.9236668 ], [ 39.9373095, 58.9236498 ], [ 39.9373365, 58.9236376 ], [ 39.9373678, 58.923633 ], [ 39.9374161, 58.9236392 ], [ 39.9374971, 58.9236553 ], [ 39.9375442, 58.9236586 ], [ 39.9375898, 58.9236539 ], [ 39.9376067, 58.9236405 ], [ 39.9376101, 58.9236122 ], [ 39.9376143, 58.9235483 ], [ 39.9376232, 58.923517 ], [ 39.9376472, 58.9234939 ], [ 39.9377232, 58.9234612 ], [ 39.9377925, 58.9234393 ], [ 39.9378889, 58.9234154 ], [ 39.9379388, 58.9233894 ], [ 39.9379871, 58.9233537 ], [ 39.9380193, 58.9233153 ], [ 39.9380301, 58.9232738 ], [ 39.9380256, 58.9232406 ], [ 39.9379962, 58.9231898 ], [ 39.9379788, 58.9231568 ], [ 39.9379707, 58.9231252 ], [ 39.937974, 58.9230984 ], [ 39.9379964, 58.9230685 ], [ 39.9380524, 58.9230256 ], [ 39.9381342, 58.9229846 ], [ 39.9382231, 58.9229476 ], [ 39.9382894, 58.9229139 ], [ 39.9383424, 58.9228803 ], [ 39.9383678, 58.9228421 ], [ 39.9383715, 58.9228083 ], [ 39.9383547, 58.9227767 ], [ 39.9382982, 58.9227406 ], [ 39.9382187, 58.9227064 ], [ 39.9381906, 58.9226837 ], [ 39.9381749, 58.9226587 ], [ 39.9381824, 58.9226287 ], [ 39.9382025, 58.9226038 ], [ 39.9382455, 58.9225782 ], [ 39.938366, 58.9225349 ], [ 39.9384404, 58.9225018 ], [ 39.9384981, 58.9224674 ], [ 39.9385198, 58.9224389 ], [ 39.9385275, 58.9224023 ], [ 39.9385584, 58.9223366 ], [ 39.9385911, 58.9222857 ], [ 39.9386277, 58.9222277 ], [ 39.9386655, 58.9221996 ], [ 39.9387085, 58.9221892 ], [ 39.9388459, 58.9221833 ], [ 39.9390357, 58.9221885 ], [ 39.9391527, 58.9221853 ], [ 39.9392445, 58.922175 ], [ 39.939312, 58.9221593 ], [ 39.9394007, 58.9221243 ], [ 39.9394836, 58.9220875 ], [ 39.939546, 58.9220723 ], [ 39.9396114, 58.9220702 ], [ 39.9396714, 58.9220827 ], [ 39.9397466, 58.9221162 ], [ 39.9398006, 58.9221334 ], [ 39.9398608, 58.9221431 ], [ 39.9399206, 58.9221367 ], [ 39.9399444, 58.9221146 ], [ 39.9399668, 58.922055 ], [ 39.9399743, 58.9219687 ], [ 39.9400021, 58.9218862 ], [ 39.9400509, 58.9218484 ], [ 39.9401126, 58.9218284 ], [ 39.9402321, 58.9218156 ], [ 39.940375, 58.9218151 ], [ 39.9404682, 58.9218062 ], [ 39.9405859, 58.9217697 ], [ 39.9406834, 58.9217378 ], [ 39.9407663, 58.9217229 ], [ 39.9409575, 58.9217264 ], [ 39.9411077, 58.92172 ], [ 39.9411854, 58.9216979 ], [ 39.9412315, 58.9216618 ], [ 39.9412573, 58.9216052 ], [ 39.9412478, 58.9215358 ], [ 39.9412528, 58.9214028 ], [ 39.9412635, 58.9213491 ], [ 39.9413071, 58.9212964 ], [ 39.9413832, 58.92126 ], [ 39.9414498, 58.9212549 ], [ 39.9415091, 58.9212556 ], [ 39.9415653, 58.9212794 ], [ 39.9416263, 58.9213204 ], [ 39.9417115, 58.9213575 ], [ 39.9418699, 58.9214022 ], [ 39.9420073, 58.921424 ], [ 39.942125, 58.9214267 ], [ 39.9423432, 58.9214139 ], [ 39.9424647, 58.9213847 ], [ 39.942575, 58.9213488 ], [ 39.9426776, 58.9212854 ], [ 39.9427448, 58.9212188 ], [ 39.9428425, 58.9210637 ], [ 39.9429192, 58.9209151 ], [ 39.9430119, 58.9207208 ], [ 39.9430912, 58.9205637 ], [ 39.9431433, 58.9204514 ], [ 39.9431551, 58.920396 ], [ 39.943144, 58.920359 ], [ 39.9430747, 58.9202996 ], [ 39.9429622, 58.9202622 ], [ 39.9428324, 58.9202499 ], [ 39.9426115, 58.9202507 ], [ 39.9424727, 58.9202324 ], [ 39.9424225, 58.920207 ], [ 39.9423995, 58.9201824 ], [ 39.9424226, 58.9201305 ], [ 39.9424836, 58.9200744 ], [ 39.9425698, 58.9200377 ], [ 39.942728, 58.9199857 ], [ 39.9427928, 58.9199421 ], [ 39.9428177, 58.9198998 ], [ 39.9428297, 58.9198361 ], [ 39.9428397, 58.9197716 ], [ 39.9428961, 58.9197155 ], [ 39.9429939, 58.9196499 ], [ 39.9431158, 58.919613 ], [ 39.9432457, 58.9196045 ], [ 39.9433782, 58.9196073 ], [ 39.94358, 58.9196222 ], [ 39.9437638, 58.9196327 ], [ 39.9438524, 58.919622 ], [ 39.9439551, 58.9195777 ], [ 39.944056, 58.9195279 ], [ 39.9441344, 58.9194668 ], [ 39.9441659, 58.9194282 ], [ 39.9441704, 58.9193566 ], [ 39.9441335, 58.9192668 ], [ 39.9440777, 58.9191802 ], [ 39.9439904, 58.919091 ], [ 39.9438377, 58.9189552 ], [ 39.9436323, 58.9187984 ], [ 39.9434369, 58.9186396 ], [ 39.9433435, 58.9185567 ], [ 39.9432794, 58.9184825 ], [ 39.9431858, 58.9183747 ], [ 39.9431151, 58.918297 ], [ 39.9430692, 58.9182289 ], [ 39.943047, 58.9181648 ], [ 39.9430319, 58.918093 ], [ 39.9430391, 58.9180393 ], [ 39.9430884, 58.9179859 ], [ 39.9431741, 58.9179403 ], [ 39.9432473, 58.917914 ], [ 39.9433849, 58.9178895 ], [ 39.9435627, 58.9178787 ], [ 39.9436666, 58.9178587 ], [ 39.9437136, 58.9178285 ], [ 39.9437444, 58.9177828 ], [ 39.9437387, 58.917734 ], [ 39.9436877, 58.9176719 ], [ 39.9436206, 58.9176143 ], [ 39.9435409, 58.9175558 ], [ 39.9434989, 58.917498 ], [ 39.9434646, 58.917426 ], [ 39.9434479, 58.9173072 ], [ 39.9434414, 58.9172598 ], [ 39.9434591, 58.9171257 ], [ 39.943496, 58.9170681 ], [ 39.943556, 58.9170311 ], [ 39.9437109, 58.9169784 ], [ 39.9438379, 58.9169546 ], [ 39.9440077, 58.9169153 ], [ 39.9440707, 58.9168906 ], [ 39.9441066, 58.9168614 ], [ 39.9441169, 58.9167863 ], [ 39.9441078, 58.9166104 ], [ 39.9440843, 58.9164777 ], [ 39.9440757, 58.9163679 ], [ 39.9440804, 58.9163148 ], [ 39.9440989, 58.9162618 ], [ 39.9441681, 58.9162021 ], [ 39.9442436, 58.9161498 ], [ 39.9443119, 58.9161104 ], [ 39.9443457, 58.9160707 ], [ 39.9443459, 58.9160193 ], [ 39.9443031, 58.9159765 ], [ 39.9441948, 58.9159184 ], [ 39.9441692, 58.9158791 ], [ 39.9441721, 58.9158169 ], [ 39.9442013, 58.9157521 ], [ 39.9442036, 58.9157031 ], [ 39.9441846, 58.9156666 ], [ 39.9440969, 58.9156355 ], [ 39.9439803, 58.9155837 ], [ 39.9439321, 58.9155381 ], [ 39.9439148, 58.9154929 ], [ 39.9439221, 58.9154314 ], [ 39.9439923, 58.9153525 ], [ 39.9441049, 58.9152188 ], [ 39.9442335, 58.9150848 ], [ 39.9443079, 58.9150349 ], [ 39.9444502, 58.9149532 ], [ 39.9445293, 58.9148754 ], [ 39.9445812, 58.9148157 ], [ 39.9446369, 58.9147755 ], [ 39.9447886, 58.914717 ], [ 39.9448917, 58.9146858 ], [ 39.9450061, 58.9146646 ], [ 39.9452418, 58.9146427 ], [ 39.9454068, 58.9146093 ], [ 39.9456013, 58.9145832 ], [ 39.9457652, 58.9145591 ], [ 39.9458546, 58.9145284 ], [ 39.9459624, 58.9144735 ], [ 39.9461522, 58.9143817 ], [ 39.9462924, 58.9143154 ], [ 39.946354, 58.9142931 ], [ 39.9464946, 58.9142557 ], [ 39.9466601, 58.9142359 ], [ 39.946843, 58.9142151 ], [ 39.9469457, 58.9141945 ], [ 39.9471157, 58.9141362 ], [ 39.9472184, 58.9141144 ], [ 39.9473495, 58.9141 ], [ 39.9474487, 58.9140818 ], [ 39.9475582, 58.9140469 ], [ 39.947675, 58.9139945 ], [ 39.9477854, 58.9139522 ], [ 39.9478912, 58.9139405 ], [ 39.947979, 58.9139475 ], [ 39.9480597, 58.9139893 ], [ 39.9481232, 58.9140244 ], [ 39.9482146, 58.914051 ], [ 39.9483419, 58.9140685 ], [ 39.9484393, 58.9140661 ], [ 39.9485111, 58.9140451 ], [ 39.9485585, 58.9140113 ], [ 39.9485763, 58.9139748 ], [ 39.9485657, 58.9139298 ], [ 39.9484641, 58.9138261 ], [ 39.9484198, 58.91377 ], [ 39.9483987, 58.9137318 ], [ 39.9483969, 58.9136945 ], [ 39.9484366, 58.9136316 ], [ 39.9484875, 58.9135932 ], [ 39.9486366, 58.913537 ], [ 39.9487243, 58.9135221 ], [ 39.9488887, 58.9135029 ], [ 39.9490029, 58.9134818 ], [ 39.949066, 58.9134536 ], [ 39.9491185, 58.9134138 ], [ 39.9491524, 58.9133705 ], [ 39.9491576, 58.9133345 ], [ 39.9491398, 58.9132726 ], [ 39.9491316, 58.9132276 ], [ 39.9491347, 58.913188 ], [ 39.949173, 58.9131471 ], [ 39.9492659, 58.9130984 ], [ 39.94934, 58.9130751 ], [ 39.9495478, 58.9130339 ], [ 39.9499201, 58.9129308 ], [ 39.9500982, 58.9128631 ], [ 39.9504312, 58.9127151 ], [ 39.950859, 58.9125209 ], [ 39.9511215, 58.9124058 ], [ 39.9514635, 58.9122673 ], [ 39.9519577, 58.912071 ], [ 39.952391, 58.9119047 ], [ 39.9528293, 58.9117314 ], [ 39.9531702, 58.9115852 ], [ 39.9534231, 58.9114564 ], [ 39.9538564, 58.91127 ], [ 39.9541938, 58.9111278 ], [ 39.9544467, 58.9110003 ], [ 39.9547425, 58.910841 ], [ 39.9549606, 58.9106958 ], [ 39.9551562, 58.9105489 ], [ 39.9552779, 58.9104693 ], [ 39.9554001, 58.9103987 ], [ 39.9557241, 58.9102216 ], [ 39.9559679, 58.9100962 ], [ 39.9561142, 58.909998 ], [ 39.9562966, 58.9098895 ], [ 39.9564945, 58.9097895 ], [ 39.9565891, 58.9097221 ], [ 39.9567183, 58.9096491 ], [ 39.9569115, 58.9095282 ], [ 39.9570194, 58.9094468 ], [ 39.9572682, 58.9092864 ], [ 39.9574037, 58.9091774 ], [ 39.9575865, 58.909056 ], [ 39.9577758, 58.908922 ], [ 39.9579811, 58.9087874 ], [ 39.9582124, 58.9086362 ], [ 39.9584379, 58.9084597 ], [ 39.9585874, 58.9083409 ], [ 39.958711, 58.908241 ], [ 39.9588338, 58.9081349 ], [ 39.9589607, 58.9080351 ], [ 39.9590722, 58.9079236 ], [ 39.9593113, 58.9077512 ], [ 39.9594601, 58.9076484 ], [ 39.9595934, 58.907538 ], [ 39.9597101, 58.9074359 ], [ 39.9598886, 58.9073173 ], [ 39.9600555, 58.9072165 ], [ 39.9602925, 58.9070654 ], [ 39.9603965, 58.9069927 ], [ 39.9606009, 58.9068282 ], [ 39.9607394, 58.9066992 ], [ 39.9610049, 58.9064399 ], [ 39.9614732, 58.9058626 ], [ 39.9611997, 58.9057456 ], [ 39.9574023, 58.9040352 ], [ 39.9628758, 58.8964594 ], [ 39.9426908, 58.8926404 ], [ 39.9426088, 58.8921026 ], [ 39.9409044, 58.8841439 ], [ 39.9399436, 58.8795984 ], [ 39.9375444, 58.8683023 ], [ 39.9377846, 58.8656993 ], [ 39.9377832, 58.8656557 ], [ 39.9376837, 58.8656566 ], [ 39.9375719, 58.8656413 ], [ 39.9374376, 58.8655874 ], [ 39.9373458, 58.8655306 ], [ 39.937288, 58.8654789 ], [ 39.9372821, 58.8654431 ], [ 39.9372951, 58.8653007 ], [ 39.9373281, 58.8651958 ], [ 39.9373695, 58.8651592 ], [ 39.937449, 58.8651258 ], [ 39.9376258, 58.8650896 ], [ 39.9376686, 58.8650477 ], [ 39.9376925, 58.8649997 ], [ 39.9376948, 58.864952 ], [ 39.9376497, 58.8649031 ], [ 39.9375131, 58.8648145 ], [ 39.9374402, 58.8647897 ], [ 39.9372598, 58.8647663 ], [ 39.937062, 58.8647592 ], [ 39.9368734, 58.8647457 ], [ 39.936791, 58.8647313 ], [ 39.9367177, 58.8646833 ], [ 39.9367044, 58.8646415 ], [ 39.9367188, 58.8646072 ], [ 39.9367711, 58.8645522 ], [ 39.9369589, 58.8643949 ], [ 39.9370424, 58.8643271 ], [ 39.9370814, 58.864317 ], [ 39.9371471, 58.864331 ], [ 39.9372829, 58.864379 ], [ 39.9374647, 58.8644568 ], [ 39.9375656, 58.8644872 ], [ 39.9376358, 58.8644874 ], [ 39.9377174, 58.8644646 ], [ 39.9377865, 58.8644324 ], [ 39.9378064, 58.8643922 ], [ 39.9378021, 58.8643478 ], [ 39.9377566, 58.8642519 ], [ 39.9376763, 58.8641348 ], [ 39.9376188, 58.864107 ], [ 39.9375084, 58.8640883 ], [ 39.93739, 58.8640764 ], [ 39.9372768, 58.8640669 ], [ 39.9369595, 58.8640465 ], [ 39.9367473, 58.8640365 ], [ 39.936406, 58.8640349 ], [ 39.9358613, 58.8640565 ], [ 39.9356734, 58.8640548 ], [ 39.9356029, 58.8640321 ], [ 39.935587, 58.8639895 ], [ 39.9355992, 58.8639474 ], [ 39.9356645, 58.8638898 ], [ 39.9359038, 58.8636941 ], [ 39.9359839, 58.8636573 ], [ 39.9361535, 58.8636575 ], [ 39.9364015, 58.8636635 ], [ 39.9365299, 58.8636481 ], [ 39.9366099, 58.8635761 ], [ 39.936644, 58.8634726 ], [ 39.9366196, 58.863409 ], [ 39.9365139, 58.8633264 ], [ 39.9362054, 58.8631287 ], [ 39.9360562, 58.8630427 ], [ 39.9359281, 58.8630051 ], [ 39.9357619, 58.8629709 ], [ 39.9355728, 58.8629554 ], [ 39.9354389, 58.8629725 ], [ 39.9352111, 58.8630322 ], [ 39.9349888, 58.8630691 ], [ 39.9348045, 58.8631056 ], [ 39.9346315, 58.8631743 ], [ 39.9345576, 58.8632311 ], [ 39.9345353, 58.863277 ], [ 39.9345252, 58.8633792 ], [ 39.9345497, 58.8635194 ], [ 39.9345536, 58.8636299 ], [ 39.9345251, 58.8636864 ], [ 39.9344555, 58.8637337 ], [ 39.9343981, 58.8637519 ], [ 39.9342537, 58.8637558 ], [ 39.9340465, 58.8637381 ], [ 39.9337758, 58.8637158 ], [ 39.9335051, 58.8636782 ], [ 39.9334121, 58.8636374 ], [ 39.9333834, 58.8635888 ], [ 39.9333857, 58.8635387 ], [ 39.9334254, 58.8634694 ], [ 39.9335431, 58.863294 ], [ 39.9335773, 58.8632245 ], [ 39.9335694, 58.8631602 ], [ 39.933443, 58.8630497 ], [ 39.9333119, 58.8629705 ], [ 39.9331762, 58.8629442 ], [ 39.9329963, 58.8629278 ], [ 39.9328185, 58.8629454 ], [ 39.9326012, 58.8630147 ], [ 39.9324337, 58.8630825 ], [ 39.9322108, 58.8632091 ], [ 39.9320815, 58.8633127 ], [ 39.9320297, 58.8633688 ], [ 39.9319651, 58.863389 ], [ 39.9318936, 58.8633873 ], [ 39.9318168, 58.8633577 ], [ 39.9317164, 58.8633117 ], [ 39.9317182, 58.8632577 ], [ 39.9321856, 58.8627048 ], [ 39.9336795, 58.8594138 ], [ 39.9315048, 58.8598573 ], [ 39.9311801, 58.8571606 ], [ 39.9300873, 58.851564 ], [ 39.9314599, 58.8512492 ], [ 39.934111, 58.8508032 ], [ 39.9353093, 58.850639 ], [ 39.9403424, 58.8493448 ], [ 39.9433716, 58.8488446 ], [ 39.9304387, 58.8484607 ], [ 39.9107593, 58.8483568 ], [ 39.8940202, 58.8484049 ], [ 39.8942906, 58.8545895 ], [ 39.873293, 58.8557476 ], [ 39.8636964, 58.8562652 ], [ 39.8667091, 58.8688719 ], [ 39.8662194, 58.8689801 ], [ 39.8602833, 58.8710661 ], [ 39.8567674, 58.8722232 ], [ 39.857666, 58.8724676 ], [ 39.8577325, 58.8725972 ], [ 39.8582306, 58.8729175 ], [ 39.8584197, 58.8730688 ], [ 39.8585007, 58.8731957 ], [ 39.8586021, 58.8734241 ], [ 39.8587966, 58.8741881 ], [ 39.8589373, 58.8746062 ], [ 39.8590904, 58.8748402 ], [ 39.8595603, 58.8753241 ], [ 39.8601423, 58.8757806 ], [ 39.8604758, 58.875978 ], [ 39.8610093, 58.8765917 ], [ 39.8619005, 58.8771092 ], [ 39.8622801, 58.8774157 ], [ 39.8623935, 58.8775721 ], [ 39.8624471, 58.8777091 ], [ 39.8625872, 58.8785221 ], [ 39.8626621, 58.8791585 ], [ 39.862727, 58.8792731 ], [ 39.8632537, 58.8798337 ], [ 39.863605, 58.8801534 ], [ 39.8641255, 58.8804792 ], [ 39.8647223, 58.8807733 ], [ 39.8653457, 58.88097 ], [ 39.8662794, 58.8811535 ], [ 39.8669147, 58.8812268 ], [ 39.8670573, 58.8812982 ], [ 39.8672568, 58.8814717 ], [ 39.867335, 58.8815608 ], [ 39.867464, 58.8816398 ], [ 39.8676843, 58.8816818 ], [ 39.8677687, 58.8816898 ], [ 39.8679351, 58.881685 ], [ 39.8681465, 58.8816506 ], [ 39.8681818, 58.8816765 ], [ 39.8684728, 58.8817657 ], [ 39.8689231, 58.8819508 ], [ 39.8692677, 58.8821216 ], [ 39.8696341, 58.8823013 ], [ 39.8700026, 58.8824892 ], [ 39.870283, 58.8826042 ], [ 39.8705647, 58.8826925 ], [ 39.8708171, 58.8827736 ], [ 39.8710753, 58.8828995 ], [ 39.8712323, 58.8830352 ], [ 39.8714131, 58.8832509 ], [ 39.8716094, 58.8834991 ], [ 39.8717181, 58.8837062 ], [ 39.8718194, 58.8839923 ], [ 39.8719166, 58.8841735 ], [ 39.8720269, 58.8843095 ], [ 39.8723127, 58.8845578 ], [ 39.8726748, 58.8848268 ], [ 39.8729062, 58.8849961 ], [ 39.873078, 58.8851767 ], [ 39.8733705, 58.8855044 ], [ 39.8734621, 58.8856867 ], [ 39.8734963, 58.8858621 ], [ 39.8734567, 58.8861455 ], [ 39.8733911, 58.886387 ], [ 39.8732772, 58.8866278 ], [ 39.8731388, 58.88688 ], [ 39.8730495, 58.8871108 ], [ 39.8729792, 58.8873735 ], [ 39.8729098, 58.8875775 ], [ 39.8727786, 58.8877949 ], [ 39.8725957, 58.8880043 ], [ 39.8723568, 58.8882908 ], [ 39.8721214, 58.8885495 ], [ 39.871836, 58.8888017 ], [ 39.8716049, 58.8889707 ], [ 39.8712779, 58.8891965 ], [ 39.8709171, 58.8894314 ], [ 39.8705243, 58.889713 ], [ 39.870084, 58.8900161 ], [ 39.8696543, 58.8902925 ], [ 39.8692472, 58.8905594 ], [ 39.8689299, 58.8907062 ], [ 39.8685999, 58.8908406 ], [ 39.8681028, 58.891014 ], [ 39.867883, 58.8911024 ], [ 39.8676175, 58.8912463 ], [ 39.8675206, 58.8913277 ], [ 39.8674444, 58.8914065 ], [ 39.8674174, 58.8915026 ], [ 39.8674198, 58.8915679 ], [ 39.8674737, 58.8916436 ], [ 39.8675794, 58.8917238 ], [ 39.8676018, 58.8917993 ], [ 39.867593, 58.8918665 ], [ 39.8675083, 58.8919625 ], [ 39.867312, 58.8921033 ], [ 39.8671687, 58.8922619 ], [ 39.866997, 58.8924629 ], [ 39.8669057, 58.8926225 ], [ 39.8668765, 58.8926874 ], [ 39.8668863, 58.8927923 ], [ 39.8669332, 58.8928986 ], [ 39.8670164, 58.8929846 ], [ 39.8672218, 58.8930785 ], [ 39.8674801, 58.8931492 ], [ 39.867935, 58.8932428 ], [ 39.8683719, 58.893309 ], [ 39.8686033, 58.8933274 ], [ 39.8688635, 58.893325 ], [ 39.8694728, 58.8932282 ], [ 39.8699127, 58.8931579 ], [ 39.8703239, 58.8930787 ], [ 39.8705083, 58.8930666 ], [ 39.8708487, 58.8930604 ], [ 39.8710392, 58.8930774 ], [ 39.8714555, 58.8931646 ], [ 39.8719011, 58.8932838 ], [ 39.8723534, 58.8934657 ], [ 39.8728083, 58.8936629 ], [ 39.8731995, 58.8938037 ], [ 39.8735321, 58.8938773 ], [ 39.8738237, 58.8939185 ], [ 39.8742939, 58.8939719 ], [ 39.8748898, 58.8940584 ], [ 39.8754107, 58.8941307 ], [ 39.8759466, 58.8941885 ], [ 39.8763131, 58.8942548 ], [ 39.8766145, 58.8943379 ], [ 39.876864, 58.894441 ], [ 39.8770499, 58.894553 ], [ 39.8772432, 58.8947115 ], [ 39.8774224, 58.8949233 ], [ 39.8775297, 58.8951259 ], [ 39.8776624, 58.8953419 ], [ 39.8777882, 58.8955497 ], [ 39.8780277, 58.8959394 ], [ 39.8782215, 58.8962638 ], [ 39.8780041, 58.8961264 ], [ 39.8778426, 58.8960329 ], [ 39.8776833, 58.895979 ], [ 39.8775659, 58.8959615 ], [ 39.8774828, 58.8959643 ], [ 39.8773965, 58.8959879 ], [ 39.8772834, 58.8960554 ], [ 39.8772355, 58.8961231 ], [ 39.877228, 58.8961896 ], [ 39.8772715, 58.8963044 ], [ 39.8772961, 58.896367 ], [ 39.8772694, 58.8964134 ], [ 39.877213, 58.8964564 ], [ 39.8771638, 58.8964827 ], [ 39.877101, 58.8964824 ], [ 39.8769923, 58.896464 ], [ 39.8767806, 58.8964281 ], [ 39.8766493, 58.8964137 ], [ 39.876566, 58.8964209 ], [ 39.8764898, 58.8964326 ], [ 39.8763822, 58.8964721 ], [ 39.8762506, 58.8965525 ], [ 39.8761189, 58.8966147 ], [ 39.875815, 58.8967018 ], [ 39.8754829, 58.8968099 ], [ 39.8752821, 58.8968835 ], [ 39.8750226, 58.8970112 ], [ 39.8748639, 58.897077 ], [ 39.8746551, 58.8971399 ], [ 39.8744152, 58.8971935 ], [ 39.874267, 58.897232 ], [ 39.8741866, 58.8972668 ], [ 39.8740885, 58.8973575 ], [ 39.8739939, 58.8975047 ], [ 39.8739123, 58.8975857 ], [ 39.8738303, 58.8976292 ], [ 39.8737191, 58.8976593 ], [ 39.8735674, 58.8976711 ], [ 39.8734142, 58.8976658 ], [ 39.8733034, 58.8976478 ], [ 39.873043, 58.8975848 ], [ 39.8728798, 58.897569 ], [ 39.872745, 58.8975837 ], [ 39.8726682, 58.8976291 ], [ 39.8726514, 58.8976889 ], [ 39.8726536, 58.8977771 ], [ 39.8726523, 58.8978427 ], [ 39.872642, 58.8978586 ], [ 39.8726023, 58.8978652 ], [ 39.8725452, 58.8978573 ], [ 39.8724545, 58.8978182 ], [ 39.8723341, 58.8977521 ], [ 39.8722151, 58.8977049 ], [ 39.8721012, 58.8976973 ], [ 39.8720315, 58.8977091 ], [ 39.8719867, 58.8977316 ], [ 39.8719807, 58.8978126 ], [ 39.8719917, 58.8978932 ], [ 39.8720001, 58.8980285 ], [ 39.8719725, 58.8980683 ], [ 39.8719112, 58.8980841 ], [ 39.8718035, 58.8980848 ], [ 39.8716619, 58.8980638 ], [ 39.8714936, 58.8980577 ], [ 39.8714067, 58.898072 ], [ 39.8713142, 58.8981104 ], [ 39.8711926, 58.8981564 ], [ 39.8711185, 58.8981675 ], [ 39.8709815, 58.898163 ], [ 39.8707894, 58.8981489 ], [ 39.8706784, 58.8981508 ], [ 39.87058, 58.8981793 ], [ 39.8704294, 58.8982792 ], [ 39.8703323, 58.8983249 ], [ 39.870239, 58.898338 ], [ 39.8701219, 58.8983382 ], [ 39.8699398, 58.8983104 ], [ 39.8697963, 58.8983047 ], [ 39.8696755, 58.8983169 ], [ 39.8696038, 58.8983413 ], [ 39.8695308, 58.8983767 ], [ 39.8694731, 58.8984454 ], [ 39.8694562, 58.8985079 ], [ 39.8694061, 58.8985499 ], [ 39.8693469, 58.8985661 ], [ 39.869189, 58.898573 ], [ 39.8690123, 58.8985707 ], [ 39.8689041, 58.8986008 ], [ 39.8687995, 58.8986495 ], [ 39.8687579, 58.89872 ], [ 39.8687827, 58.8988457 ], [ 39.8688496, 58.8989803 ], [ 39.8689047, 58.8991597 ], [ 39.8688913, 58.8992179 ], [ 39.8688368, 58.8992615 ], [ 39.8687355, 58.8992855 ], [ 39.8686255, 58.8992923 ], [ 39.8685367, 58.8992807 ], [ 39.8684395, 58.899243 ], [ 39.8682471, 58.8991628 ], [ 39.8681426, 58.8991466 ], [ 39.8680657, 58.8991516 ], [ 39.868017, 58.8991675 ], [ 39.8679517, 58.899219 ], [ 39.8678565, 58.8993137 ], [ 39.8678103, 58.8993429 ], [ 39.8677405, 58.8993573 ], [ 39.8676342, 58.8993532 ], [ 39.8674359, 58.8993491 ], [ 39.8673639, 58.8993625 ], [ 39.8673016, 58.8994168 ], [ 39.8672661, 58.8994686 ], [ 39.8671602, 58.8995407 ], [ 39.8670196, 58.8995889 ], [ 39.8668414, 58.8996169 ], [ 39.8666878, 58.8996398 ], [ 39.8665789, 58.8996659 ], [ 39.8664509, 58.8997149 ], [ 39.8663364, 58.8997907 ], [ 39.8662333, 58.8998719 ], [ 39.8660811, 58.9000023 ], [ 39.8659813, 58.9000622 ], [ 39.86585, 58.9001117 ], [ 39.8656167, 58.9001743 ], [ 39.8653576, 58.9002238 ], [ 39.8652083, 58.9002549 ], [ 39.8651189, 58.9002876 ], [ 39.8650637, 58.9003304 ], [ 39.865028, 58.9003828 ], [ 39.865023, 58.9004637 ], [ 39.8650301, 58.9006034 ], [ 39.86502, 58.9006583 ], [ 39.864991, 58.900686 ], [ 39.8649263, 58.9007 ], [ 39.8648605, 58.9006981 ], [ 39.8647851, 58.9006707 ], [ 39.864641, 58.9005685 ], [ 39.8645075, 58.9004701 ], [ 39.8643739, 58.900407 ], [ 39.8642593, 58.9003875 ], [ 39.8641507, 58.9004001 ], [ 39.864068, 58.9004133 ], [ 39.8640016, 58.9004644 ], [ 39.8639708, 58.9005355 ], [ 39.8639798, 58.9005985 ], [ 39.8640044, 58.9006563 ], [ 39.8640812, 58.9007512 ], [ 39.8641532, 58.9008259 ], [ 39.864259, 58.9009272 ], [ 39.8642747, 58.9009869 ], [ 39.864247, 58.9010376 ], [ 39.8641824, 58.9011036 ], [ 39.8640683, 58.9011985 ], [ 39.8639862, 58.9012411 ], [ 39.8639129, 58.9012605 ], [ 39.8637876, 58.901268 ], [ 39.8636371, 58.9012535 ], [ 39.8635395, 58.9012272 ], [ 39.8634333, 58.9011573 ], [ 39.8633959, 58.9010701 ], [ 39.8634079, 58.900959 ], [ 39.8633794, 58.9008707 ], [ 39.8633187, 58.9008133 ], [ 39.8632068, 58.9007699 ], [ 39.8630961, 58.9007611 ], [ 39.8630192, 58.9007669 ], [ 39.8629202, 58.9008008 ], [ 39.8628006, 58.9008474 ], [ 39.8626949, 58.9009055 ], [ 39.8625953, 58.900991 ], [ 39.8624909, 58.9010849 ], [ 39.8624362, 58.9011176 ], [ 39.8623732, 58.9011327 ], [ 39.8622874, 58.9011378 ], [ 39.8622004, 58.9011248 ], [ 39.8621567, 58.9010772 ], [ 39.8621526, 58.901004 ], [ 39.86214, 58.9008998 ], [ 39.862118, 58.9008361 ], [ 39.8620437, 58.9007864 ], [ 39.8619443, 58.9007567 ], [ 39.861807, 58.9007436 ], [ 39.861671, 58.9007458 ], [ 39.8614898, 58.9007734 ], [ 39.8613121, 58.9007972 ], [ 39.8611704, 58.9008061 ], [ 39.86106, 58.9007797 ], [ 39.8610066, 58.900728 ], [ 39.8610174, 58.9006642 ], [ 39.8610852, 58.9006225 ], [ 39.8612411, 58.9005911 ], [ 39.8615441, 58.9005638 ], [ 39.8617591, 58.9005553 ], [ 39.8619337, 58.9005485 ], [ 39.8620668, 58.9004946 ], [ 39.8621126, 58.9004509 ], [ 39.862124, 58.9003529 ], [ 39.8620934, 58.9002874 ], [ 39.8619805, 58.900219 ], [ 39.8617961, 58.9001563 ], [ 39.8615924, 58.9001095 ], [ 39.8614484, 58.9000951 ], [ 39.8611357, 58.900095 ], [ 39.8610167, 58.9000878 ], [ 39.8609106, 58.9000615 ], [ 39.8607986, 58.9000163 ], [ 39.8605435, 58.8999036 ], [ 39.8601929, 58.8997622 ], [ 39.8600098, 58.8997201 ], [ 39.8600055, 58.8998862 ], [ 39.8600687, 58.9000959 ], [ 39.8599634, 58.90021 ], [ 39.8603149, 58.9002817 ], [ 39.8604354, 58.9003367 ], [ 39.8604282, 58.9004521 ], [ 39.8603008, 58.9007017 ], [ 39.8601125, 58.9012133 ], [ 39.8600324, 58.9016007 ], [ 39.8600565, 58.9024281 ], [ 39.8600925, 58.9026609 ], [ 39.8600451, 58.9027728 ], [ 39.859912, 58.9029171 ], [ 39.8596167, 58.90302 ], [ 39.8596105, 58.9032035 ], [ 39.8595055, 58.9032672 ], [ 39.8589719, 58.9032672 ], [ 39.8588105, 58.9032353 ], [ 39.8587926, 58.9031927 ], [ 39.8582811, 58.9032275 ], [ 39.8581718, 58.9033256 ], [ 39.8578439, 58.9034051 ], [ 39.8576285, 58.9034097 ], [ 39.8574032, 58.9033933 ], [ 39.8576141, 58.9035548 ], [ 39.8579053, 58.9037752 ], [ 39.8584443, 58.9041156 ], [ 39.859648, 58.9045322 ], [ 39.8603696, 58.9046449 ], [ 39.8610764, 58.9048738 ], [ 39.8615471, 58.9050896 ], [ 39.8618929, 58.9054032 ], [ 39.8621958, 58.9057557 ], [ 39.8630448, 58.9072192 ], [ 39.8632621, 58.907813 ], [ 39.8635684, 58.9088539 ], [ 39.863742, 58.9091409 ], [ 39.8644037, 58.9107103 ], [ 39.864968, 58.9116656 ], [ 39.8657193, 58.91246 ], [ 39.8658122, 58.9127678 ], [ 39.8659652, 58.9130878 ], [ 39.8663959, 58.9136444 ], [ 39.8672945, 58.9143329 ], [ 39.867417, 58.9146678 ], [ 39.8672684, 58.9165609 ], [ 39.8677961, 58.9181769 ], [ 39.8679945, 58.9199159 ], [ 39.8679586, 58.9201674 ], [ 39.8677732, 58.9204291 ], [ 39.8676401, 58.9207415 ], [ 39.8676239, 58.9210745 ], [ 39.8677163, 58.9214373 ], [ 39.8677857, 58.9216383 ], [ 39.8678826, 58.921923 ], [ 39.8680165, 58.9222396 ], [ 39.8681596, 58.9223674 ], [ 39.8686505, 58.9226885 ], [ 39.8696327, 58.9232867 ], [ 39.8703696, 58.9238085 ], [ 39.8704916, 58.9240396 ], [ 39.8708266, 58.9248668 ], [ 39.8712984, 58.9267014 ], [ 39.8716361, 58.9272182 ], [ 39.8719374, 58.9278272 ], [ 39.8719985, 58.928228 ], [ 39.8718931, 58.928739 ], [ 39.8715872, 58.9292243 ], [ 39.8713164, 58.9294496 ], [ 39.8715617, 58.9294449 ], [ 39.8721122, 58.929342 ], [ 39.8724762, 58.9291872 ], [ 39.8726381, 58.9290608 ], [ 39.8728771, 58.9290143 ], [ 39.8733918, 58.929041 ], [ 39.8738784, 58.929351 ], [ 39.8739983, 58.929351 ], [ 39.8740769, 58.9292777 ], [ 39.8741434, 58.9291407 ], [ 39.874275, 58.9290836 ], [ 39.8746297, 58.9291223 ], [ 39.8748908, 58.9290881 ], [ 39.8751207, 58.9290217 ], [ 39.8753055, 58.9290165 ], [ 39.8755757, 58.9290276 ], [ 39.8757389, 58.9289494 ], [ 39.875884, 58.9288158 ], [ 39.8760856, 58.9287696 ], [ 39.8762915, 58.9287636 ], [ 39.8765015, 58.9287802 ], [ 39.8767149, 58.9287537 ], [ 39.8769553, 58.9286408 ], [ 39.8771294, 58.9286145 ], [ 39.8777791, 58.9288923 ], [ 39.8782293, 58.9292476 ], [ 39.8784626, 58.9294752 ], [ 39.8785248, 58.929677 ], [ 39.878486, 58.9297793 ], [ 39.8784058, 58.9298748 ], [ 39.8781865, 58.9299307 ], [ 39.8778688, 58.9299402 ], [ 39.8775967, 58.9300062 ], [ 39.8773452, 58.9301833 ], [ 39.8771825, 58.9301755 ], [ 39.8769764, 58.930199 ], [ 39.876847, 58.9302793 ], [ 39.8767741, 58.9304219 ], [ 39.8765544, 58.9304891 ], [ 39.8764652, 58.9305562 ], [ 39.8756507, 58.930484 ], [ 39.8754435, 58.9304514 ], [ 39.8753902, 58.9305422 ], [ 39.8759548, 58.9311224 ], [ 39.8760301, 58.9311002 ], [ 39.876289, 58.9310537 ], [ 39.8764394, 58.9310817 ], [ 39.8769988, 58.9310149 ], [ 39.8778517, 58.9308249 ], [ 39.8779913, 58.9307861 ], [ 39.8792218, 58.9304521 ], [ 39.8794809, 58.9304614 ], [ 39.8798457, 58.930411 ], [ 39.8803931, 58.9304312 ], [ 39.8806337, 58.9304532 ], [ 39.8809107, 58.9305323 ], [ 39.8810091, 58.9305974 ], [ 39.8812179, 58.9307618 ], [ 39.8813908, 58.9309194 ], [ 39.8815164, 58.9310579 ], [ 39.8816626, 58.9312817 ], [ 39.8817866, 58.9313725 ], [ 39.8820666, 58.9313886 ], [ 39.8823877, 58.931375 ], [ 39.8824065, 58.9314945 ], [ 39.8825615, 58.9317436 ], [ 39.8822835, 58.9318625 ], [ 39.8804867, 58.9319784 ], [ 39.8829119, 58.9337451 ], [ 39.884007, 58.9345917 ], [ 39.8852562, 58.9355573 ], [ 39.8853394, 58.9356217 ], [ 39.8860923, 58.9361186 ], [ 39.8864895, 58.9364114 ], [ 39.8890344, 58.9353456 ], [ 39.8899341, 58.9357086 ], [ 39.8912711, 58.9362535 ], [ 39.8940399, 58.9373525 ], [ 39.8934607, 58.940549 ], [ 39.8950726, 58.9430895 ], [ 39.8944469, 58.9446331 ], [ 39.8945085, 58.9447657 ], [ 39.8959012, 58.9469286 ], [ 39.8982945, 58.9505114 ], [ 39.9001849, 58.9535008 ], [ 39.8984801, 58.9542795 ] ] ] ] } },
{ "type": "Feature", "properties": { "NAME": "Карпово", "NAME_EN": null, "NAME_RU": null, "LEISURE": "nature_reserve", "BOUNDARY": "protected_area", "OSM_TYPE": "way", "OSM_ID": 750674634 }, "geometry": { "type": "MultiPolygon", "coordinates": [ [ [ [ 38.3945602, 58.9974489 ], [ 38.3945678, 58.9974635 ], [ 38.3945891, 58.9974847 ], [ 38.3946297, 58.9975073 ], [ 38.3946832, 58.9975267 ], [ 38.3949197, 58.997575 ], [ 38.3950182, 58.9975804 ], [ 38.3951557, 58.9975701 ], [ 38.3952546, 58.9975507 ], [ 38.3952966, 58.9975317 ], [ 38.3953383, 58.9975033 ], [ 38.3954273, 58.9973994 ], [ 38.3955459, 58.9972506 ], [ 38.3956423, 58.9971878 ], [ 38.3958013, 58.9971368 ], [ 38.3959939, 58.9971367 ], [ 38.396152, 58.9971539 ], [ 38.3964922, 58.9972073 ], [ 38.3969773, 58.9972707 ], [ 38.3973838, 58.997326 ], [ 38.3976777, 58.9973615 ], [ 38.3979, 58.9973594 ], [ 38.3980548, 58.9973253 ], [ 38.3981877, 58.9972589 ], [ 38.3983854, 58.997215 ], [ 38.3985982, 58.9972398 ], [ 38.3987848, 58.9972909 ], [ 38.3988917, 58.9973127 ], [ 38.3993631, 58.9973245 ], [ 38.3990012, 58.9975715 ], [ 38.3988903, 58.9976271 ], [ 38.3988575, 58.9976645 ], [ 38.3988393, 58.9977249 ], [ 38.3988394, 58.9977883 ], [ 38.3988675, 58.9978416 ], [ 38.3989662, 58.997893 ], [ 38.3991081, 58.997989 ], [ 38.3991476, 58.9981075 ], [ 38.3991477, 58.9981696 ], [ 38.3991649, 58.998176 ], [ 38.3993556, 58.9982114 ], [ 38.3995168, 58.9982667 ], [ 38.3996045, 58.9983495 ], [ 38.3996183, 58.9983783 ], [ 38.3998406, 58.9983732 ], [ 38.4000825, 58.9983576 ], [ 38.4003543, 58.9983285 ], [ 38.4009407, 58.9982466 ], [ 38.4010137, 58.9984316 ], [ 38.4010245, 58.9984404 ], [ 38.4010265, 58.9984413 ], [ 38.4010686, 58.998449 ], [ 38.4011443, 58.9984576 ], [ 38.4013326, 58.9984701 ], [ 38.4016293, 58.99847 ], [ 38.4018459, 58.9984656 ], [ 38.4019863, 58.9973786 ], [ 38.4029635, 58.9974179 ], [ 38.4030356, 58.9971043 ], [ 38.4032936, 58.9971143 ], [ 38.4032831, 58.996721 ], [ 38.4046137, 58.9966595 ], [ 38.4050536, 58.9967687 ], [ 38.4064058, 58.9970715 ], [ 38.4067475, 58.9969957 ], [ 38.4071333, 58.9965422 ], [ 38.4074094, 58.9964981 ], [ 38.4075963, 58.9962696 ], [ 38.4078513, 58.9959509 ], [ 38.4080416, 58.9958251 ], [ 38.4082321, 58.9957298 ], [ 38.4084446, 58.9957116 ], [ 38.4086164, 58.995741 ], [ 38.4089736, 58.9958612 ], [ 38.4092375, 58.9959804 ], [ 38.4092837, 58.9960797 ], [ 38.4092516, 58.9961536 ], [ 38.4092104, 58.9962186 ], [ 38.4089276, 58.9965129 ], [ 38.4082526, 58.9971775 ], [ 38.4085213, 58.9975106 ], [ 38.4112138, 58.9982068 ], [ 38.4114435, 58.9980236 ], [ 38.4117103, 58.9978468 ], [ 38.4120866, 58.9973306 ], [ 38.4124911, 58.9974804 ], [ 38.4127393, 58.9974273 ], [ 38.4132948, 58.9972775 ], [ 38.4134546, 58.9971856 ], [ 38.4136041, 58.997036 ], [ 38.4137251, 58.9968773 ], [ 38.4137987, 58.9967807 ], [ 38.4137975, 58.9967509 ], [ 38.4137759, 58.9967081 ], [ 38.4137116, 58.9966438 ], [ 38.4135909, 58.9965917 ], [ 38.4132622, 58.9964768 ], [ 38.4122268, 58.9961528 ], [ 38.4117122, 58.9959873 ], [ 38.4115881, 58.9959075 ], [ 38.411645, 58.9957776 ], [ 38.4118241, 58.9956983 ], [ 38.4120727, 58.9955259 ], [ 38.4122612, 58.99534 ], [ 38.4123905, 58.9951537 ], [ 38.4124564, 58.9949958 ], [ 38.4125137, 58.9948315 ], [ 38.4125161, 58.9947129 ], [ 38.4124633, 58.9945281 ], [ 38.4123988, 58.9943344 ], [ 38.4123718, 58.9942058 ], [ 38.4123718, 58.9940907 ], [ 38.4124223, 58.9939762 ], [ 38.4125342, 58.9938318 ], [ 38.412629, 58.9937126 ], [ 38.4127297, 58.9936363 ], [ 38.4129455, 58.9935117 ], [ 38.4131378, 58.9935118 ], [ 38.4132659, 58.9935308 ], [ 38.4135849, 58.9936267 ], [ 38.4136678, 58.9936416 ], [ 38.4137078, 58.9936473 ], [ 38.4139123, 58.9935315 ], [ 38.4142895, 58.9933334 ], [ 38.4146876, 58.9930441 ], [ 38.415093, 58.9926333 ], [ 38.4153285, 58.9923285 ], [ 38.4154474, 58.9922036 ], [ 38.415598, 58.9920765 ], [ 38.4157714, 58.9920085 ], [ 38.4158459, 58.9918097 ], [ 38.4162631, 58.991737 ], [ 38.4168149, 58.9916388 ], [ 38.4169976, 58.9915759 ], [ 38.4170268, 58.9915466 ], [ 38.4170351, 58.9915197 ], [ 38.416987, 58.9914046 ], [ 38.4167729, 58.9908214 ], [ 38.4167101, 58.9902274 ], [ 38.4168185, 58.9897328 ], [ 38.4170206, 58.9894953 ], [ 38.4174102, 58.9892816 ], [ 38.4178563, 58.9891466 ], [ 38.4183582, 58.9890814 ], [ 38.4189218, 58.9890755 ], [ 38.4193419, 58.9891023 ], [ 38.4198775, 58.9891737 ], [ 38.4203544, 58.9891894 ], [ 38.4208186, 58.989184 ], [ 38.4212032, 58.9891709 ], [ 38.4214871, 58.9891336 ], [ 38.422069, 58.9890102 ], [ 38.4226446, 58.9888615 ], [ 38.4234038, 58.9886752 ], [ 38.4239694, 58.9885324 ], [ 38.4242436, 58.9884525 ], [ 38.424419, 58.9883925 ], [ 38.4244824, 58.9883568 ], [ 38.4245143, 58.9883339 ], [ 38.4245301, 58.9877301 ], [ 38.4245089, 58.987532 ], [ 38.4244996, 58.9875053 ], [ 38.4244868, 58.9874955 ], [ 38.4244666, 58.9874846 ], [ 38.4244644, 58.9874848 ], [ 38.4241219, 58.9877711 ], [ 38.4238327, 58.9879142 ], [ 38.4235718, 58.9880078 ], [ 38.4233475, 58.9880377 ], [ 38.4231708, 58.9880415 ], [ 38.4230115, 58.9880259 ], [ 38.4227816, 58.9879757 ], [ 38.4226357, 58.987909 ], [ 38.4225067, 58.9878009 ], [ 38.4224224, 58.9876885 ], [ 38.4223864, 58.9876989 ], [ 38.4222086, 58.9877996 ], [ 38.4217196, 58.9880533 ], [ 38.4211151, 58.9882794 ], [ 38.4207476, 58.988368 ], [ 38.4201981, 58.9883293 ], [ 38.4197065, 58.9882607 ], [ 38.4194828, 58.9881922 ], [ 38.419306, 58.9881158 ], [ 38.4191384, 58.9881472 ], [ 38.4189004, 58.9881229 ], [ 38.4186583, 58.9880188 ], [ 38.4182907, 58.9878039 ], [ 38.4180191, 58.9875585 ], [ 38.4178432, 58.9874067 ], [ 38.417761, 58.9873044 ], [ 38.4177615, 58.987167 ], [ 38.4179188, 58.9870538 ], [ 38.41813, 58.986855 ], [ 38.4181273, 58.9866144 ], [ 38.4180965, 58.9864653 ], [ 38.4180025, 58.9863645 ], [ 38.4178568, 58.9862558 ], [ 38.4175989, 58.9860792 ], [ 38.4173608, 58.9856641 ], [ 38.4171452, 58.9853509 ], [ 38.4170667, 58.985266 ], [ 38.4166834, 58.9850891 ], [ 38.4164987, 58.984997 ], [ 38.4162835, 58.9849768 ], [ 38.4158706, 58.9849667 ], [ 38.4154344, 58.9849946 ], [ 38.415142, 58.9850057 ], [ 38.4147471, 58.9849808 ], [ 38.4144354, 58.9849114 ], [ 38.4141167, 58.9847682 ], [ 38.4137061, 58.9844614 ], [ 38.4134965, 58.9842749 ], [ 38.4133772, 58.9841188 ], [ 38.4133543, 58.9837881 ], [ 38.4132591, 58.9837098 ], [ 38.4128599, 58.9836117 ], [ 38.4122073, 58.9835101 ], [ 38.4119881, 58.9835307 ], [ 38.4117789, 58.9835974 ], [ 38.4114764, 58.983767 ], [ 38.4114579, 58.9839505 ], [ 38.4113319, 58.984154 ], [ 38.4111049, 58.9845065 ], [ 38.4109293, 58.9846597 ], [ 38.4105706, 58.9848486 ], [ 38.4101514, 58.9849201 ], [ 38.4098865, 58.9849169 ], [ 38.4095737, 58.9848581 ], [ 38.4093657, 58.9848579 ], [ 38.4091864, 58.9848677 ], [ 38.4086534, 58.9849511 ], [ 38.4077648, 58.985097 ], [ 38.4069805, 58.98528 ], [ 38.4067056, 58.9853465 ], [ 38.4059892, 58.9854133 ], [ 38.4055856, 58.9854717 ], [ 38.4048137, 58.9856219 ], [ 38.4044504, 58.9856956 ], [ 38.4041206, 58.9858755 ], [ 38.4038737, 58.9860288 ], [ 38.4036913, 58.986233 ], [ 38.4035087, 58.9867451 ], [ 38.4030303, 58.9871514 ], [ 38.4025235, 58.9874666 ], [ 38.4019704, 58.9877208 ], [ 38.4008085, 58.9883252 ], [ 38.4005192, 58.9885108 ], [ 38.3998308, 58.9889385 ], [ 38.3992985, 58.9891483 ], [ 38.3984927, 58.9894276 ], [ 38.3967844, 58.9898672 ], [ 38.3958913, 58.9901313 ], [ 38.3949667, 58.9904784 ], [ 38.3945383, 58.990726 ], [ 38.3942561, 58.9910513 ], [ 38.3941662, 58.9912459 ], [ 38.3940663, 58.9917181 ], [ 38.394103, 58.9919556 ], [ 38.3943155, 58.9922713 ], [ 38.3944824, 58.9925573 ], [ 38.3946442, 58.9927541 ], [ 38.3951871, 58.993408 ], [ 38.3952659, 58.9936303 ], [ 38.3954339, 58.9940243 ], [ 38.395433, 58.994234 ], [ 38.3955182, 58.9946018 ], [ 38.3954693, 58.9951831 ], [ 38.3953497, 58.9955123 ], [ 38.3951456, 58.9958215 ], [ 38.3950015, 58.99622 ], [ 38.3947144, 58.9967028 ], [ 38.3945744, 58.9971128 ], [ 38.3945803, 58.9973771 ], [ 38.3945602, 58.9974489 ] ] ] ] } },
{ "type": "Feature", "properties": { "NAME": "\"Старый парк\" в деревне Покровское", "NAME_EN": null, "NAME_RU": null, "LEISURE": "nature_reserve", "BOUNDARY": "protected_area", "OSM_TYPE": "way", "OSM_ID": 750674635 }, "geometry": { "type": "MultiPolygon", "coordinates": [ [ [ [ 39.9538965, 59.0349271 ], [ 39.9539131, 59.0351464 ], [ 39.9540682, 59.0351416 ], [ 39.9547482, 59.0350646 ], [ 39.9549973, 59.0350574 ], [ 39.9555037, 59.0350561 ], [ 39.9560072, 59.0349835 ], [ 39.9570753, 59.0348201 ], [ 39.9576206, 59.0345843 ], [ 39.9576216, 59.0336434 ], [ 39.9579883, 59.0336394 ], [ 39.9585193, 59.0336337 ], [ 39.9587271, 59.0333739 ], [ 39.9595069, 59.0332582 ], [ 39.9601941, 59.0332353 ], [ 39.960287, 59.0333083 ], [ 39.9609828, 59.0331083 ], [ 39.9605302, 59.0327267 ], [ 39.9601859, 59.0324688 ], [ 39.9598167, 59.0323594 ], [ 39.9595445, 59.0322294 ], [ 39.9594191, 59.0319358 ], [ 39.9592233, 59.0317736 ], [ 39.9588951, 59.0317034 ], [ 39.9585856, 59.0316885 ], [ 39.9581569, 59.0314739 ], [ 39.9577994, 59.0313406 ], [ 39.957561, 59.0313387 ], [ 39.9570163, 59.0312342 ], [ 39.9561079, 59.0311299 ], [ 39.955496, 59.0309851 ], [ 39.9543287, 59.030762 ], [ 39.9544014, 59.0319144 ], [ 39.9544132, 59.0321753 ], [ 39.9538877, 59.0329303 ], [ 39.9539434, 59.0335843 ], [ 39.9539288, 59.034512 ], [ 39.9538965, 59.0349271 ] ] ] ] } },
{ "type": "Feature", "properties": { "NAME": "Урочище \"Шарма\"", "NAME_EN": null, "NAME_RU": null, "LEISURE": "nature_reserve", "BOUNDARY": "protected_area", "OSM_TYPE": "way", "OSM_ID": 750674636 }, "geometry": { "type": "MultiPolygon", "coordinates": [ [ [ [ 38.4552998, 58.8706735 ], [ 38.4949008, 58.8796221 ], [ 38.4946832, 58.8677142 ], [ 38.4992467, 58.8676808 ], [ 38.4994123, 58.8530448 ], [ 38.4990175, 58.8530462 ], [ 38.4988608, 58.8531324 ], [ 38.4985815, 58.8532668 ], [ 38.4980133, 58.8533096 ], [ 38.4977097, 58.8533552 ], [ 38.4974155, 58.8535884 ], [ 38.4971706, 58.8536847 ], [ 38.4971068, 58.853809 ], [ 38.4970869, 58.8539891 ], [ 38.4969202, 58.8541058 ], [ 38.4965627, 58.8541665 ], [ 38.4964892, 58.8542248 ], [ 38.4965282, 58.8542883 ], [ 38.4966066, 58.8543746 ], [ 38.4966014, 58.8544938 ], [ 38.4966833, 58.8545936 ], [ 38.4967655, 58.8546761 ], [ 38.4967048, 58.854821 ], [ 38.4964684, 58.8548766 ], [ 38.4961651, 58.8548622 ], [ 38.4958894, 58.8547335 ], [ 38.495614, 58.8545691 ], [ 38.4952144, 58.8544439 ], [ 38.4947734, 58.8543473 ], [ 38.4942976, 58.8543542 ], [ 38.4939666, 58.8544398 ], [ 38.4937067, 58.854657 ], [ 38.4934808, 58.8550383 ], [ 38.4933424, 58.8551594 ], [ 38.4930912, 58.8551368 ], [ 38.4928401, 58.8550425 ], [ 38.4926669, 58.85502 ], [ 38.492355, 58.8550198 ], [ 38.4921126, 58.8549254 ], [ 38.4919313, 58.8547594 ], [ 38.4917842, 58.8546382 ], [ 38.491083, 58.854575 ], [ 38.4909099, 58.8544808 ], [ 38.490737, 58.8542967 ], [ 38.4905378, 58.8542697 ], [ 38.4902258, 58.8543279 ], [ 38.4900699, 58.8545342 ], [ 38.4901042, 58.8547362 ], [ 38.4902166, 58.8548573 ], [ 38.4901472, 58.8549201 ], [ 38.4898782, 58.8549268 ], [ 38.489511, 58.854969 ], [ 38.4893285, 58.8550991 ], [ 38.4884478, 58.8528858 ], [ 38.4710462, 58.8569708 ], [ 38.4665314, 58.8579935 ], [ 38.4555598, 58.8603344 ], [ 38.458899, 58.8606071 ], [ 38.4593969, 58.8634508 ], [ 38.4591161, 58.8634604 ], [ 38.459754, 58.8644754 ], [ 38.4565468, 58.8648677 ], [ 38.4584543, 58.8687715 ], [ 38.455705, 58.8703794 ], [ 38.4552998, 58.8706735 ] ] ] ] } },
{ "type": "Feature", "properties": { "NAME": "Зеленая Роща", "NAME_EN": null, "NAME_RU": null, "LEISURE": "nature_reserve", "BOUNDARY": "protected_area", "OSM_TYPE": "way", "OSM_ID": 750674637 }, "geometry": { "type": "MultiPolygon", "coordinates": [ [ [ [ 37.764419, 59.0810374 ], [ 37.7654264, 59.0810594 ], [ 37.7658343, 59.0810432 ], [ 37.7665413, 59.080856 ], [ 37.7669979, 59.0808788 ], [ 37.767623, 59.0812895 ], [ 37.7680942, 59.0814388 ], [ 37.7681121, 59.0816552 ], [ 37.7679025, 59.0818464 ], [ 37.7678725, 59.0820662 ], [ 37.7680412, 59.082317 ], [ 37.7683173, 59.0824941 ], [ 37.768539, 59.0827401 ], [ 37.7690391, 59.0830228 ], [ 37.7698984, 59.0832363 ], [ 37.7705874, 59.083396 ], [ 37.7713215, 59.083458 ], [ 37.7721669, 59.0834211 ], [ 37.7727888, 59.0834172 ], [ 37.7737513, 59.0835291 ], [ 37.7746676, 59.0835649 ], [ 37.7752197, 59.0836018 ], [ 37.7759799, 59.08382 ], [ 37.7766767, 59.0840458 ], [ 37.7772971, 59.0840687 ], [ 37.7779508, 59.0840866 ], [ 37.778214, 59.0842253 ], [ 37.7786165, 59.0845242 ], [ 37.7794229, 59.0848661 ], [ 37.7807707, 59.0851761 ], [ 37.7818765, 59.0852726 ], [ 37.7829599, 59.0855811 ], [ 37.7835838, 59.0857695 ], [ 37.7841097, 59.0860288 ], [ 37.7848378, 59.0864661 ], [ 37.7850757, 59.0866467 ], [ 37.7851075, 59.086874 ], [ 37.7848898, 59.0869143 ], [ 37.7845988, 59.0868617 ], [ 37.7839837, 59.0866559 ], [ 37.7836663, 59.0866878 ], [ 37.7835392, 59.0867921 ], [ 37.7836436, 59.0870256 ], [ 37.7840802, 59.0873538 ], [ 37.7847499, 59.0876859 ], [ 37.7855706, 59.0880249 ], [ 37.7861378, 59.0884223 ], [ 37.7867011, 59.0887189 ], [ 37.7871708, 59.088882 ], [ 37.7879007, 59.0890205 ], [ 37.7885201, 59.0890563 ], [ 37.7890326, 59.0890419 ], [ 37.7892267, 59.0891375 ], [ 37.7893302, 59.0893069 ], [ 37.7894296, 59.0895554 ], [ 37.7898267, 59.0898272 ], [ 37.7902591, 59.0899307 ], [ 37.7905859, 59.0900258 ], [ 37.7908441, 59.0902382 ], [ 37.7910938, 59.0902976 ], [ 37.7912815, 59.0902362 ], [ 37.7912872, 59.0899785 ], [ 37.791217, 59.0897122 ], [ 37.7913126, 59.0896231 ], [ 37.7915585, 59.089614 ], [ 37.7918303, 59.0897308 ], [ 37.7919389, 59.0899329 ], [ 37.7920226, 59.090097 ], [ 37.7922342, 59.090204 ], [ 37.7927346, 59.0902931 ], [ 37.7932998, 59.0903203 ], [ 37.7935314, 59.0905053 ], [ 37.7934096, 59.0911318 ], [ 37.7935493, 59.0914341 ], [ 37.7940282, 59.091704 ], [ 37.7957822, 59.0924282 ], [ 37.7973357, 59.0929342 ], [ 37.7985353, 59.0934599 ], [ 37.7997029, 59.0941092 ], [ 37.800467, 59.0944188 ], [ 37.801853, 59.0949011 ], [ 37.8037349, 59.0952994 ], [ 37.8055442, 59.0954405 ], [ 37.8063086, 59.0956019 ], [ 37.8077929, 59.0960188 ], [ 37.8104923, 59.0967333 ], [ 37.812679, 59.0972895 ], [ 37.8138102, 59.0973392 ], [ 37.814929, 59.0974994 ], [ 37.815825, 59.0977194 ], [ 37.8163193, 59.0976662 ], [ 37.8166726, 59.0975698 ], [ 37.8168853, 59.0975709 ], [ 37.8171879, 59.0976099 ], [ 37.8174616, 59.0975554 ], [ 37.8175798, 59.0975115 ], [ 37.8179491, 59.0975071 ], [ 37.8182422, 59.0975088 ], [ 37.8184841, 59.0974324 ], [ 37.8189563, 59.097092 ], [ 37.8191722, 59.0971175 ], [ 37.8192516, 59.0972647 ], [ 37.8193038, 59.0975474 ], [ 37.8196868, 59.0976641 ], [ 37.8204602, 59.0977363 ], [ 37.8212502, 59.0976409 ], [ 37.8216217, 59.0972863 ], [ 37.8217115, 59.0968418 ], [ 37.8216449, 59.0962474 ], [ 37.8218257, 59.0961085 ], [ 37.8221509, 59.096101 ], [ 37.8224606, 59.0962584 ], [ 37.8227028, 59.0966788 ], [ 37.822778, 59.0981283 ], [ 37.8230712, 59.0984696 ], [ 37.8236228, 59.0987157 ], [ 37.8248209, 59.0990773 ], [ 37.8260717, 59.0993663 ], [ 37.8271962, 59.099697 ], [ 37.8279535, 59.1001901 ], [ 37.8294009, 59.1006193 ], [ 37.8309885, 59.1012029 ], [ 37.8321049, 59.1015148 ], [ 37.8328528, 59.1016244 ], [ 37.8334606, 59.1016493 ], [ 37.8346348, 59.1020985 ], [ 37.8356533, 59.1026429 ], [ 37.8365775, 59.1032139 ], [ 37.8372506, 59.1034827 ], [ 37.838225, 59.1037931 ], [ 37.8390057, 59.1037355 ], [ 37.8400748, 59.1039721 ], [ 37.8410131, 59.1043665 ], [ 37.841394, 59.1047686 ], [ 37.8414538, 59.1049314 ], [ 37.8418339, 59.1049815 ], [ 37.8429975, 59.1049497 ], [ 37.8430888, 59.104862 ], [ 37.842635, 59.1043724 ], [ 37.8426523, 59.1043048 ], [ 37.84274, 59.104291 ], [ 37.8433719, 59.1045147 ], [ 37.8438221, 59.1045695 ], [ 37.8438807, 59.1047229 ], [ 37.8439699, 59.1048243 ], [ 37.8444306, 59.1050016 ], [ 37.8444803, 59.1051 ], [ 37.8441811, 59.1051104 ], [ 37.8438924, 59.1051125 ], [ 37.8438326, 59.1052258 ], [ 37.8441418, 59.1054106 ], [ 37.8446997, 59.1055916 ], [ 37.8458054, 59.1057502 ], [ 37.8464244, 59.1057693 ], [ 37.8468433, 59.1056398 ], [ 37.8469444, 59.1057232 ], [ 37.8468991, 59.1059645 ], [ 37.8469544, 59.1062075 ], [ 37.8472047, 59.1065785 ], [ 37.8479084, 59.1070006 ], [ 37.8486378, 59.1072816 ], [ 37.8499917, 59.1076379 ], [ 37.8515706, 59.1079815 ], [ 37.8526679, 59.1081972 ], [ 37.8530225, 59.1076318 ], [ 37.8535209, 59.1072497 ], [ 37.8546485, 59.1067717 ], [ 37.8550242, 59.1068854 ], [ 37.8552791, 59.107408 ], [ 37.8551626, 59.1075424 ], [ 37.8553632, 59.1076266 ], [ 37.8552697, 59.107756 ], [ 37.8546652, 59.1076696 ], [ 37.8546425, 59.1077994 ], [ 37.8548232, 59.1078576 ], [ 37.8547485, 59.1080546 ], [ 37.8554353, 59.1080738 ], [ 37.855827, 59.1081954 ], [ 37.8558332, 59.1083877 ], [ 37.8562545, 59.1085302 ], [ 37.8569351, 59.1088904 ], [ 37.8572195, 59.1088794 ], [ 37.8576918, 59.1089024 ], [ 37.8589519, 59.1090814 ], [ 37.8607344, 59.1091435 ], [ 37.8624199, 59.1090762 ], [ 37.8637195, 59.109061 ], [ 37.8645976, 59.1090318 ], [ 37.865704, 59.1091634 ], [ 37.8674246, 59.1092574 ], [ 37.8680983, 59.1091881 ], [ 37.8688776, 59.10921 ], [ 37.8696186, 59.109294 ], [ 37.8704623, 59.109224 ], [ 37.8724628, 59.1092664 ], [ 37.8741827, 59.1093259 ], [ 37.874226, 59.1088461 ], [ 37.8721046, 59.1089116 ], [ 37.8719326, 59.1083527 ], [ 37.8717882, 59.107546 ], [ 37.8735627, 59.1074907 ], [ 37.8744058, 59.107515 ], [ 37.8751334, 59.1074546 ], [ 37.8754522, 59.1075284 ], [ 37.8754879, 59.1076934 ], [ 37.8756584, 59.1077746 ], [ 37.8757845, 59.1076988 ], [ 37.8764791, 59.1077385 ], [ 37.8770697, 59.1080247 ], [ 37.8790563, 59.107983 ], [ 37.8790256, 59.1077204 ], [ 37.8790979, 59.1074606 ], [ 37.8800226, 59.1069614 ], [ 37.8826137, 59.1081279 ], [ 37.8828689, 59.1081545 ], [ 37.8834955, 59.108529 ], [ 37.8850505, 59.1084292 ], [ 37.8876142, 59.1081511 ], [ 37.8872578, 59.1076207 ], [ 37.8871939, 59.1074857 ], [ 37.88724, 59.1073113 ], [ 37.8886396, 59.1052751 ], [ 37.8896073, 59.1039165 ], [ 37.8903914, 59.1028521 ], [ 37.8907215, 59.1022575 ], [ 37.8919751, 59.099712 ], [ 37.8919132, 59.097726 ], [ 37.891902, 59.0973892 ], [ 37.8919755, 59.097289 ], [ 37.8920738, 59.0966127 ], [ 37.8922275, 59.0962749 ], [ 37.8925056, 59.095375 ], [ 37.8929541, 59.0931046 ], [ 37.8936148, 59.0905571 ], [ 37.8758681, 59.0872395 ], [ 37.8751488, 59.0872525 ], [ 37.8744734, 59.0873956 ], [ 37.8740191, 59.0876198 ], [ 37.8754761, 59.0883962 ], [ 37.8708579, 59.0908968 ], [ 37.8642896, 59.0877768 ], [ 37.8717799, 59.083746 ], [ 37.8764829, 59.0860432 ], [ 37.8744064, 59.0871675 ], [ 37.8750554, 59.0870295 ], [ 37.8759376, 59.0870138 ], [ 37.8935601, 59.0903082 ], [ 37.8935655, 59.0894257 ], [ 37.893841, 59.0886082 ], [ 37.8942837, 59.087567 ], [ 37.8946365, 59.0865748 ], [ 37.8954025, 59.0864364 ], [ 37.8957763, 59.0852814 ], [ 37.8954262, 59.0841295 ], [ 37.895443, 59.0831639 ], [ 37.8960416, 59.0818086 ], [ 37.8968855, 59.0797355 ], [ 37.8977295, 59.0778653 ], [ 37.9001407, 59.0751403 ], [ 37.9033355, 59.071212 ], [ 37.9051779, 59.0688348 ], [ 37.9121811, 59.0644283 ], [ 37.9118459, 59.0643054 ], [ 37.9147385, 59.0626255 ], [ 37.9157966, 59.0598398 ], [ 37.916598, 59.0575121 ], [ 37.9164919, 59.056815 ], [ 37.9175463, 59.0542929 ], [ 37.9253773, 59.0510048 ], [ 37.9260541, 59.0485095 ], [ 37.9240734, 59.0456024 ], [ 37.9224964, 59.0441555 ], [ 37.9213562, 59.0435168 ], [ 37.9210286, 59.0431476 ], [ 37.9209792, 59.0425416 ], [ 37.9211639, 59.0417712 ], [ 37.9214667, 59.0411254 ], [ 37.921525, 59.0408953 ], [ 37.9208068, 59.0406154 ], [ 37.920264, 59.0409505 ], [ 37.9200381, 59.040244 ], [ 37.9124893, 59.0371199 ], [ 37.9110776, 59.0357936 ], [ 37.903773, 59.0375664 ], [ 37.8957873, 59.0394234 ], [ 37.895915, 59.0396854 ], [ 37.8969345, 59.0426347 ], [ 37.8961256, 59.042743 ], [ 37.8929692, 59.0431656 ], [ 37.8921751, 59.0433238 ], [ 37.8919042, 59.0434686 ], [ 37.8917696, 59.0431797 ], [ 37.891482, 59.0428167 ], [ 37.8908968, 59.0430471 ], [ 37.8907182, 59.0431273 ], [ 37.8904013, 59.0432397 ], [ 37.8902392, 59.0432972 ], [ 37.8901962, 59.0433124 ], [ 37.8897928, 59.0434538 ], [ 37.8887533, 59.0439893 ], [ 37.8882359, 59.0441789 ], [ 37.8877251, 59.044333 ], [ 37.8873386, 59.0444428 ], [ 37.8872069, 59.0444809 ], [ 37.8868495, 59.044582 ], [ 37.8868298, 59.0445683 ], [ 37.8868226, 59.0445674 ], [ 37.8867521, 59.0445933 ], [ 37.8864987, 59.0446732 ], [ 37.8863931, 59.0447088 ], [ 37.8860709, 59.0444473 ], [ 37.8854418, 59.0442086 ], [ 37.8853373, 59.0441319 ], [ 37.8848711, 59.0437964 ], [ 37.8842245, 59.0435599 ], [ 37.883309, 59.0435975 ], [ 37.8823753, 59.0429435 ], [ 37.8822667, 59.0428695 ], [ 37.8815237, 59.0432789 ], [ 37.8809811, 59.0435396 ], [ 37.8809323, 59.0435671 ], [ 37.8804767, 59.0438176 ], [ 37.880426, 59.0438451 ], [ 37.8803568, 59.0439787 ], [ 37.8799609, 59.0441892 ], [ 37.8795635, 59.0443064 ], [ 37.8791127, 59.0446087 ], [ 37.8790341, 59.044869 ], [ 37.8785702, 59.0452313 ], [ 37.8785107, 59.0454674 ], [ 37.8786735, 59.0455613 ], [ 37.8791617, 59.0455504 ], [ 37.8796861, 59.0453578 ], [ 37.8800469, 59.045328 ], [ 37.8805105, 59.0454271 ], [ 37.8811309, 59.0453913 ], [ 37.8815604, 59.0454433 ], [ 37.8821465, 59.0454262 ], [ 37.8824536, 59.0455096 ], [ 37.8828751, 59.0454906 ], [ 37.8831494, 59.0455476 ], [ 37.8831399, 59.0459559 ], [ 37.8834318, 59.0460901 ], [ 37.8839274, 59.0462721 ], [ 37.8844066, 59.0464218 ], [ 37.8847044, 59.0466183 ], [ 37.8852637, 59.0470861 ], [ 37.8854523, 59.0472993 ], [ 37.885764, 59.0474429 ], [ 37.8860313, 59.0475781 ], [ 37.8862174, 59.047866 ], [ 37.8865241, 59.0481089 ], [ 37.8866602, 59.0484051 ], [ 37.8869717, 59.0485685 ], [ 37.8870898, 59.0486991 ], [ 37.8870833, 59.0488372 ], [ 37.886965, 59.0489268 ], [ 37.8870341, 59.049135 ], [ 37.8872426, 59.0493226 ], [ 37.8873153, 59.0494482 ], [ 37.8873704, 59.0495691 ], [ 37.8875785, 59.0496489 ], [ 37.8881935, 59.0496643 ], [ 37.889139, 59.0498956 ], [ 37.889465, 59.0499588 ], [ 37.8897029, 59.0500361 ], [ 37.8896803, 59.0501103 ], [ 37.889477, 59.0500784 ], [ 37.8890873, 59.0500221 ], [ 37.8885608, 59.0499542 ], [ 37.8879463, 59.0499294 ], [ 37.8875951, 59.0499969 ], [ 37.8875078, 59.050161 ], [ 37.8876502, 59.0503392 ], [ 37.8878912, 59.0505782 ], [ 37.8879684, 59.0507906 ], [ 37.8878322, 59.0510085 ], [ 37.8875475, 59.0511881 ], [ 37.887466, 59.051409 ], [ 37.8873744, 59.0515905 ], [ 37.8870131, 59.051764 ], [ 37.8867637, 59.0520117 ], [ 37.8866988, 59.0521927 ], [ 37.8863158, 59.0523472 ], [ 37.8861554, 59.052372 ], [ 37.8859204, 59.0522571 ], [ 37.8859192, 59.0520153 ], [ 37.885848, 59.0518666 ], [ 37.8859867, 59.0517104 ], [ 37.8863961, 59.0514646 ], [ 37.8865727, 59.0510525 ], [ 37.8867042, 59.05092 ], [ 37.8866932, 59.0507585 ], [ 37.8865937, 59.0504966 ], [ 37.886268, 59.0501188 ], [ 37.8862138, 59.0499847 ], [ 37.8862196, 59.0497398 ], [ 37.8862892, 59.0494473 ], [ 37.8861993, 59.0493442 ], [ 37.8860707, 59.0492528 ], [ 37.886122, 59.0489789 ], [ 37.8858325, 59.0488065 ], [ 37.8856361, 59.0486246 ], [ 37.8852708, 59.047938 ], [ 37.8847744, 59.0476813 ], [ 37.884596, 59.0476625 ], [ 37.8842233, 59.0475204 ], [ 37.8836273, 59.0471661 ], [ 37.8832883, 59.0470479 ], [ 37.8827789, 59.0468754 ], [ 37.8821281, 59.0465547 ], [ 37.8818897, 59.046483 ], [ 37.8811773, 59.0464323 ], [ 37.8804898, 59.0462701 ], [ 37.8800775, 59.0463356 ], [ 37.8795153, 59.0464885 ], [ 37.8790864, 59.0465304 ], [ 37.8792355, 59.0471204 ], [ 37.8791677, 59.0473119 ], [ 37.8793567, 59.0476251 ], [ 37.8794937, 59.0479004 ], [ 37.8797953, 59.0485433 ], [ 37.8800099, 59.0488952 ], [ 37.8804277, 59.0497462 ], [ 37.8769675, 59.051628 ], [ 37.8713175, 59.0545863 ], [ 37.8658142, 59.057742 ], [ 37.8675944, 59.0590309 ], [ 37.8678229, 59.0593123 ], [ 37.8678438, 59.0596062 ], [ 37.8671484, 59.060235 ], [ 37.866838, 59.0604638 ], [ 37.8667246, 59.0604943 ], [ 37.8663064, 59.0605053 ], [ 37.865998, 59.0605101 ], [ 37.8658694, 59.0605265 ], [ 37.864718, 59.0607087 ], [ 37.8599449, 59.0624713 ], [ 37.8579089, 59.0626469 ], [ 37.8577333, 59.0626895 ], [ 37.8576933, 59.0626483 ], [ 37.8566015, 59.0627241 ], [ 37.8542389, 59.0631198 ], [ 37.8528635, 59.0630434 ], [ 37.8525204, 59.0630809 ], [ 37.8525429, 59.0631076 ], [ 37.8524324, 59.0631153 ], [ 37.8522779, 59.0631258 ], [ 37.8522223, 59.0630482 ], [ 37.8504958, 59.0629523 ], [ 37.8487623, 59.0630792 ], [ 37.8466116, 59.0634302 ], [ 37.8449498, 59.0638031 ], [ 37.8441342, 59.0636779 ], [ 37.8438018, 59.0632331 ], [ 37.8435472, 59.0629659 ], [ 37.8435366, 59.0628748 ], [ 37.8433936, 59.0627521 ], [ 37.8431722, 59.062562 ], [ 37.8424317, 59.0621748 ], [ 37.8402282, 59.0616393 ], [ 37.8385519, 59.0615123 ], [ 37.8362012, 59.0620852 ], [ 37.8346706, 59.0621849 ], [ 37.8335275, 59.0626835 ], [ 37.8328308, 59.0627849 ], [ 37.8310179, 59.063462 ], [ 37.8194897, 59.0584252 ], [ 37.8215423, 59.0577102 ], [ 37.8219944, 59.0572826 ], [ 37.822285, 59.0564325 ], [ 37.8229781, 59.0561338 ], [ 37.8221839, 59.0560924 ], [ 37.8208295, 59.055869 ], [ 37.8185983, 59.0555356 ], [ 37.8176939, 59.0554604 ], [ 37.8163921, 59.0554918 ], [ 37.8154494, 59.0556163 ], [ 37.8142321, 59.0561709 ], [ 37.8138952, 59.0563569 ], [ 37.8137624, 59.0566163 ], [ 37.8139635, 59.0567647 ], [ 37.814513, 59.0567654 ], [ 37.8147358, 59.0568092 ], [ 37.8148592, 59.0569923 ], [ 37.8145763, 59.0575126 ], [ 37.8143075, 59.0581337 ], [ 37.8142449, 59.0586271 ], [ 37.814239, 59.0594388 ], [ 37.8143392, 59.0598979 ], [ 37.8136147, 59.0612295 ], [ 37.8132347, 59.0618142 ], [ 37.8133448, 59.0623338 ], [ 37.8139033, 59.0632814 ], [ 37.813858, 59.0634602 ], [ 37.8135635, 59.0635225 ], [ 37.8133971, 59.0636342 ], [ 37.8135272, 59.0640699 ], [ 37.8136387, 59.0644321 ], [ 37.8137299, 59.065644 ], [ 37.8136042, 59.0661644 ], [ 37.813372, 59.0665449 ], [ 37.8131984, 59.0670668 ], [ 37.8131798, 59.067439 ], [ 37.8129466, 59.0674674 ], [ 37.812808, 59.06732 ], [ 37.8126446, 59.0669812 ], [ 37.8127142, 59.0662865 ], [ 37.8130528, 59.0657418 ], [ 37.8126752, 59.064929 ], [ 37.8117969, 59.0635363 ], [ 37.8111375, 59.0632154 ], [ 37.8102687, 59.0630897 ], [ 37.8095729, 59.0629489 ], [ 37.8091671, 59.0626304 ], [ 37.808611, 59.0614601 ], [ 37.8080576, 59.0604414 ], [ 37.8076049, 59.0597172 ], [ 37.8068324, 59.0594591 ], [ 37.8060414, 59.0594893 ], [ 37.805255, 59.0597052 ], [ 37.8044339, 59.0598806 ], [ 37.8035038, 59.059747 ], [ 37.8025877, 59.0597935 ], [ 37.8015606, 59.0599743 ], [ 37.8009318, 59.0603911 ], [ 37.8006995, 59.0610438 ], [ 37.800477, 59.0613815 ], [ 37.799942, 59.0618249 ], [ 37.7986488, 59.0623683 ], [ 37.7984068, 59.0625388 ], [ 37.7982987, 59.0627551 ], [ 37.7981418, 59.0633966 ], [ 37.797949, 59.0637289 ], [ 37.7969335, 59.0643652 ], [ 37.7951165, 59.0647865 ], [ 37.7941765, 59.0648542 ], [ 37.7937728, 59.0647574 ], [ 37.7935213, 59.0645544 ], [ 37.7930981, 59.064465 ], [ 37.7926198, 59.0644747 ], [ 37.7922249, 59.0646415 ], [ 37.7921978, 59.064852 ], [ 37.7919633, 59.0650165 ], [ 37.7916052, 59.0651332 ], [ 37.7912922, 59.0651585 ], [ 37.790742, 59.0650585 ], [ 37.7902331, 59.0651398 ], [ 37.7898057, 59.0653091 ], [ 37.789342, 59.0653507 ], [ 37.7887225, 59.0653719 ], [ 37.788254, 59.0655537 ], [ 37.7879966, 59.0658257 ], [ 37.7879717, 59.0660133 ], [ 37.7880529, 59.0663095 ], [ 37.7879239, 59.0664191 ], [ 37.7875844, 59.0663107 ], [ 37.7871869, 59.0662 ], [ 37.7867128, 59.0661445 ], [ 37.7859301, 59.0661399 ], [ 37.7848907, 59.0662471 ], [ 37.7845867, 59.0661809 ], [ 37.7842125, 59.0659428 ], [ 37.7838659, 59.0659123 ], [ 37.7835545, 59.0659612 ], [ 37.7832588, 59.0660292 ], [ 37.7828849, 59.0660188 ], [ 37.7825554, 59.0660284 ], [ 37.7823344, 59.0661198 ], [ 37.7818376, 59.0663032 ], [ 37.7812896, 59.066414 ], [ 37.780607, 59.0664304 ], [ 37.7798885, 59.0663407 ], [ 37.7795571, 59.0663908 ], [ 37.779456, 59.0665782 ], [ 37.7794697, 59.0669728 ], [ 37.7793915, 59.067098 ], [ 37.7791827, 59.0671219 ], [ 37.7783873, 59.0669008 ], [ 37.7780986, 59.0668626 ], [ 37.7779586, 59.0669298 ], [ 37.7779598, 59.0670736 ], [ 37.7777737, 59.0671387 ], [ 37.7774783, 59.0671323 ], [ 37.777385, 59.0671599 ], [ 37.777343, 59.0673339 ], [ 37.7771998, 59.0673952 ], [ 37.7769452, 59.067444 ], [ 37.7767198, 59.0673965 ], [ 37.776574, 59.0672952 ], [ 37.776511, 59.0671828 ], [ 37.7764746, 59.0670216 ], [ 37.7763649, 59.0668812 ], [ 37.7762498, 59.0667771 ], [ 37.7760051, 59.0667275 ], [ 37.775444, 59.066862 ], [ 37.7751258, 59.0668577 ], [ 37.774775, 59.0667723 ], [ 37.7744273, 59.0667626 ], [ 37.7742053, 59.066832 ], [ 37.7737106, 59.0667917 ], [ 37.773297, 59.0667657 ], [ 37.7728276, 59.0668101 ], [ 37.7726173, 59.0669257 ], [ 37.7720471, 59.0671077 ], [ 37.7717568, 59.0671428 ], [ 37.7713332, 59.0674312 ], [ 37.7710429, 59.0675825 ], [ 37.7703344, 59.0676047 ], [ 37.7702053, 59.0675219 ], [ 37.7703059, 59.0672775 ], [ 37.7704357, 59.0671508 ], [ 37.7712253, 59.0668416 ], [ 37.771577, 59.0663968 ], [ 37.7719543, 59.0662175 ], [ 37.7727313, 59.0660488 ], [ 37.7734182, 59.0656365 ], [ 37.7740063, 59.0653237 ], [ 37.7747639, 59.065114 ], [ 37.7757356, 59.0645949 ], [ 37.7766428, 59.0643016 ], [ 37.7778514, 59.0640183 ], [ 37.778383, 59.0639229 ], [ 37.7785442, 59.0638002 ], [ 37.778413, 59.0637178 ], [ 37.7780711, 59.0636973 ], [ 37.7775218, 59.0638006 ], [ 37.7763516, 59.064011 ], [ 37.774758, 59.0643635 ], [ 37.7742082, 59.0646044 ], [ 37.7735059, 59.0647351 ], [ 37.7730133, 59.0649961 ], [ 37.772612, 59.0652312 ], [ 37.7723923, 59.0652659 ], [ 37.7722513, 59.0652039 ], [ 37.7722091, 59.0651123 ], [ 37.7718489, 59.065114 ], [ 37.7714481, 59.0652443 ], [ 37.7709613, 59.0655116 ], [ 37.7704703, 59.0655784 ], [ 37.7696116, 59.0659363 ], [ 37.7686654, 59.0662883 ], [ 37.7680762, 59.0665521 ], [ 37.7679606, 59.0667686 ], [ 37.7688458, 59.0669616 ], [ 37.768397, 59.067674 ], [ 37.7676156, 59.0675787 ], [ 37.7673072, 59.0679958 ], [ 37.7672915, 59.068546 ], [ 37.7667818, 59.0691917 ], [ 37.7667784, 59.0699685 ], [ 37.7670205, 59.0703725 ], [ 37.7672312, 59.070683 ], [ 37.767143, 59.0709573 ], [ 37.7667758, 59.0711461 ], [ 37.7660023, 59.0714335 ], [ 37.7654212, 59.0717854 ], [ 37.7644536, 59.0727562 ], [ 37.7634114, 59.0737114 ], [ 37.7629031, 59.0743355 ], [ 37.762363, 59.0749849 ], [ 37.7622951, 59.0752162 ], [ 37.7622181, 59.0754026 ], [ 37.7623886, 59.0763736 ], [ 37.7625537, 59.0766459 ], [ 37.7629333, 59.0769532 ], [ 37.7634918, 59.0770404 ], [ 37.7641288, 59.0773975 ], [ 37.7644018, 59.0777598 ], [ 37.7646121, 59.0779627 ], [ 37.7643641, 59.0783564 ], [ 37.7641121, 59.0787472 ], [ 37.7636977, 59.0789563 ], [ 37.7635771, 59.0790813 ], [ 37.7636739, 59.0792322 ], [ 37.7648778, 59.0795725 ], [ 37.7654262, 59.0798668 ], [ 37.7653958, 59.0799942 ], [ 37.7650289, 59.0800686 ], [ 37.764517, 59.0801283 ], [ 37.7646344, 59.0803954 ], [ 37.7642959, 59.0805489 ], [ 37.764232, 59.0808348 ], [ 37.764419, 59.0810374 ] ] ] ] } },
{ "type": "Feature", "properties": { "NAME": "Клавдинский", "NAME_EN": null, "NAME_RU": null, "LEISURE": "nature_reserve", "BOUNDARY": "protected_area", "OSM_TYPE": "way", "OSM_ID": 750674638 }, "geometry": { "type": "MultiPolygon", "coordinates": [ [ [ [ 36.0110673, 59.1940237 ], [ 36.0146717, 59.1953552 ], [ 36.0149905, 59.1960138 ], [ 36.0194501, 59.1977825 ], [ 36.0275254, 59.1986545 ], [ 36.0291343, 59.1987812 ], [ 36.0339706, 59.1992465 ], [ 36.0360637, 59.1998467 ], [ 36.0403403, 59.1989921 ], [ 36.0436692, 59.1941141 ], [ 36.0488612, 59.1950182 ], [ 36.054796, 59.1952291 ], [ 36.0577985, 59.1950277 ], [ 36.0614075, 59.1928638 ], [ 36.0631878, 59.1927245 ], [ 36.0634199, 59.1926713 ], [ 36.0636586, 59.1926453 ], [ 36.0641227, 59.1926423 ], [ 36.0664858, 59.1924441 ], [ 36.0700861, 59.1920044 ], [ 36.074115, 59.1913631 ], [ 36.0747417, 59.1912021 ], [ 36.0791277, 59.1903756 ], [ 36.0777898, 59.1868784 ], [ 36.0729999, 59.1864294 ], [ 36.0715761, 59.1862837 ], [ 36.0683292, 59.1859512 ], [ 36.056449, 59.1839623 ], [ 36.0468468, 59.1828639 ], [ 36.0449476, 59.1815498 ], [ 36.0430697, 59.1806986 ], [ 36.0417721, 59.1792094 ], [ 36.040499, 59.1786505 ], [ 36.0400594, 59.1784743 ], [ 36.0388043, 59.1781133 ], [ 36.036491, 59.1773419 ], [ 36.035068, 59.1768018 ], [ 36.0331621, 59.1759768 ], [ 36.032619, 59.1758536 ], [ 36.0323799, 59.1762267 ], [ 36.0283144, 59.1764016 ], [ 36.0276251, 59.1759369 ], [ 36.0235358, 59.1749725 ], [ 36.0240019, 59.1745603 ], [ 36.026483, 59.1749309 ], [ 36.0271464, 59.1744526 ], [ 36.024236, 59.1722695 ], [ 36.0188754, 59.1705341 ], [ 36.0143573, 59.1666711 ], [ 36.0063368, 59.1665628 ], [ 36.0078822, 59.1762996 ], [ 36.0110673, 59.1940237 ] ] ] ] } },
{ "type": "Feature", "properties": { "NAME": "Урочище \"Чайкино озеро\"", "NAME_EN": null, "NAME_RU": null, "LEISURE": "nature_reserve", "BOUNDARY": "protected_area", "OSM_TYPE": "way", "OSM_ID": 750674639 }, "geometry": { "type": "MultiPolygon", "coordinates": [ [ [ [ 35.965548, 59.0644336 ], [ 35.9710287, 59.0642869 ], [ 35.9755225, 59.0641705 ], [ 35.985233, 59.0637668 ], [ 35.9851563, 59.062443 ], [ 35.9845874, 59.0612054 ], [ 35.9831313, 59.0593914 ], [ 35.9819393, 59.0582324 ], [ 35.9807538, 59.0574917 ], [ 35.978272, 59.0567494 ], [ 35.9760117, 59.0564741 ], [ 35.972773, 59.0563607 ], [ 35.9706301, 59.0563308 ], [ 35.9695984, 59.0565173 ], [ 35.9678457, 59.0569347 ], [ 35.9668492, 59.0574904 ], [ 35.9659943, 59.0585969 ], [ 35.9654466, 59.059431 ], [ 35.9652387, 59.060316 ], [ 35.965224, 59.0611491 ], [ 35.9649948, 59.061628 ], [ 35.9634499, 59.0624748 ], [ 35.9629593, 59.0624079 ], [ 35.9631192, 59.0637926 ], [ 35.965423, 59.0640148 ], [ 35.965548, 59.0644336 ] ] ] ] } },
{ "type": "Feature", "properties": { "NAME": "\"Дендропарк\" в г. Устюжне", "NAME_EN": null, "NAME_RU": null, "LEISURE": "nature_reserve", "BOUNDARY": "protected_area", "OSM_TYPE": "way", "OSM_ID": 750674640 }, "geometry": { "type": "MultiPolygon", "coordinates": [ [ [ [ 36.4307143, 58.8368395 ], [ 36.4322719, 58.8368057 ], [ 36.4322606, 58.8365884 ], [ 36.4325905, 58.8365822 ], [ 36.4325709, 58.8363353 ], [ 36.4325475, 58.8359242 ], [ 36.4334347, 58.8359034 ], [ 36.4334348, 58.8353232 ], [ 36.434558, 58.8353262 ], [ 36.4351025, 58.8340169 ], [ 36.4351322, 58.8339456 ], [ 36.4349134, 58.83392 ], [ 36.4342604, 58.8338594 ], [ 36.4337635, 58.8338147 ], [ 36.4330352, 58.8338153 ], [ 36.4326721, 58.8338182 ], [ 36.4322865, 58.8338304 ], [ 36.4322629, 58.8342151 ], [ 36.431833, 58.8341961 ], [ 36.431514, 58.8342603 ], [ 36.4313732, 58.834373 ], [ 36.4311768, 58.8346448 ], [ 36.4307554, 58.8351049 ], [ 36.430056, 58.8358334 ], [ 36.4298798, 58.8363811 ], [ 36.4307018, 58.8363611 ], [ 36.4307143, 58.8368395 ] ] ] ] } },
{ "type": "Feature", "properties": { "NAME": "\"Старый парк\" в деревне Большое Восное", "NAME_EN": null, "NAME_RU": null, "LEISURE": "nature_reserve", "BOUNDARY": "protected_area", "OSM_TYPE": "way", "OSM_ID": 750674643 }, "geometry": { "type": "MultiPolygon", "coordinates": [ [ [ [ 36.2083643, 58.7225282 ], [ 36.2103234, 58.7225724 ], [ 36.2104773, 58.722233 ], [ 36.2109746, 58.7222028 ], [ 36.2110502, 58.7225639 ], [ 36.2121343, 58.7225016 ], [ 36.2125, 58.72221 ], [ 36.2117723, 58.7211477 ], [ 36.2116276, 58.7208166 ], [ 36.2114913, 58.7204767 ], [ 36.2085669, 58.7205679 ], [ 36.2088742, 58.7219093 ], [ 36.2083933, 58.7219801 ], [ 36.2083643, 58.7225282 ] ] ] ] } },
{ "type": "Feature", "properties": { "NAME": "\"Старый парк\" в поселке Даниловское", "NAME_EN": null, "NAME_RU": null, "LEISURE": "nature_reserve", "BOUNDARY": "protected_area", "OSM_TYPE": "way", "OSM_ID": 750674662 }, "geometry": { "type": "MultiPolygon", "coordinates": [ [ [ [ 36.4424887, 58.718761 ], [ 36.4425255, 58.7189839 ], [ 36.4425493, 58.7190673 ], [ 36.4426048, 58.7191104 ], [ 36.4426897, 58.7191343 ], [ 36.4428162, 58.7191134 ], [ 36.4428569, 58.7190727 ], [ 36.4428306, 58.7190321 ], [ 36.4427443, 58.7190273 ], [ 36.4426754, 58.719024 ], [ 36.4426542, 58.7189853 ], [ 36.4427647, 58.7189606 ], [ 36.4429585, 58.7188947 ], [ 36.4429998, 58.7188493 ], [ 36.4431092, 58.7188573 ], [ 36.443246, 58.7188708 ], [ 36.4433645, 58.7187683 ], [ 36.4440605, 58.7176301 ], [ 36.4444202, 58.7171252 ], [ 36.4443784, 58.7168571 ], [ 36.4440336, 58.7163444 ], [ 36.4438819, 58.7162449 ], [ 36.4440729, 58.7159913 ], [ 36.4441718, 58.7159304 ], [ 36.4443797, 58.7159816 ], [ 36.4444359, 58.7159262 ], [ 36.4443375, 58.7158007 ], [ 36.4441104, 58.7157131 ], [ 36.4439373, 58.7156587 ], [ 36.4435413, 58.7155727 ], [ 36.4434108, 58.71556 ], [ 36.4432128, 58.7156564 ], [ 36.4430211, 58.71563 ], [ 36.4430285, 58.7155462 ], [ 36.4428612, 58.7154467 ], [ 36.4428485, 58.7153307 ], [ 36.4427319, 58.715245 ], [ 36.4425377, 58.7151758 ], [ 36.4423831, 58.7151561 ], [ 36.4422246, 58.7151846 ], [ 36.4421296, 58.715258 ], [ 36.4420586, 58.7154172 ], [ 36.4419778, 58.7156614 ], [ 36.4418085, 58.7159455 ], [ 36.4417657, 58.7160913 ], [ 36.4417324, 58.7162349 ], [ 36.4417118, 58.7163703 ], [ 36.4417347, 58.716547 ], [ 36.4418167, 58.7169184 ], [ 36.4418447, 58.7171066 ], [ 36.4418786, 58.7172729 ], [ 36.4421156, 58.7178947 ], [ 36.4422349, 58.7182271 ], [ 36.4423075, 58.7183153 ], [ 36.4423376, 58.7183531 ], [ 36.4423969, 58.7185202 ], [ 36.4424887, 58.718761 ] ] ] ] } },
{ "type": "Feature", "properties": { "NAME": "Урочище \"Подсосенье\"", "NAME_EN": null, "NAME_RU": null, "LEISURE": "nature_reserve", "BOUNDARY": "protected_area", "OSM_TYPE": "way", "OSM_ID": 750674663 }, "geometry": { "type": "MultiPolygon", "coordinates": [ [ [ [ 36.3746728, 58.8437902 ], [ 36.3757663, 58.8437992 ], [ 36.3774513, 58.8435598 ], [ 36.3791475, 58.8434326 ], [ 36.379996, 58.8432207 ], [ 36.3809408, 58.8427246 ], [ 36.3814045, 58.8422738 ], [ 36.3817501, 58.8418691 ], [ 36.381937, 58.8415759 ], [ 36.381833, 58.8413097 ], [ 36.3812091, 58.8408521 ], [ 36.3811863, 58.8402323 ], [ 36.3819013, 58.8399239 ], [ 36.3826947, 58.8398251 ], [ 36.3834788, 58.8399259 ], [ 36.3837492, 58.8400313 ], [ 36.3841862, 58.8400604 ], [ 36.3847774, 58.8403654 ], [ 36.3850382, 58.8408275 ], [ 36.3853235, 58.8410726 ], [ 36.3857758, 58.8411632 ], [ 36.3868298, 58.8411168 ], [ 36.3875241, 58.8409551 ], [ 36.3880133, 58.8409392 ], [ 36.388643, 58.8410524 ], [ 36.3894594, 58.8412978 ], [ 36.3900456, 58.8413759 ], [ 36.391145, 58.841378 ], [ 36.3922317, 58.8412565 ], [ 36.3926564, 58.8412749 ], [ 36.3933971, 58.8416181 ], [ 36.393659, 58.8418758 ], [ 36.3943418, 58.8421139 ], [ 36.3944695, 58.8422668 ], [ 36.3947969, 58.8423468 ], [ 36.3963807, 58.8423967 ], [ 36.3972032, 58.8426838 ], [ 36.3977027, 58.8427625 ], [ 36.3984331, 58.8426875 ], [ 36.3990671, 58.8426216 ], [ 36.3997448, 58.8426554 ], [ 36.4014969, 58.8428691 ], [ 36.4021432, 58.8429158 ], [ 36.4029154, 58.8401891 ], [ 36.4038206, 58.8402063 ], [ 36.403887, 58.8394075 ], [ 36.4011188, 58.8379199 ], [ 36.3961547, 58.8375655 ], [ 36.3963281, 58.8371485 ], [ 36.3958718, 58.8371212 ], [ 36.3886387, 58.8359704 ], [ 36.3867664, 58.8378739 ], [ 36.3739459, 58.833905 ], [ 36.3746728, 58.8437902 ] ] ] ] } },
{ "type": "Feature", "properties": { "NAME": "Кобожский", "NAME_EN": null, "NAME_RU": null, "LEISURE": "nature_reserve", "BOUNDARY": "protected_area", "OSM_TYPE": "way", "OSM_ID": 750674664 }, "geometry": { "type": "MultiPolygon", "coordinates": [ [ [ [ 35.8605114, 58.9043777 ], [ 35.8597044, 58.9117454 ], [ 35.8587381, 58.9188313 ], [ 35.8594754, 58.9186529 ], [ 35.8605481, 58.9180248 ], [ 35.8613065, 58.9174752 ], [ 35.8619845, 58.9169918 ], [ 35.8632803, 58.9163514 ], [ 35.8638396, 58.9160476 ], [ 35.8640364, 58.9156113 ], [ 35.8640648, 58.9147426 ], [ 35.8641882, 58.9141148 ], [ 35.8644874, 58.913787 ], [ 35.8650514, 58.9136084 ], [ 35.8657448, 58.9135115 ], [ 35.8666332, 58.9135291 ], [ 35.8677455, 58.9136115 ], [ 35.8689638, 58.9135787 ], [ 35.8700128, 58.9135464 ], [ 35.8714371, 58.9133899 ], [ 35.8726954, 58.9135443 ], [ 35.8735733, 58.9135881 ], [ 35.8743145, 58.9134951 ], [ 35.8764849, 58.9128767 ], [ 35.8774908, 58.9126981 ], [ 35.8789254, 58.9126421 ], [ 35.8804737, 58.9126731 ], [ 35.8826293, 58.91299 ], [ 35.8838817, 58.9132639 ], [ 35.885717, 58.9135096 ], [ 35.8864843, 58.9134752 ], [ 35.8874087, 58.913203 ], [ 35.8885549, 58.9126544 ], [ 35.8897355, 58.9119733 ], [ 35.890188, 58.9118114 ], [ 35.891068, 58.9116432 ], [ 35.8920248, 58.911469 ], [ 35.8932555, 58.9113792 ], [ 35.894665, 58.9113246 ], [ 35.8967093, 58.9113395 ], [ 35.8974518, 58.9112927 ], [ 35.899352, 58.9107306 ], [ 35.9003238, 58.9105296 ], [ 35.9015356, 58.9103912 ], [ 35.9028283, 58.9100112 ], [ 35.9038252, 58.909516 ], [ 35.90451, 58.9088869 ], [ 35.905245, 58.9080235 ], [ 35.9055361, 58.9075899 ], [ 35.9058432, 58.9074509 ], [ 35.9064554, 58.9073157 ], [ 35.9072421, 58.9073326 ], [ 35.9080448, 58.9074824 ], [ 35.9088385, 58.9078668 ], [ 35.909507, 58.9084607 ], [ 35.9098695, 58.9089065 ], [ 35.9103939, 58.909136 ], [ 35.911142, 58.9092349 ], [ 35.9118794, 58.9091986 ], [ 35.9130129, 58.9088836 ], [ 35.9146302, 58.9085158 ], [ 35.9153802, 58.9082343 ], [ 35.916288, 58.9079168 ], [ 35.9176849, 58.907625 ], [ 35.9192141, 58.9073103 ], [ 35.9197996, 58.907148 ], [ 35.9198708, 58.9070243 ], [ 35.9197476, 58.9068293 ], [ 35.9195994, 58.9066438 ], [ 35.9198258, 58.9064028 ], [ 35.920529, 58.9059871 ], [ 35.9213431, 58.9056322 ], [ 35.9228536, 58.9052184 ], [ 35.9233072, 58.90514 ], [ 35.9246607, 58.9052305 ], [ 35.9261856, 58.9053765 ], [ 35.9273467, 58.9053429 ], [ 35.9289513, 58.9053193 ], [ 35.9302865, 58.9055752 ], [ 35.9310914, 58.9059935 ], [ 35.9315439, 58.906321 ], [ 35.9323702, 58.906691 ], [ 35.9330685, 58.9068611 ], [ 35.9332908, 58.9070047 ], [ 35.9334488, 58.9071439 ], [ 35.9343124, 58.9072821 ], [ 35.9349555, 58.9073779 ], [ 35.9356593, 58.9078267 ], [ 35.9369631, 58.9086171 ], [ 35.9377055, 58.9088631 ], [ 35.9388555, 58.9089867 ], [ 35.9407871, 58.9089735 ], [ 35.942052, 58.9089176 ], [ 35.9435674, 58.9089732 ], [ 35.9444833, 58.9090756 ], [ 35.9451797, 58.9090631 ], [ 35.9459024, 58.9089414 ], [ 35.9471271, 58.9085536 ], [ 35.9482789, 58.9082136 ], [ 35.9494486, 58.9076215 ], [ 35.9503083, 58.9072207 ], [ 35.9511303, 58.9069256 ], [ 35.9519831, 58.9068156 ], [ 35.9530005, 58.9067478 ], [ 35.9544578, 58.9068977 ], [ 35.9557892, 58.907211 ], [ 35.9580927, 58.9079233 ], [ 35.9593462, 58.9084232 ], [ 35.9602772, 58.9089539 ], [ 35.9604663, 58.9092958 ], [ 35.9603374, 58.9097095 ], [ 35.9599687, 58.9101372 ], [ 35.9600152, 58.9105219 ], [ 35.9601824, 58.9107502 ], [ 35.9607715, 58.9109319 ], [ 35.9627005, 58.9114171 ], [ 35.9636973, 58.9117329 ], [ 35.9642006, 58.9118942 ], [ 35.9645493, 58.9118976 ], [ 35.9650942, 58.9118373 ], [ 35.965569, 58.9119385 ], [ 35.9665719, 58.9122569 ], [ 35.9678818, 58.9125259 ], [ 35.9684657, 58.9128295 ], [ 35.9689536, 58.9132112 ], [ 35.9695471, 58.9136526 ], [ 35.9701045, 58.9140632 ], [ 35.9708013, 58.9144423 ], [ 35.9718274, 58.9148389 ], [ 35.972755, 58.9151339 ], [ 35.9739971, 58.915412 ], [ 35.9747182, 58.9154784 ], [ 35.9757905, 58.915453 ], [ 35.9768001, 58.9153638 ], [ 35.9780151, 58.9151142 ], [ 35.9787543, 58.9148442 ], [ 35.9792744, 58.9145241 ], [ 35.9796025, 58.9140258 ], [ 35.9798044, 58.9135268 ], [ 35.9799238, 58.9129657 ], [ 35.9800767, 58.9126689 ], [ 35.9806185, 58.912502 ], [ 35.9811148, 58.9124283 ], [ 35.9819063, 58.9124794 ], [ 35.9820954, 58.9126783 ], [ 35.9819446, 58.9128374 ], [ 35.9819611, 58.9129072 ], [ 35.9820872, 58.9129741 ], [ 35.9823627, 58.9129645 ], [ 35.98254, 58.9129883 ], [ 35.9828495, 58.9131983 ], [ 35.9834019, 58.9134999 ], [ 35.9835254, 58.9135371 ], [ 35.9835156, 58.9132504 ], [ 35.9838447, 58.9133388 ], [ 35.9841668, 58.913632 ], [ 35.9844675, 58.9141477 ], [ 35.9846985, 58.9148287 ], [ 35.9850496, 58.915141 ], [ 35.9853695, 58.9154496 ], [ 35.9858926, 58.9157364 ], [ 35.9867862, 58.9160405 ], [ 35.9878864, 58.9163967 ], [ 35.9881992, 58.9165918 ], [ 35.9891443, 58.9172215 ], [ 35.989737, 58.9182139 ], [ 35.9900513, 58.9185395 ], [ 35.9906337, 58.9187855 ], [ 35.991434, 58.9187696 ], [ 35.9923099, 58.9185227 ], [ 35.9929029, 58.9181464 ], [ 35.9934844, 58.9179472 ], [ 35.9947373, 58.9176904 ], [ 35.99591, 58.9175156 ], [ 35.9968507, 58.9172922 ], [ 35.9972505, 58.9173237 ], [ 35.997643, 58.9174111 ], [ 35.9984874, 58.9174464 ], [ 36.0000516, 58.9176545 ], [ 36.0006474, 58.9177451 ], [ 36.0015224, 58.917935 ], [ 36.0024075, 58.9180632 ], [ 36.003333, 58.9181296 ], [ 36.0052387, 58.9180244 ], [ 36.0078371, 58.9178401 ], [ 36.0100253, 58.9175954 ], [ 36.0123238, 58.9172167 ], [ 36.0125654, 58.9101542 ], [ 36.0114271, 58.9093016 ], [ 36.0085789, 58.9097186 ], [ 36.0044724, 58.9105844 ], [ 36.0060317, 58.9004772 ], [ 36.0076573, 58.8893015 ], [ 36.0071021, 58.8890348 ], [ 36.0059917, 58.8889795 ], [ 36.0050309, 58.8894151 ], [ 36.0045303, 58.8906258 ], [ 35.9517802, 58.887827 ], [ 35.9183145, 58.8858704 ], [ 35.9035601, 58.8846831 ], [ 35.8605114, 58.9043777 ] ] ] ] } },
{ "type": "Feature", "properties": { "NAME": "Ратца", "NAME_EN": null, "NAME_RU": null, "LEISURE": "nature_reserve", "BOUNDARY": "protected_area", "OSM_TYPE": "way", "OSM_ID": 750674668 }, "geometry": { "type": "MultiPolygon", "coordinates": [ [ [ [ 34.897115, 59.049106 ], [ 34.889839137173148, 59.050554482740267 ], [ 34.899527, 59.0550527 ], [ 34.9002528, 59.0560584 ], [ 34.8986028, 59.0564305 ], [ 34.898525, 59.0608806 ], [ 34.9215556, 59.0601889 ], [ 34.9402223, 59.059625 ], [ 34.9579473, 59.0590833 ], [ 34.9756527, 59.058525 ], [ 34.9751861, 59.0695695 ], [ 34.9924083, 59.0697611 ], [ 34.9923222, 59.074228 ], [ 35.0102334, 59.0741583 ], [ 35.0283555, 59.0740723 ], [ 35.0476279, 59.0739834 ], [ 35.0474639, 59.0630555 ], [ 35.0426917, 59.0626694 ], [ 35.0398501, 59.0627917 ], [ 35.037675, 59.0631862 ], [ 35.0321362, 59.0637 ], [ 35.0282972, 59.0635556 ], [ 35.026436, 59.0634889 ], [ 35.0245833, 59.0627667 ], [ 35.0217916, 59.0627667 ], [ 35.0201945, 59.0636 ], [ 35.0169583, 59.0626805 ], [ 35.0151666, 59.0621083 ], [ 35.0113805, 59.0612778 ], [ 35.0100361, 59.0609806 ], [ 35.0055945, 59.0597305 ], [ 34.9926528, 59.0581111 ], [ 34.9898749, 59.0577639 ], [ 34.9885583, 59.0525194 ], [ 34.9826362, 59.0511111 ], [ 34.9783861, 59.0517056 ], [ 34.9760139, 59.0498528 ], [ 34.9756778, 59.0495195 ], [ 34.9746055, 59.0478806 ], [ 34.9730833, 59.0477 ], [ 34.9717056, 59.0471666 ], [ 34.9684999, 59.0466806 ], [ 34.9664722, 59.0467389 ], [ 34.9662973, 59.0462834 ], [ 34.9667501, 59.045925 ], [ 34.9671639, 59.0455916 ], [ 34.9709694, 59.0457195 ], [ 34.9709667, 59.0449195 ], [ 34.9701194, 59.0444028 ], [ 34.9711306, 59.0432945 ], [ 34.9704084, 59.0426195 ], [ 34.9711555, 59.0418861 ], [ 34.9725556, 59.0420833 ], [ 34.9742028, 59.0423139 ], [ 34.9761778, 59.043225 ], [ 34.9780667, 59.0436445 ], [ 34.9796777, 59.0434417 ], [ 34.9803612, 59.0434083 ], [ 34.9806112, 59.0433667 ], [ 34.9809445, 59.0433417 ], [ 34.9814334, 59.0432722 ], [ 34.9817862, 59.0432194 ], [ 34.9819861, 59.0431639 ], [ 34.9821833, 59.0431167 ], [ 34.9825722, 59.043075 ], [ 34.9829918, 59.0432806 ], [ 34.9832418, 59.04345 ], [ 34.9836667, 59.0434806 ], [ 34.9842638, 59.0434306 ], [ 34.9845139, 59.0433806 ], [ 34.9846333, 59.0431972 ], [ 34.984636, 59.0429361 ], [ 34.9847389, 59.0426639 ], [ 34.9849223, 59.0410167 ], [ 34.9903416, 59.0421055 ], [ 34.9911944, 59.0425639 ], [ 34.9932973, 59.0436806 ], [ 34.9971916, 59.044075 ], [ 34.9977084, 59.0451111 ], [ 34.9979028, 59.0460556 ], [ 34.9994001, 59.0462333 ], [ 34.999789, 59.046275 ], [ 35.000575, 59.0460306 ], [ 35.0044138, 59.0465444 ], [ 35.0053055, 59.0471305 ], [ 35.0079583, 59.0474084 ], [ 35.0087083, 59.048175 ], [ 35.0071223, 59.0489777 ], [ 35.0104889, 59.0516805 ], [ 35.0142778, 59.0524806 ], [ 35.0138056, 59.0542305 ], [ 35.0151749, 59.0549055 ], [ 35.0170778, 59.0554778 ], [ 35.0174861, 59.0553583 ], [ 35.0212445, 59.0546111 ], [ 35.0228861, 59.0555889 ], [ 35.0232251, 59.0567278 ], [ 35.0236945, 59.0574194 ], [ 35.0257222, 59.0577639 ], [ 35.0270667, 59.0576639 ], [ 35.0294472, 59.0585083 ], [ 35.0302388, 59.0589111 ], [ 35.032439, 59.0591834 ], [ 35.0356584, 59.06055 ], [ 35.0408861, 59.0600778 ], [ 35.0426445, 59.0600362 ], [ 35.0442194, 59.06 ], [ 35.0451999, 59.0602889 ], [ 35.0473278, 59.0608084 ], [ 35.0473833, 59.0495584 ], [ 35.0473973, 59.0480167 ], [ 35.0474389, 59.0376555 ], [ 35.029225, 59.0375 ], [ 35.0097723, 59.0372611 ], [ 35.0097112, 59.0359612 ], [ 35.0087638, 59.0358056 ], [ 35.0061306, 59.0355028 ], [ 35.0021778, 59.0353611 ], [ 34.9982473, 59.034125 ], [ 34.9962694, 59.0340833 ], [ 34.996125, 59.0353223 ], [ 34.9944666, 59.0353083 ], [ 34.9913972, 59.0360361 ], [ 34.9915306, 59.0320695 ], [ 34.9912751, 59.0320695 ], [ 34.9906167, 59.0321612 ], [ 34.9897527, 59.0327472 ], [ 34.9888, 59.0328833 ], [ 34.9871945, 59.0327417 ], [ 34.9864305, 59.0324945 ], [ 34.9865555, 59.0314195 ], [ 34.9898223, 59.031225 ], [ 34.9899528, 59.0307278 ], [ 34.9887139, 59.0299084 ], [ 34.9888279, 59.0283306 ], [ 34.9876334, 59.0277361 ], [ 34.9862583, 59.0271722 ], [ 34.986464, 59.0253945 ], [ 34.9897972, 59.0240306 ], [ 34.9901139, 59.0231667 ], [ 34.9867138, 59.0217222 ], [ 34.9851445, 59.0215806 ], [ 34.983425, 59.021175 ], [ 34.9824445, 59.0212361 ], [ 34.9810222, 59.021675 ], [ 34.9792556, 59.0219917 ], [ 34.9761084, 59.0220806 ], [ 34.9746278, 59.0224055 ], [ 34.97535, 59.0236361 ], [ 34.9744333, 59.0237583 ], [ 34.9736418, 59.022525 ], [ 34.9729055, 59.0223333 ], [ 34.9730334, 59.0200139 ], [ 34.9718251, 59.0198834 ], [ 34.9711861, 59.0200861 ], [ 34.9707556, 59.0216167 ], [ 34.9697862, 59.0215861 ], [ 34.9692111, 59.0206584 ], [ 34.967314, 59.020525 ], [ 34.9668556, 59.0210667 ], [ 34.9663889, 59.0210361 ], [ 34.9660805, 59.0205972 ], [ 34.9629084, 59.0205917 ], [ 34.9613778, 59.0210445 ], [ 34.9600695, 59.0211361 ], [ 34.9600333, 59.0214306 ], [ 34.9608139, 59.0215472 ], [ 34.9619166, 59.0225861 ], [ 34.9632084, 59.0226445 ], [ 34.9624445, 59.0251694 ], [ 34.9618695, 59.0257639 ], [ 34.9582639, 59.0266917 ], [ 34.9558916, 59.0275472 ], [ 34.9545722, 59.0289555 ], [ 34.9547001, 59.0321583 ], [ 34.9541555, 59.0321778 ], [ 34.9515306, 59.0308861 ], [ 34.9507334, 59.0312333 ], [ 34.9525834, 59.0323695 ], [ 34.9518805, 59.0328306 ], [ 34.943539, 59.032625 ], [ 34.9405389, 59.0320667 ], [ 34.9383306, 59.0309194 ], [ 34.9339722, 59.030875 ], [ 34.9340056, 59.0315083 ], [ 34.9381444, 59.0321778 ], [ 34.9376362, 59.0325139 ], [ 34.9369056, 59.0322889 ], [ 34.9356333, 59.032675 ], [ 34.9360973, 59.033025 ], [ 34.9369806, 59.0328861 ], [ 34.9397556, 59.0347195 ], [ 34.9397833, 59.0350917 ], [ 34.9342251, 59.034825 ], [ 34.9342806, 59.0325389 ], [ 34.9289388, 59.0322611 ], [ 34.927189, 59.0315167 ], [ 34.9256499, 59.0314139 ], [ 34.9242083, 59.0311084 ], [ 34.9224361, 59.0305306 ], [ 34.9200361, 59.0304194 ], [ 34.9184222, 59.0309445 ], [ 34.9161556, 59.03 ], [ 34.913725, 59.0292167 ], [ 34.9121361, 59.0289056 ], [ 34.9105555, 59.0288556 ], [ 34.9079194, 59.0292 ], [ 34.9054029, 59.0291389 ], [ 34.9035417, 59.0287084 ], [ 34.9008611, 59.0276 ], [ 34.9024056, 59.0270555 ], [ 34.9023778, 59.0266806 ], [ 34.8989612, 59.0266111 ], [ 34.8972806, 59.025275 ], [ 34.8963723, 59.0250416 ], [ 34.8942361, 59.0254195 ], [ 34.89315, 59.0251612 ], [ 34.8931055, 59.024325 ], [ 34.89245, 59.0240611 ], [ 34.8913417, 59.0245834 ], [ 34.8898888, 59.0240555 ], [ 34.8890417, 59.0248472 ], [ 34.8881225, 59.0256008 ], [ 34.8858556, 59.0296222 ], [ 34.887361, 59.031775 ], [ 34.882495720975136, 59.032032571368944 ], [ 34.882364781470031, 59.032419053721839 ], [ 34.8836334, 59.0356639 ], [ 34.881500225996213, 59.038678007408492 ], [ 34.897115, 59.049106 ] ] ] ] } },
{ "type": "Feature", "properties": { "NAME": "Падун", "NAME_EN": null, "NAME_RU": null, "LEISURE": "nature_reserve", "BOUNDARY": "protected_area", "OSM_TYPE": "way", "OSM_ID": 750674669 }, "geometry": { "type": "MultiPolygon", "coordinates": [ [ [ [ 34.9534683, 59.1838068 ], [ 34.9481026, 59.1838819 ], [ 34.9439954, 59.1838887 ], [ 34.9434912, 59.1912133 ], [ 34.9314546, 59.1956942 ], [ 34.9296427, 59.195449 ], [ 34.9288121, 59.1959841 ], [ 34.9095932, 59.2003649 ], [ 34.909693, 59.2018246 ], [ 34.9097667, 59.2029537 ], [ 34.9100579, 59.2054799 ], [ 34.9102834, 59.2073508 ], [ 34.9103435, 59.2093851 ], [ 34.8980473, 59.20966 ], [ 34.8944695, 59.2101615 ], [ 34.8901601, 59.2145944 ], [ 34.8940703, 59.2164086 ], [ 34.8996037, 59.2160685 ], [ 34.9056139, 59.2141469 ], [ 34.9101792, 59.2126914 ], [ 34.9123842, 59.2119612 ], [ 34.9127042, 59.2117742 ], [ 34.9129264, 59.2116446 ], [ 34.9133981, 59.2113692 ], [ 34.9138717, 59.2113001 ], [ 34.9143946, 59.2112238 ], [ 34.9154938, 59.2113375 ], [ 34.9162482, 59.2115383 ], [ 34.9172682, 59.2118097 ], [ 34.9178915, 59.2119757 ], [ 34.9188024, 59.2121079 ], [ 34.9195445, 59.2116712 ], [ 34.9204789, 59.2117632 ], [ 34.9215957, 59.2118732 ], [ 34.9222388, 59.2119364 ], [ 34.9233913, 59.2120498 ], [ 34.9243613, 59.2122282 ], [ 34.9248952, 59.2123263 ], [ 34.9255998, 59.2124558 ], [ 34.9265645, 59.2126333 ], [ 34.9268336, 59.2126827 ], [ 34.9284298, 59.213364 ], [ 34.9287008, 59.2139438 ], [ 34.9286419, 59.2141194 ], [ 34.9292254, 59.2139673 ], [ 34.9297607, 59.2143017 ], [ 34.9300418, 59.2144773 ], [ 34.9306758, 59.2148731 ], [ 34.9347472, 59.2136995 ], [ 34.9380172, 59.213252 ], [ 34.9435633, 59.2118799 ], [ 34.9481698, 59.209489 ], [ 34.9581322, 59.2070859 ], [ 34.964044, 59.2060908 ], [ 34.9681185, 59.2060351 ], [ 34.9717127, 59.2060033 ], [ 34.9819785, 59.2064701 ], [ 34.9861872, 59.2061848 ], [ 34.9931434, 59.2039709 ], [ 34.9945008, 59.2029859 ], [ 34.995388, 59.2017861 ], [ 35.0038593, 59.2013266 ], [ 35.0065857, 59.20006 ], [ 35.0095021, 59.1984832 ], [ 35.0133224, 59.1987435 ], [ 35.0163592, 59.1978044 ], [ 35.0194985, 59.1967939 ], [ 35.0171193, 59.1925316 ], [ 35.0166877, 59.191316 ], [ 35.0196643, 59.1911829 ], [ 35.0208001, 59.1930659 ], [ 35.0224409, 59.1930797 ], [ 35.0223756, 59.192877 ], [ 35.0223128, 59.1926813 ], [ 35.0222465, 59.1924763 ], [ 35.0222055, 59.1914981 ], [ 35.0221787, 59.1908603 ], [ 35.0224479, 59.1900249 ], [ 35.0225463, 59.1896626 ], [ 35.022596, 59.1894797 ], [ 35.0232688, 59.1890167 ], [ 35.0241823, 59.1888882 ], [ 35.024944, 59.1887759 ], [ 35.0253843, 59.1887177 ], [ 35.0254012, 59.1873294 ], [ 35.0013805, 59.1886553 ], [ 35.0007473, 59.1896058 ], [ 35.0014472, 59.1914989 ], [ 34.9996739, 59.1919712 ], [ 34.9968639, 59.1917346 ], [ 34.9895032, 59.1922991 ], [ 34.9823414, 59.189176 ], [ 34.973736, 59.1882108 ], [ 34.9707411, 59.1867334 ], [ 34.9702234, 59.1869929 ], [ 34.9661342, 59.1862333 ], [ 34.9575979, 59.1866989 ], [ 34.9553938, 59.1845074 ], [ 34.9534683, 59.1838068 ] ] ] ] } },
{ "type": "Feature", "properties": { "NAME": "Гора Ципина", "NAME_EN": null, "NAME_RU": null, "LEISURE": "nature_reserve", "BOUNDARY": "protected_area", "OSM_TYPE": "way", "OSM_ID": 750674670 }, "geometry": { "type": "MultiPolygon", "coordinates": [ [ [ [ 38.5352093, 59.920233 ], [ 38.5371259, 59.9204274 ], [ 38.5379871, 59.9204608 ], [ 38.5385815, 59.9205747 ], [ 38.5397815, 59.9206609 ], [ 38.5407175, 59.9209053 ], [ 38.5416457, 59.9211972 ], [ 38.5428759, 59.9212442 ], [ 38.5440425, 59.9211442 ], [ 38.5455175, 59.9209526 ], [ 38.5459731, 59.9210276 ], [ 38.5477814, 59.9220443 ], [ 38.5491425, 59.9226693 ], [ 38.5514645, 59.9234249 ], [ 38.5525787, 59.9237541 ], [ 38.5535812, 59.9238471 ], [ 38.5539451, 59.9238666 ], [ 38.5542507, 59.9240277 ], [ 38.5543284, 59.9241611 ], [ 38.5545257, 59.9242277 ], [ 38.5548895, 59.9241971 ], [ 38.5553396, 59.9240916 ], [ 38.5554951, 59.9241055 ], [ 38.5560035, 59.9245138 ], [ 38.5565719, 59.9251245 ], [ 38.5573367, 59.9255417 ], [ 38.5578922, 59.9258306 ], [ 38.5585451, 59.9260195 ], [ 38.5588006, 59.9261 ], [ 38.5591533, 59.9262889 ], [ 38.5595283, 59.9266055 ], [ 38.5600645, 59.9268416 ], [ 38.5605116, 59.9269612 ], [ 38.5608449, 59.9269972 ], [ 38.5617283, 59.9271639 ], [ 38.5620533, 59.9272667 ], [ 38.5627032, 59.9276028 ], [ 38.5634143, 59.9281445 ], [ 38.5637282, 59.9283251 ], [ 38.5641255, 59.9283529 ], [ 38.5644001, 59.9283338 ], [ 38.5646838, 59.928314 ], [ 38.5651227, 59.9281639 ], [ 38.5651671, 59.9281084 ], [ 38.5651422, 59.9276334 ], [ 38.5652255, 59.9271723 ], [ 38.565345, 59.9269529 ], [ 38.5654978, 59.9267945 ], [ 38.5655089, 59.9267334 ], [ 38.5653255, 59.9264834 ], [ 38.5649423, 59.9260306 ], [ 38.5644422, 59.9254667 ], [ 38.5643673, 59.9253278 ], [ 38.564219, 59.925217 ], [ 38.5641562, 59.9250556 ], [ 38.5639925, 59.9249336 ], [ 38.5639615, 59.9247648 ], [ 38.5638812, 59.9247195 ], [ 38.5630924, 59.9236889 ], [ 38.5622003, 59.9239679 ], [ 38.5611201, 59.9236341 ], [ 38.5605229, 59.92325 ], [ 38.5596452, 59.9233 ], [ 38.5590058, 59.9231083 ], [ 38.5585842, 59.9228778 ], [ 38.5584452, 59.9226611 ], [ 38.5566509, 59.9205194 ], [ 38.556473, 59.9204666 ], [ 38.5563759, 59.9203444 ], [ 38.5562732, 59.919586 ], [ 38.5560899, 59.9194444 ], [ 38.5558453, 59.9192889 ], [ 38.5557954, 59.9191527 ], [ 38.5556259, 59.9190277 ], [ 38.5556066, 59.9189111 ], [ 38.5553371, 59.9187833 ], [ 38.5552677, 59.9184305 ], [ 38.5549815, 59.918136 ], [ 38.5546398, 59.9179305 ], [ 38.5541927, 59.9178083 ], [ 38.5535511, 59.9176888 ], [ 38.5532205, 59.9175443 ], [ 38.5528483, 59.917161 ], [ 38.5526261, 59.9170944 ], [ 38.5511567, 59.9169248 ], [ 38.5509927, 59.9169193 ], [ 38.5508817, 59.9168832 ], [ 38.5507594, 59.9167277 ], [ 38.5502956, 59.9164305 ], [ 38.5499371, 59.9163443 ], [ 38.5495705, 59.9163304 ], [ 38.5488317, 59.9164082 ], [ 38.5482621, 59.9165526 ], [ 38.5479566, 59.9166165 ], [ 38.54674, 59.9165942 ], [ 38.5462622, 59.9165998 ], [ 38.5456317, 59.9166915 ], [ 38.5452205, 59.9168109 ], [ 38.5446344, 59.9171025 ], [ 38.5441621, 59.9171526 ], [ 38.5439289, 59.9171498 ], [ 38.5431205, 59.9169026 ], [ 38.5421372, 59.9166498 ], [ 38.5413929, 59.9165636 ], [ 38.5381295, 59.9164498 ], [ 38.5365872, 59.9166552 ], [ 38.535504, 59.9168386 ], [ 38.5346817, 59.9172358 ], [ 38.5339289, 59.9176886 ], [ 38.5330789, 59.9181775 ], [ 38.5322483, 59.9187163 ], [ 38.5320233, 59.9191663 ], [ 38.5320566, 59.9197747 ], [ 38.5322926, 59.9199747 ], [ 38.5352093, 59.920233 ] ] ] ] } },
{ "type": "Feature", "properties": { "NAME": "\"Старый парк\" в селе Михайловское", "NAME_EN": null, "NAME_RU": null, "LEISURE": "nature_reserve", "BOUNDARY": "protected_area", "OSM_TYPE": "way", "OSM_ID": 750674672 }, "geometry": { "type": "MultiPolygon", "coordinates": [ [ [ [ 36.4194111, 58.8163719 ], [ 36.4212809, 58.8172145 ], [ 36.4222008, 58.8170933 ], [ 36.4226947, 58.8170519 ], [ 36.4229816, 58.8170296 ], [ 36.4231658, 58.8170109 ], [ 36.4231953, 58.8169646 ], [ 36.4231873, 58.816921 ], [ 36.423124, 58.8168507 ], [ 36.4230739, 58.8167928 ], [ 36.4230607, 58.8166635 ], [ 36.4229842, 58.8164623 ], [ 36.4227738, 58.8160275 ], [ 36.4226331, 58.8156678 ], [ 36.4224601, 58.8152225 ], [ 36.4222906, 58.8147625 ], [ 36.4222086, 58.8143812 ], [ 36.4221897, 58.8141227 ], [ 36.4222397, 58.813798 ], [ 36.422329, 58.8132961 ], [ 36.4224031, 58.8129749 ], [ 36.4224969, 58.812557 ], [ 36.4226098, 58.8121926 ], [ 36.4226905, 58.8118532 ], [ 36.4218023, 58.8118685 ], [ 36.42091, 58.8118848 ], [ 36.4204532, 58.8119257 ], [ 36.4198026, 58.8119192 ], [ 36.4193746, 58.8118016 ], [ 36.4185216, 58.8118359 ], [ 36.418582, 58.8131224 ], [ 36.418928, 58.8146189 ], [ 36.4192375, 58.8146012 ], [ 36.4194454, 58.8154414 ], [ 36.4194153, 58.8158898 ], [ 36.4194111, 58.8163719 ] ] ] ] } },
{ "type": "Feature", "properties": { "NAME": "Гора Сандырева", "NAME_EN": null, "NAME_RU": null, "LEISURE": "nature_reserve", "BOUNDARY": "boundary", "OSM_TYPE": "way", "OSM_ID": 750674673 }, "geometry": { "type": "MultiPolygon", "coordinates": [ [ [ [ 38.2895033, 59.8869568 ], [ 38.2900782, 59.8871425 ], [ 38.2904309, 59.8872397 ], [ 38.2909924, 59.8872947 ], [ 38.2916968, 59.887245 ], [ 38.292178, 59.8871324 ], [ 38.2923322, 59.8868736 ], [ 38.2924435, 59.8867506 ], [ 38.2926553, 59.8866576 ], [ 38.2928002, 59.8865176 ], [ 38.2929131, 59.8861822 ], [ 38.2929097, 59.8860328 ], [ 38.2929176, 59.8858852 ], [ 38.2929846, 59.8858117 ], [ 38.2935136, 59.8856551 ], [ 38.2936745, 59.8855536 ], [ 38.2937013, 59.8853249 ], [ 38.2937868, 59.8851982 ], [ 38.2943277, 59.8850086 ], [ 38.2944889, 59.8848861 ], [ 38.2946094, 59.8845645 ], [ 38.2946838, 59.8843691 ], [ 38.2949377, 59.8842727 ], [ 38.2952915, 59.884163 ], [ 38.2954923, 59.8840097 ], [ 38.2955061, 59.8837046 ], [ 38.2954414, 59.8835925 ], [ 38.2956695, 59.8833762 ], [ 38.2957568, 59.8832383 ], [ 38.2958497, 59.8830707 ], [ 38.2962219, 59.8829547 ], [ 38.2964512, 59.8827825 ], [ 38.2952396, 59.8823973 ], [ 38.2938145, 59.8817159 ], [ 38.2927778, 59.8815414 ], [ 38.2905106, 59.8820209 ], [ 38.2905168, 59.8823007 ], [ 38.2902483, 59.8825416 ], [ 38.2899709, 59.8826932 ], [ 38.28977, 59.8828509 ], [ 38.28979, 59.8830535 ], [ 38.2898927, 59.8834444 ], [ 38.2897916, 59.8837156 ], [ 38.2897038, 59.88416 ], [ 38.2897896, 59.8845152 ], [ 38.2898007, 59.8847681 ], [ 38.2897593, 59.8852128 ], [ 38.2895633, 59.8854532 ], [ 38.2895795, 59.8857421 ], [ 38.2896837, 59.886 ], [ 38.2894745, 59.886301 ], [ 38.2890581, 59.8864983 ], [ 38.2890933, 59.8866978 ], [ 38.2895033, 59.8869568 ] ] ] ] } },
{ "type": "Feature", "properties": { "NAME": "\"Старый парк\" в селе Никольском", "NAME_EN": null, "NAME_RU": null, "LEISURE": "nature_reserve", "BOUNDARY": "protected_area", "OSM_TYPE": "way", "OSM_ID": 750674674 }, "geometry": { "type": "MultiPolygon", "coordinates": [ [ [ [ 39.3547417, 59.8426107 ], [ 39.3566582, 59.8440292 ], [ 39.3585998, 59.8454015 ], [ 39.3595775, 59.8459822 ], [ 39.3600476, 59.8463666 ], [ 39.3603699, 59.8462604 ], [ 39.3603261, 59.8462125 ], [ 39.3606424, 59.8461265 ], [ 39.3610131, 59.8464027 ], [ 39.3617395, 59.8461088 ], [ 39.3615737, 59.8460021 ], [ 39.3619661, 59.8458384 ], [ 39.3622953, 59.8460324 ], [ 39.3627716, 59.8458343 ], [ 39.362604, 59.8457303 ], [ 39.3628015, 59.8456279 ], [ 39.362522, 59.8454606 ], [ 39.3626684, 59.8453848 ], [ 39.3625304, 59.8453093 ], [ 39.3628505, 59.8451282 ], [ 39.3623234, 59.8447929 ], [ 39.3619878, 59.8446131 ], [ 39.361768, 59.8444527 ], [ 39.3615743, 59.8442779 ], [ 39.3613276, 59.8439477 ], [ 39.3605924, 59.8432841 ], [ 39.360272, 59.8428104 ], [ 39.3600857, 59.8423808 ], [ 39.360359, 59.8416638 ], [ 39.3591487, 59.8416595 ], [ 39.356227, 59.8421747 ], [ 39.3547417, 59.8426107 ] ] ] ] } },
{ "type": "Feature", "properties": { "NAME": "Липовая роща", "NAME_EN": null, "NAME_RU": null, "LEISURE": "nature_reserve", "BOUNDARY": "protected_area", "OSM_TYPE": "way", "OSM_ID": 750674675 }, "geometry": { "type": "MultiPolygon", "coordinates": [ [ [ [ 46.366961, 60.8744917 ], [ 46.3671816, 60.8742237 ], [ 46.367495, 60.873968 ], [ 46.3679487, 60.8737723 ], [ 46.3684137, 60.8736898 ], [ 46.36886, 60.8736949 ], [ 46.3692491, 60.8737468 ], [ 46.3698458, 60.8738547 ], [ 46.3703713, 60.8738784 ], [ 46.3708159, 60.8738198 ], [ 46.3711334, 60.8737116 ], [ 46.3714681, 60.8734931 ], [ 46.3719608, 60.8730522 ], [ 46.3721813, 60.8727144 ], [ 46.3722427, 60.8725617 ], [ 46.3726654, 60.8716769 ], [ 46.3727278, 60.8713165 ], [ 46.3727583, 60.8704901 ], [ 46.3728896, 60.8700776 ], [ 46.3701509, 60.8691667 ], [ 46.367508, 60.8667877 ], [ 46.365841, 60.8672927 ], [ 46.3669116, 60.8681529 ], [ 46.364071, 60.8697988 ], [ 46.3679182, 60.8709678 ], [ 46.3663363, 60.872826 ], [ 46.365044, 60.8735838 ], [ 46.366961, 60.8744917 ] ] ] ] } },
{ "type": "Feature", "properties": { "NAME": "Геологическое обнажение \"Аристово\"", "NAME_EN": null, "NAME_RU": null, "LEISURE": "nature_reserve", "BOUNDARY": "protected_area", "OSM_TYPE": "way", "OSM_ID": 750674676 }, "geometry": { "type": "MultiPolygon", "coordinates": [ [ [ [ 46.383525, 60.7617352 ], [ 46.392167, 60.7604655 ], [ 46.3919182, 60.7599262 ], [ 46.3917717, 60.7597637 ], [ 46.3909289, 60.7583384 ], [ 46.3902723, 60.7571886 ], [ 46.3897462, 60.7560401 ], [ 46.3894456, 60.7551921 ], [ 46.3894095, 60.7547492 ], [ 46.3893146, 60.7538722 ], [ 46.3893302, 60.7530842 ], [ 46.3894167, 60.7523196 ], [ 46.389661, 60.7515476 ], [ 46.3898034, 60.7509725 ], [ 46.3901763, 60.7502497 ], [ 46.3902376, 60.7495062 ], [ 46.3810769, 60.7493247 ], [ 46.3810539, 60.7496027 ], [ 46.3807714, 60.7501498 ], [ 46.3805771, 60.7509339 ], [ 46.3802865, 60.7518509 ], [ 46.3801633, 60.7529381 ], [ 46.3801427, 60.7539688 ], [ 46.3802492, 60.7549571 ], [ 46.380307, 60.755667 ], [ 46.3807489, 60.7569144 ], [ 46.3813756, 60.7582835 ], [ 46.3821076, 60.7595655 ], [ 46.3831316, 60.7612983 ], [ 46.383525, 60.7617352 ] ] ] ] } },
{ "type": "Feature", "properties": { "NAME": "Викторовский бор-урочище", "NAME_EN": null, "NAME_RU": null, "LEISURE": "nature_reserve", "BOUNDARY": "protected_area", "OSM_TYPE": "way", "OSM_ID": 750674677 }, "geometry": { "type": "MultiPolygon", "coordinates": [ [ [ [ 46.949132, 60.6277464 ], [ 46.949439, 60.6279345 ], [ 46.9501336, 60.6282387 ], [ 46.9510788, 60.6284583 ], [ 46.9527939, 60.628716 ], [ 46.9552351, 60.6288913 ], [ 46.9553834, 60.6292258 ], [ 46.9564984, 60.629232 ], [ 46.9579883, 60.6293897 ], [ 46.9609287, 60.6290595 ], [ 46.9650843, 60.6285764 ], [ 46.9666667, 60.6285793 ], [ 46.9666973, 60.6287553 ], [ 46.9668729, 60.6289042 ], [ 46.9671078, 60.6289607 ], [ 46.9676389, 60.6288873 ], [ 46.967886, 60.6289435 ], [ 46.9683336, 60.6290023 ], [ 46.9692195, 60.6289235 ], [ 46.9699019, 60.6290622 ], [ 46.9704231, 60.6294219 ], [ 46.9721348, 60.6301574 ], [ 46.9732346, 60.6310393 ], [ 46.9737987, 60.6317195 ], [ 46.9743438, 60.6322802 ], [ 46.9745441, 60.6325766 ], [ 46.9762998, 60.6324076 ], [ 46.980761, 60.6319819 ], [ 46.9819078, 60.6300981 ], [ 46.9840496, 60.6289941 ], [ 46.984481, 60.6282508 ], [ 46.9846071, 60.6267345 ], [ 46.9857269, 60.6251677 ], [ 46.9868486, 60.6242315 ], [ 46.988485, 60.6221835 ], [ 46.9896537, 60.6188819 ], [ 46.9901058, 60.6182594 ], [ 46.9907978, 60.6176341 ], [ 46.991556, 60.6171874 ], [ 46.9927931, 60.6165932 ], [ 46.9939866, 60.6155756 ], [ 46.9950599, 60.6138171 ], [ 46.994653, 60.6137971 ], [ 46.9943363, 60.6131016 ], [ 46.9948449, 60.6124701 ], [ 46.99473, 60.6122749 ], [ 46.9931729, 60.61272 ], [ 46.989597, 60.6136788 ], [ 46.986314, 60.614049 ], [ 46.9806122, 60.6147696 ], [ 46.9778086, 60.6150545 ], [ 46.9753636, 60.615319 ], [ 46.9733931, 60.6153325 ], [ 46.9701885, 60.6148023 ], [ 46.9674654, 60.6148124 ], [ 46.9646042, 60.6150521 ], [ 46.9620306, 60.615333 ], [ 46.9583704, 60.6159397 ], [ 46.9548746, 60.6172794 ], [ 46.952513, 60.6182457 ], [ 46.9506086, 60.619573 ], [ 46.9500609, 60.6204828 ], [ 46.9498802, 60.6218829 ], [ 46.9499593, 60.6229151 ], [ 46.9504362, 60.6244498 ], [ 46.9506104, 60.6257241 ], [ 46.9501526, 60.6267042 ], [ 46.9495464, 60.627387 ], [ 46.949132, 60.6277464 ] ] ] ] } },
{ "type": "Feature", "properties": { "NAME": "Барановский бор - урочище", "NAME_EN": null, "NAME_RU": null, "LEISURE": "nature_reserve", "BOUNDARY": "protected_area", "OSM_TYPE": "way", "OSM_ID": 750674678 }, "geometry": { "type": "MultiPolygon", "coordinates": [ [ [ [ 46.7468868, 60.498933 ], [ 46.7481892, 60.4993864 ], [ 46.7485442, 60.4994731 ], [ 46.7488801, 60.4994696 ], [ 46.7493461, 60.499299 ], [ 46.7494787, 60.4991847 ], [ 46.749529, 60.4989355 ], [ 46.7492878, 60.4986518 ], [ 46.7488977, 60.49846 ], [ 46.74478, 60.4971697 ], [ 46.7447613, 60.497087 ], [ 46.7450266, 60.4968657 ], [ 46.7451617, 60.4968116 ], [ 46.7454204, 60.4967863 ], [ 46.7455124, 60.4968004 ], [ 46.7463797, 60.4970776 ], [ 46.7466092, 60.4970903 ], [ 46.7467457, 60.4970663 ], [ 46.7472878, 60.4968873 ], [ 46.7475169, 60.4968925 ], [ 46.7476704, 60.496906 ], [ 46.7495231, 60.4973763 ], [ 46.749665, 60.4974803 ], [ 46.7497848, 60.4977803 ], [ 46.7498787, 60.497832 ], [ 46.7501238, 60.4978521 ], [ 46.7502909, 60.4978277 ], [ 46.7505301, 60.4977123 ], [ 46.7506656, 60.4976656 ], [ 46.7508796, 60.4976709 ], [ 46.7522613, 60.4978373 ], [ 46.7535943, 60.4979362 ], [ 46.7567204, 60.4981822 ], [ 46.7576662, 60.4981571 ], [ 46.7585755, 60.4979969 ], [ 46.7593413, 60.497695 ], [ 46.7603369, 60.4963512 ], [ 46.7621494, 60.4948331 ], [ 46.7624758, 60.4946111 ], [ 46.7626712, 60.4945413 ], [ 46.7628075, 60.4945172 ], [ 46.7632188, 60.4944903 ], [ 46.7632938, 60.4944593 ], [ 46.7634243, 60.4942998 ], [ 46.7641616, 60.4936969 ], [ 46.7650266, 60.4932207 ], [ 46.7660558, 60.4926599 ], [ 46.7664265, 60.4924073 ], [ 46.7666613, 60.4921864 ], [ 46.7665674, 60.4921347 ], [ 46.7664609, 60.4921433 ], [ 46.7663557, 60.4921822 ], [ 46.7645452, 60.4930375 ], [ 46.7643043, 60.4931153 ], [ 46.7641527, 60.4931395 ], [ 46.7639682, 60.4931113 ], [ 46.7620487, 60.4921598 ], [ 46.762014, 60.4920623 ], [ 46.7620422, 60.4920093 ], [ 46.7623246, 60.4918331 ], [ 46.7623043, 60.4917127 ], [ 46.7622259, 60.4916683 ], [ 46.7615775, 60.4915019 ], [ 46.7616228, 60.4914939 ], [ 46.7621642, 60.4912999 ], [ 46.7629878, 60.4909296 ], [ 46.763273, 60.4908136 ], [ 46.7641934, 60.4905627 ], [ 46.7649393, 60.4905097 ], [ 46.7653325, 60.4904227 ], [ 46.7655376, 60.4902247 ], [ 46.7655378, 60.4898781 ], [ 46.7648855, 60.4896214 ], [ 46.7646809, 60.4894804 ], [ 46.7646464, 60.4893904 ], [ 46.7645685, 60.4893535 ], [ 46.7639995, 60.4892616 ], [ 46.7637502, 60.4891437 ], [ 46.7636318, 60.4888813 ], [ 46.7634777, 60.4888453 ], [ 46.7611022, 60.4889909 ], [ 46.7609672, 60.4890451 ], [ 46.7607019, 60.4892663 ], [ 46.760384, 60.4893299 ], [ 46.7592411, 60.4893796 ], [ 46.7589998, 60.48945 ], [ 46.7587031, 60.4896489 ], [ 46.7585525, 60.4896957 ], [ 46.7560979, 60.4897818 ], [ 46.7557151, 60.4897557 ], [ 46.7555151, 60.4897202 ], [ 46.7553583, 60.4896238 ], [ 46.7551872, 60.4888422 ], [ 46.7551778, 60.4886239 ], [ 46.7552027, 60.4884956 ], [ 46.7553874, 60.4881772 ], [ 46.7555193, 60.4880478 ], [ 46.7556534, 60.487971 ], [ 46.7559417, 60.4879303 ], [ 46.7567801, 60.4878989 ], [ 46.7572232, 60.4879093 ], [ 46.7573161, 60.4879385 ], [ 46.7574147, 60.4881031 ], [ 46.75747, 60.488321 ], [ 46.7575804, 60.4884027 ], [ 46.760254, 60.4884424 ], [ 46.763142, 60.4881483 ], [ 46.7633229, 60.4880936 ], [ 46.7633949, 60.4879949 ], [ 46.7634066, 60.4879119 ], [ 46.7633393, 60.4877695 ], [ 46.7631308, 60.4875381 ], [ 46.7631292, 60.4875005 ], [ 46.7632036, 60.4874546 ], [ 46.7633713, 60.4874528 ], [ 46.7635402, 60.4874736 ], [ 46.763742, 60.4875468 ], [ 46.7640653, 60.4876111 ], [ 46.7643251, 60.487616 ], [ 46.7644605, 60.4875693 ], [ 46.7645795, 60.4875003 ], [ 46.7646075, 60.4874397 ], [ 46.764574, 60.4873722 ], [ 46.7644656, 60.4873357 ], [ 46.7615512, 60.48702 ], [ 46.7496334, 60.485375 ], [ 46.7494347, 60.4853695 ], [ 46.749345, 60.4854156 ], [ 46.7493481, 60.4854834 ], [ 46.749398, 60.4855808 ], [ 46.7495246, 60.485685 ], [ 46.750481, 60.4862701 ], [ 46.7508007, 60.4866057 ], [ 46.750841, 60.4868313 ], [ 46.7507994, 60.4869296 ], [ 46.7506653, 60.4870064 ], [ 46.7501218, 60.4871477 ], [ 46.7475099, 60.4874763 ], [ 46.7473869, 60.487455 ], [ 46.7473395, 60.4874178 ], [ 46.7470331, 60.4870368 ], [ 46.7468461, 60.4869484 ], [ 46.7466604, 60.48689 ], [ 46.7464761, 60.4868618 ], [ 46.7462465, 60.4868492 ], [ 46.7458493, 60.4868457 ], [ 46.7455152, 60.4868869 ], [ 46.745289, 60.4869495 ], [ 46.7451433, 60.4871168 ], [ 46.7451034, 60.4872528 ], [ 46.7450151, 60.4873291 ], [ 46.7446794, 60.4873326 ], [ 46.7436772, 60.487102 ], [ 46.7419901, 60.486562 ], [ 46.7411057, 60.4862323 ], [ 46.7407785, 60.4860775 ], [ 46.7407756, 60.4860098 ], [ 46.7420401, 60.4855898 ], [ 46.7422379, 60.4855726 ], [ 46.7425147, 60.4856225 ], [ 46.7433013, 60.4858102 ], [ 46.7438561, 60.4859325 ], [ 46.7448398, 60.4860879 ], [ 46.7452233, 60.4861291 ], [ 46.745543, 60.4861108 ], [ 46.7473034, 60.4858664 ], [ 46.7473698, 60.4856322 ], [ 46.7471662, 60.4855137 ], [ 46.7462896, 60.4853647 ], [ 46.7456882, 60.4852203 ], [ 46.7455008, 60.4851244 ], [ 46.7453606, 60.4847039 ], [ 46.7454264, 60.4843204 ], [ 46.746984, 60.4844686 ], [ 46.7477329, 60.4837753 ], [ 46.7481063, 60.4832289 ], [ 46.74834, 60.4829855 ], [ 46.7485052, 60.4829235 ], [ 46.7486579, 60.4829219 ], [ 46.7496607, 60.4831674 ], [ 46.7496943, 60.4832425 ], [ 46.7491129, 60.483919 ], [ 46.7491154, 60.4839792 ], [ 46.7491476, 60.4840166 ], [ 46.749256, 60.484053 ], [ 46.7503919, 60.4841994 ], [ 46.7506208, 60.484197 ], [ 46.7508475, 60.4841419 ], [ 46.7509208, 60.4840734 ], [ 46.7515164, 60.4826584 ], [ 46.751703, 60.4823853 ], [ 46.7518205, 60.4822785 ], [ 46.7519854, 60.4822091 ], [ 46.7526275, 60.4822325 ], [ 46.7549607, 60.4825319 ], [ 46.7562187, 60.4826769 ], [ 46.7604607, 60.4829938 ], [ 46.7604561, 60.4825343 ], [ 46.7602639, 60.4819713 ], [ 46.7592951, 60.4814542 ], [ 46.7559296, 60.4802241 ], [ 46.7551651, 60.4805486 ], [ 46.7545831, 60.480856 ], [ 46.7540857, 60.4810044 ], [ 46.7535836, 60.4810397 ], [ 46.7531065, 60.4809468 ], [ 46.7520232, 60.4806041 ], [ 46.7510542, 60.4804334 ], [ 46.7296719, 60.4876915 ], [ 46.7346453, 60.4911958 ], [ 46.7358392, 60.4919819 ], [ 46.7364508, 60.4923597 ], [ 46.7367938, 60.4925295 ], [ 46.7378608, 60.4931964 ], [ 46.7406284, 60.4947194 ], [ 46.7416239, 60.4955 ], [ 46.7428794, 60.496293 ], [ 46.743056, 60.4964945 ], [ 46.7431982, 60.4966061 ], [ 46.744312, 60.497295 ], [ 46.7457128, 60.4982673 ], [ 46.7468868, 60.498933 ] ] ] ] } },
{ "type": "Feature", "properties": { "NAME": "Урочище \"Орловская роща\"", "NAME_EN": null, "NAME_RU": null, "LEISURE": "nature_reserve", "BOUNDARY": "protected_area", "OSM_TYPE": "way", "OSM_ID": 750674679 }, "geometry": { "type": "MultiPolygon", "coordinates": [ [ [ [ 46.6207402, 60.4956597 ], [ 46.620761, 60.4956487 ], [ 46.618938, 60.4950036 ], [ 46.6157401, 60.4944336 ], [ 46.6031211, 60.4927746 ], [ 46.5951551, 60.4906546 ], [ 46.593315, 60.4929616 ], [ 46.5870711, 60.4956355 ], [ 46.583949, 60.4969775 ], [ 46.581063, 60.4984156 ], [ 46.5807291, 60.5027885 ], [ 46.580032, 60.5072075 ], [ 46.5640629, 60.5055625 ], [ 46.5606559, 60.5067255 ], [ 46.5595229, 60.5047305 ], [ 46.558703, 60.5027174 ], [ 46.5645679, 60.5012056 ], [ 46.565469, 60.5000325 ], [ 46.55896, 60.4988644 ], [ 46.5454231, 60.5003485 ], [ 46.5449079, 60.5005695 ], [ 46.5447899, 60.5011145 ], [ 46.5449309, 60.5016315 ], [ 46.5486689, 60.5040805 ], [ 46.551561, 60.5088995 ], [ 46.55139, 60.5092684 ], [ 46.5512678, 60.5109244 ], [ 46.5509068, 60.5117824 ], [ 46.549995, 60.5127334 ], [ 46.5497489, 60.5133515 ], [ 46.5498728, 60.5139264 ], [ 46.5502048, 60.5144364 ], [ 46.5501089, 60.5154524 ], [ 46.5506399, 60.5159045 ], [ 46.5504038, 60.5163214 ], [ 46.5500709, 60.5165064 ], [ 46.5493849, 60.5166545 ], [ 46.5484008, 60.5173244 ], [ 46.5482278, 60.5178444 ], [ 46.5482978, 60.5185434 ], [ 46.5485978, 60.5189814 ], [ 46.5485228, 60.5198534 ], [ 46.5468979, 60.5207164 ], [ 46.5458518, 60.5214174 ], [ 46.5453149, 60.5219775 ], [ 46.5452489, 60.5227564 ], [ 46.5444978, 60.5233055 ], [ 46.5440448, 60.5240004 ], [ 46.5445948, 60.5248864 ], [ 46.5375587, 60.5325774 ], [ 46.5364107, 60.5328994 ], [ 46.5350266, 60.5339864 ], [ 46.5348335, 60.5348474 ], [ 46.5322776, 60.5356364 ], [ 46.5309067, 60.5345304 ], [ 46.5286968, 60.5336804 ], [ 46.5267418, 60.5336104 ], [ 46.5252637, 60.5330264 ], [ 46.5241046, 60.5327834 ], [ 46.5211537, 60.5335485 ], [ 46.5207036, 60.5340234 ], [ 46.5169485, 60.5387674 ], [ 46.5188025, 60.5428764 ], [ 46.5133197, 60.5425953 ], [ 46.5112615, 60.5424933 ], [ 46.5056826, 60.5428824 ], [ 46.5019546, 60.5449753 ], [ 46.5020935, 60.5459203 ], [ 46.5117066, 60.5456243 ], [ 46.5206767, 60.5471234 ], [ 46.5251396, 60.5484734 ], [ 46.5308046, 60.5464264 ], [ 46.5566887, 60.5427205 ], [ 46.5586216, 60.5484884 ], [ 46.5688357, 60.5499225 ], [ 46.5867737, 60.5509774 ], [ 46.5917517, 60.5483615 ], [ 46.5909797, 60.5446895 ], [ 46.5546697, 60.5359945 ], [ 46.5610858, 60.5278664 ], [ 46.5646018, 60.5215935 ], [ 46.5695099, 60.5216434 ], [ 46.5802168, 60.5187865 ], [ 46.5837899, 60.5195315 ], [ 46.5943198, 60.5188875 ], [ 46.600511, 60.5140876 ], [ 46.6038799, 60.5131895 ], [ 46.6082138, 60.5172765 ], [ 46.6130098, 60.5175035 ], [ 46.61301, 60.5174986 ], [ 46.616873, 60.5120756 ], [ 46.624796, 60.5119836 ], [ 46.627101, 60.5111046 ], [ 46.6265559, 60.5096916 ], [ 46.626213, 60.5076526 ], [ 46.624582, 60.5036597 ], [ 46.622703, 60.5037266 ], [ 46.6207402, 60.4956597 ] ] ] ] } },
{ "type": "Feature", "properties": { "NAME": "Стариный парк \"Спирино\"", "NAME_EN": null, "NAME_RU": null, "LEISURE": "nature_reserve", "BOUNDARY": "protected_area", "OSM_TYPE": "way", "OSM_ID": 750674681 }, "geometry": { "type": "MultiPolygon", "coordinates": [ [ [ [ 46.2687687, 60.5992384 ], [ 46.2700859, 60.5992301 ], [ 46.2702498, 60.5985439 ], [ 46.269047, 60.5984939 ], [ 46.2687687, 60.5992384 ] ] ] ] } },
{ "type": "Feature", "properties": { "NAME": "Геологическое обнажение на реке Шарденьге у деревни Скородум", "NAME_EN": null, "NAME_RU": null, "LEISURE": "nature_reserve", "BOUNDARY": "protected_area", "OSM_TYPE": "way", "OSM_ID": 750674682 }, "geometry": { "type": "MultiPolygon", "coordinates": [ [ [ [ 46.2077032, 60.6259238 ], [ 46.2080336, 60.6259356 ], [ 46.2084073, 60.6258359 ], [ 46.208718, 60.6256006 ], [ 46.2087393, 60.6252949 ], [ 46.2083694, 60.6246645 ], [ 46.2080516, 60.6243682 ], [ 46.2075642, 60.6242272 ], [ 46.2063342, 60.6239846 ], [ 46.2056843, 60.623872 ], [ 46.205298, 60.6237805 ], [ 46.2050912, 60.6236187 ], [ 46.2049984, 60.6234656 ], [ 46.2050103, 60.6232452 ], [ 46.2053099, 60.6229207 ], [ 46.2059142, 60.6226145 ], [ 46.2067592, 60.6223962 ], [ 46.2073045, 60.6223134 ], [ 46.2082158, 60.6222757 ], [ 46.2094308, 60.6221552 ], [ 46.2106882, 60.6220445 ], [ 46.2111455, 60.6219071 ], [ 46.2114621, 60.6216774 ], [ 46.2115543, 60.6204405 ], [ 46.2115449, 60.620309 ], [ 46.2116296, 60.6201923 ], [ 46.2117771, 60.6201461 ], [ 46.2120551, 60.6201105 ], [ 46.212717, 60.6201346 ], [ 46.2134393, 60.6201302 ], [ 46.2143939, 60.6201758 ], [ 46.2146738, 60.6201649 ], [ 46.2152304, 60.620111 ], [ 46.2156453, 60.62011 ], [ 46.2162656, 60.6200407 ], [ 46.2175475, 60.6156303 ], [ 46.2145417, 60.6155097 ], [ 46.21122, 60.6155808 ], [ 46.2080845, 60.6159818 ], [ 46.2065897, 60.6164498 ], [ 46.2065493, 60.6168013 ], [ 46.2064457, 60.617326 ], [ 46.2062985, 60.6178349 ], [ 46.2060795, 60.6184714 ], [ 46.206044, 60.6185733 ], [ 46.2057953, 60.6192554 ], [ 46.2055099, 60.6199775 ], [ 46.205328, 60.6203725 ], [ 46.2050517, 60.6208298 ], [ 46.2048116, 60.6211707 ], [ 46.2045237, 60.6215304 ], [ 46.2036646, 60.6225765 ], [ 46.2031002, 60.6232274 ], [ 46.20276, 60.6236312 ], [ 46.2031654, 60.6238143 ], [ 46.2041786, 60.624203 ], [ 46.2049131, 60.624374 ], [ 46.2055947, 60.6246231 ], [ 46.2063087, 60.6249554 ], [ 46.2066901, 60.6253346 ], [ 46.2070726, 60.6255883 ], [ 46.2073431, 60.6257999 ], [ 46.2077032, 60.6259238 ] ] ] ] } },
{ "type": "Feature", "properties": { "NAME": "Одомченский бор - урочище", "NAME_EN": null, "NAME_RU": null, "LEISURE": "nature_reserve", "BOUNDARY": "protected_area", "OSM_TYPE": "way", "OSM_ID": 750674683 }, "geometry": { "type": "MultiPolygon", "coordinates": [ [ [ [ 46.1105097, 60.7274156 ], [ 46.1110178, 60.7270573 ], [ 46.1115059, 60.7269351 ], [ 46.1133455, 60.7270115 ], [ 46.1136459, 60.7269817 ], [ 46.1137509, 60.7265766 ], [ 46.11399, 60.7264092 ], [ 46.114952, 60.7261432 ], [ 46.1163671, 60.725907 ], [ 46.1180187, 60.7260195 ], [ 46.1184131, 60.7260807 ], [ 46.1185242, 60.7262003 ], [ 46.1183994, 60.7263887 ], [ 46.1159007, 60.7265943 ], [ 46.1152043, 60.726786 ], [ 46.1148568, 60.7273685 ], [ 46.1148428, 60.7275419 ], [ 46.1176666, 60.7273566 ], [ 46.1209489, 60.7267811 ], [ 46.1212475, 60.7264751 ], [ 46.1215704, 60.7264543 ], [ 46.1218157, 60.7265114 ], [ 46.1219782, 60.7264578 ], [ 46.1222218, 60.7262354 ], [ 46.12259, 60.7261898 ], [ 46.1228456, 60.7262192 ], [ 46.1231364, 60.7263996 ], [ 46.1523908, 60.721302 ], [ 46.1524569, 60.7212913 ], [ 46.1523929, 60.7210897 ], [ 46.1522086, 60.7209877 ], [ 46.1518861, 60.7209882 ], [ 46.151547, 60.7210788 ], [ 46.1509812, 60.7212922 ], [ 46.1507197, 60.7213015 ], [ 46.1506933, 60.721229 ], [ 46.1511034, 60.7209729 ], [ 46.1510819, 60.7209027 ], [ 46.1509646, 60.7208822 ], [ 46.1500884, 60.7211168 ], [ 46.1497971, 60.7211064 ], [ 46.1493112, 60.7207988 ], [ 46.1489883, 60.7204023 ], [ 46.1490306, 60.7200164 ], [ 46.1495578, 60.7196043 ], [ 46.1494812, 60.7190238 ], [ 46.1497114, 60.7186846 ], [ 46.1497462, 60.7182178 ], [ 46.1500969, 60.7178695 ], [ 46.1506727, 60.717617 ], [ 46.1509741, 60.717429 ], [ 46.150987, 60.7172737 ], [ 46.1508912, 60.7171634 ], [ 46.1505357, 60.7171658 ], [ 46.1497341, 60.7174108 ], [ 46.1493084, 60.7173866 ], [ 46.1477513, 60.7170348 ], [ 46.1472095, 60.7170498 ], [ 46.1472257, 60.7172564 ], [ 46.1475721, 60.7174571 ], [ 46.1479801, 60.7176295 ], [ 46.1485488, 60.7177549 ], [ 46.1487487, 60.7179486 ], [ 46.1489203, 60.718331 ], [ 46.1489415, 60.7190791 ], [ 46.1488444, 60.719441 ], [ 46.1484142, 60.7195921 ], [ 46.1481506, 60.7196571 ], [ 46.1471211, 60.7197221 ], [ 46.1468091, 60.7195913 ], [ 46.1459171, 60.7187483 ], [ 46.1458939, 60.7185327 ], [ 46.1461246, 60.7182878 ], [ 46.1460764, 60.7180839 ], [ 46.1431895, 60.7165962 ], [ 46.1423665, 60.7166003 ], [ 46.1416202, 60.7166437 ], [ 46.1412348, 60.716499 ], [ 46.1408493, 60.7160644 ], [ 46.1389961, 60.7151583 ], [ 46.1384801, 60.7149181 ], [ 46.1370137, 60.7151095 ], [ 46.1364328, 60.7150831 ], [ 46.1321357, 60.7143589 ], [ 46.1315973, 60.7134104 ], [ 46.1346029, 60.7119886 ], [ 46.1293906, 60.7100065 ], [ 46.1291223, 60.7096736 ], [ 46.1292262, 60.7093934 ], [ 46.1291114, 60.7092517 ], [ 46.1271176, 60.7085118 ], [ 46.1270316, 60.7081923 ], [ 46.1271447, 60.7080873 ], [ 46.12772, 60.7082773 ], [ 46.1303988, 60.7091795 ], [ 46.131792, 60.7097333 ], [ 46.1323474, 60.7096207 ], [ 46.1328068, 60.7096052 ], [ 46.1331724, 60.7096336 ], [ 46.13342, 60.7096934 ], [ 46.1336547, 60.7098551 ], [ 46.1336803, 60.7100309 ], [ 46.1333055, 60.7102108 ], [ 46.1354411, 60.7110536 ], [ 46.135674, 60.7110889 ], [ 46.1363037, 60.7110804 ], [ 46.1364556, 60.7109824 ], [ 46.1365225, 60.7107306 ], [ 46.1367545, 60.7105178 ], [ 46.1370785, 60.7103304 ], [ 46.1356954, 60.709377 ], [ 46.1346958, 60.7082692 ], [ 46.1294008, 60.7066956 ], [ 46.1291127, 60.7064912 ], [ 46.1294614, 60.7059005 ], [ 46.12371, 60.7048111 ], [ 46.1209527, 60.7043109 ], [ 46.1181759, 60.704075 ], [ 46.1174072, 60.7041049 ], [ 46.1173054, 60.7041609 ], [ 46.116967, 60.7045557 ], [ 46.1168217, 60.7052564 ], [ 46.1166543, 60.7053582 ], [ 46.1148474, 60.7053525 ], [ 46.1136858, 60.7052927 ], [ 46.1126228, 60.7052221 ], [ 46.1123463, 60.7052365 ], [ 46.1121028, 60.7052963 ], [ 46.1120239, 60.705442 ], [ 46.1120587, 60.7055907 ], [ 46.1122042, 60.7057187 ], [ 46.1124113, 60.7057832 ], [ 46.1128506, 60.7057357 ], [ 46.1131089, 60.7056526 ], [ 46.1135797, 60.7055918 ], [ 46.1144327, 60.7056648 ], [ 46.1148618, 60.7057286 ], [ 46.1151326, 60.7058533 ], [ 46.1151369, 60.7059075 ], [ 46.1150722, 60.7059661 ], [ 46.1147295, 60.7059793 ], [ 46.1145967, 60.7060157 ], [ 46.1145801, 60.7060803 ], [ 46.1147199, 60.7061414 ], [ 46.1155637, 60.7062769 ], [ 46.1175859, 60.706817 ], [ 46.1191004, 60.7070116 ], [ 46.1198494, 60.7072096 ], [ 46.1203408, 60.7075197 ], [ 46.120458, 60.7081305 ], [ 46.1201836, 60.7084191 ], [ 46.1109294, 60.7064375 ], [ 46.1092846, 60.7061065 ], [ 46.1087288, 60.7066599 ], [ 46.1082948, 60.7067935 ], [ 46.1073637, 60.706837 ], [ 46.1070961, 60.70691 ], [ 46.106983, 60.706998 ], [ 46.1071512, 60.7071025 ], [ 46.1070865, 60.7073292 ], [ 46.1066938, 60.7075526 ], [ 46.1065046, 60.7077111 ], [ 46.1062157, 60.7082564 ], [ 46.1055219, 60.7087497 ], [ 46.1052071, 60.710016 ], [ 46.1048172, 60.7104291 ], [ 46.1047274, 60.7105242 ], [ 46.1041362, 60.7106033 ], [ 46.1040647, 60.7109668 ], [ 46.1042781, 60.7111219 ], [ 46.1046152, 60.7111198 ], [ 46.1048016, 60.7111186 ], [ 46.1055231, 60.7112117 ], [ 46.1059332, 60.7113419 ], [ 46.1059966, 60.7114813 ], [ 46.1058624, 60.7116382 ], [ 46.1049639, 60.7116042 ], [ 46.1045737, 60.7115936 ], [ 46.1042444, 60.7115808 ], [ 46.1041832, 60.7116409 ], [ 46.1042659, 60.7120026 ], [ 46.1043076, 60.7121858 ], [ 46.104724, 60.7121751 ], [ 46.105091, 60.7122148 ], [ 46.1055289, 60.712384 ], [ 46.1059233, 60.7128004 ], [ 46.1067903, 60.7135816 ], [ 46.1074697, 60.7138864 ], [ 46.1082629, 60.7143947 ], [ 46.1087335, 60.7151241 ], [ 46.1089583, 60.7165754 ], [ 46.10885, 60.7186346 ], [ 46.1078836, 60.7208871 ], [ 46.1076055, 60.7221677 ], [ 46.1076363, 60.7236675 ], [ 46.1086344, 60.7254499 ], [ 46.1094771, 60.7265902 ], [ 46.1105097, 60.7274156 ] ] ] ] } },
{ "type": "Feature", "properties": { "NAME": "Геологическое обнажение \"Мяколица\"", "NAME_EN": null, "NAME_RU": null, "LEISURE": "nature_reserve", "BOUNDARY": "protected_area", "OSM_TYPE": "way", "OSM_ID": 750674684 }, "geometry": { "type": "MultiPolygon", "coordinates": [ [ [ [ 45.9116089, 60.6827824 ], [ 45.9132194, 60.683676 ], [ 45.9160673, 60.68466 ], [ 45.9178293, 60.6854089 ], [ 45.9213919, 60.6862306 ], [ 45.9254557, 60.6869048 ], [ 45.9290084, 60.6872029 ], [ 45.931701, 60.6874291 ], [ 45.9348922, 60.6875461 ], [ 45.9379115, 60.6872456 ], [ 45.9388993, 60.6872043 ], [ 45.9409463, 60.6869589 ], [ 45.9441402, 60.6863009 ], [ 45.9467863, 60.6855918 ], [ 45.9496765, 60.6843067 ], [ 45.9509582, 60.6837285 ], [ 45.9529896, 60.6825253 ], [ 45.9541665, 60.6815482 ], [ 45.9553788, 60.6805029 ], [ 45.9565437, 60.6795507 ], [ 45.9573574, 60.6784805 ], [ 45.9586194, 60.6772757 ], [ 45.9506912, 60.6750377 ], [ 45.9502508, 60.6754132 ], [ 45.9489539, 60.6766928 ], [ 45.948267, 60.6775957 ], [ 45.94748, 60.6782389 ], [ 45.9462522, 60.6792975 ], [ 45.9454814, 60.6799371 ], [ 45.9443079, 60.6806321 ], [ 45.9435071, 60.6809933 ], [ 45.941446, 60.6819098 ], [ 45.9401643, 60.6822532 ], [ 45.9380699, 60.6826847 ], [ 45.9374162, 60.682763 ], [ 45.9366095, 60.6827967 ], [ 45.9343121, 60.6830254 ], [ 45.932817, 60.6829706 ], [ 45.9305507, 60.6827802 ], [ 45.9277069, 60.6825416 ], [ 45.924816, 60.6820618 ], [ 45.923121, 60.681671 ], [ 45.9223333, 60.6812932 ], [ 45.921145, 60.6809258 ], [ 45.9186338, 60.6800582 ], [ 45.9163479, 60.6792011 ], [ 45.9152223, 60.6789808 ], [ 45.9147339, 60.6790988 ], [ 45.9144085, 60.6791846 ], [ 45.9140663, 60.6793138 ], [ 45.913801, 60.6795319 ], [ 45.9137511, 60.6796491 ], [ 45.9138863, 60.6802491 ], [ 45.9138367, 60.6803753 ], [ 45.9131186, 60.6807057 ], [ 45.9119138, 60.6812117 ], [ 45.9117153, 60.6812765 ], [ 45.9115209, 60.6814401 ], [ 45.9115071, 60.6815479 ], [ 45.9114751, 60.681656 ], [ 45.9114796, 60.6817636 ], [ 45.9115668, 60.6820949 ], [ 45.911763, 60.682407 ], [ 45.9118629, 60.6826035 ], [ 45.9118304, 60.6827026 ], [ 45.9116089, 60.6827824 ] ] ] ] } },
{ "type": "Feature", "properties": { "NAME": "Урочище \"Цветные кремни\"", "NAME_EN": null, "NAME_RU": null, "LEISURE": "nature_reserve", "BOUNDARY": "protected_area", "OSM_TYPE": "way", "OSM_ID": 750674685 }, "geometry": { "type": "MultiPolygon", "coordinates": [ [ [ [ 45.8353897, 60.6685379 ], [ 45.8356939, 60.6690084 ], [ 45.8366135, 60.6696136 ], [ 45.8374037, 60.6698759 ], [ 45.8402752, 60.6693091 ], [ 45.8446847, 60.6689402 ], [ 45.8498474, 60.6688568 ], [ 45.8686975, 60.6693905 ], [ 45.8690378, 60.6691176 ], [ 45.8687001, 60.6685484 ], [ 45.8674092, 60.6677761 ], [ 45.8664387, 60.6675832 ], [ 45.8653781, 60.6669563 ], [ 45.8647508, 60.6661857 ], [ 45.8632175, 60.6652104 ], [ 45.862933, 60.6647805 ], [ 45.8581757, 60.6647379 ], [ 45.851337, 60.6644971 ], [ 45.8438109, 60.6644096 ], [ 45.8408523, 60.6646083 ], [ 45.8385988, 60.6647977 ], [ 45.8337145, 60.6656224 ], [ 45.83107, 60.6661988 ], [ 45.8292784, 60.6666579 ], [ 45.8285936, 60.6669876 ], [ 45.8294158, 60.6671531 ], [ 45.8300793, 60.667001 ], [ 45.8305608, 60.6669727 ], [ 45.8309395, 60.6668914 ], [ 45.831363, 60.6668509 ], [ 45.8321501, 60.6665741 ], [ 45.8330006, 60.6666481 ], [ 45.8340712, 60.6665413 ], [ 45.8350405, 60.6665824 ], [ 45.8353465, 60.6667699 ], [ 45.8355092, 60.6672311 ], [ 45.835386, 60.6679443 ], [ 45.8353897, 60.6685379 ] ] ] ] } },
{ "type": "Feature", "properties": { "NAME": "ур. \"Бобровский соленый источник\"", "NAME_EN": null, "NAME_RU": null, "LEISURE": "nature_reserve", "BOUNDARY": "protected_area", "OSM_TYPE": "way", "OSM_ID": 750674725 }, "geometry": { "type": "MultiPolygon", "coordinates": [ [ [ [ 44.7597783, 60.4803293 ], [ 44.7600687, 60.4807216 ], [ 44.7602512, 60.4810151 ], [ 44.7606263, 60.4814278 ], [ 44.7610568, 60.4817438 ], [ 44.7612046, 60.4819044 ], [ 44.7612221, 60.4821009 ], [ 44.7612846, 60.4826217 ], [ 44.7616591, 60.4830852 ], [ 44.7622075, 60.4833754 ], [ 44.7622519, 60.4834777 ], [ 44.7698819, 60.484137 ], [ 44.7719716, 60.4840554 ], [ 44.7727079, 60.4839399 ], [ 44.7738261, 60.4836724 ], [ 44.7744144, 60.4834563 ], [ 44.7753206, 60.4833085 ], [ 44.7757448, 60.4832201 ], [ 44.7767501, 60.4830235 ], [ 44.7776073, 60.4828943 ], [ 44.7783753, 60.4828206 ], [ 44.7787571, 60.4827714 ], [ 44.7794812, 60.4827422 ], [ 44.7798125, 60.4827218 ], [ 44.7797724, 60.4824767 ], [ 44.779191, 60.4825049 ], [ 44.7784963, 60.482562 ], [ 44.7776425, 60.4826601 ], [ 44.7762804, 60.4828222 ], [ 44.7752956, 60.4830115 ], [ 44.774438, 60.4832326 ], [ 44.7738571, 60.483391 ], [ 44.7728411, 60.4835957 ], [ 44.7710003, 60.4837758 ], [ 44.7700116, 60.4838743 ], [ 44.7693166, 60.4838946 ], [ 44.7689673, 60.4839048 ], [ 44.7683354, 60.483875 ], [ 44.7679232, 60.4838555 ], [ 44.7671026, 60.4837826 ], [ 44.7658336, 60.483605 ], [ 44.7654466, 60.4831719 ], [ 44.7652643, 60.482861 ], [ 44.764784, 60.4825938 ], [ 44.764437, 60.4824734 ], [ 44.7643382, 60.4824163 ], [ 44.7643025, 60.4823812 ], [ 44.7643257, 60.4821459 ], [ 44.7643376, 60.4819399 ], [ 44.7642502, 60.4816224 ], [ 44.7640352, 60.4812488 ], [ 44.7636721, 60.4809874 ], [ 44.7633317, 60.4807692 ], [ 44.7633296, 60.4805555 ], [ 44.7631212, 60.480334 ], [ 44.7630776, 60.4802642 ], [ 44.7630544, 60.4801302 ], [ 44.7631746, 60.4800532 ], [ 44.763378, 60.4800323 ], [ 44.7640679, 60.4801967 ], [ 44.7647145, 60.4802622 ], [ 44.7652827, 60.4802301 ], [ 44.7659522, 60.480029 ], [ 44.766331, 60.4796682 ], [ 44.7665866, 60.4795203 ], [ 44.7672484, 60.4792018 ], [ 44.7674343, 60.4789811 ], [ 44.7673891, 60.4787037 ], [ 44.7674112, 60.4784757 ], [ 44.7675366, 60.4783566 ], [ 44.7677463, 60.4782941 ], [ 44.7681541, 60.4781535 ], [ 44.7685883, 60.4781216 ], [ 44.7692222, 60.4779862 ], [ 44.769827, 60.4777645 ], [ 44.7702035, 60.4774559 ], [ 44.7708783, 60.4765718 ], [ 44.7711498, 60.4761753 ], [ 44.7712214, 60.4758253 ], [ 44.7712554, 60.4754228 ], [ 44.7698617, 60.4750422 ], [ 44.7690777, 60.4753289 ], [ 44.7686982, 60.4757709 ], [ 44.7684623, 60.4761153 ], [ 44.7682326, 60.4767021 ], [ 44.7681562, 60.4768171 ], [ 44.7680057, 60.4768791 ], [ 44.767045, 60.4769545 ], [ 44.7662503, 60.4772158 ], [ 44.7655907, 60.4774512 ], [ 44.7649487, 60.4780135 ], [ 44.7649013, 60.4785051 ], [ 44.7646857, 60.4786088 ], [ 44.7641927, 60.4788791 ], [ 44.7639889, 60.4788798 ], [ 44.7637772, 60.4788294 ], [ 44.7624672, 60.4786965 ], [ 44.7612531, 60.4788626 ], [ 44.7603073, 60.4792324 ], [ 44.7598266, 60.4798189 ], [ 44.7597783, 60.4803293 ] ] ] ] } },
{ "type": "Feature", "properties": { "NAME": "Геологическое обнажение у деревни Озерки", "NAME_EN": null, "NAME_RU": null, "LEISURE": "nature_reserve", "BOUNDARY": "protected_area", "OSM_TYPE": "way", "OSM_ID": 750674726 }, "geometry": { "type": "MultiPolygon", "coordinates": [ [ [ [ 44.5499509, 60.4765657 ], [ 44.5515717, 60.4765149 ], [ 44.5533111, 60.4761854 ], [ 44.5558125, 60.4758203 ], [ 44.5572821, 60.4755102 ], [ 44.5595889, 60.4752462 ], [ 44.5606363, 60.4749311 ], [ 44.5611169, 60.4754601 ], [ 44.5616846, 60.4757047 ], [ 44.5621688, 60.4761821 ], [ 44.5638053, 60.476534 ], [ 44.5653985, 60.4770121 ], [ 44.56702, 60.4774082 ], [ 44.5688801, 60.4776158 ], [ 44.5704497, 60.4774929 ], [ 44.5709314, 60.4775031 ], [ 44.5713936, 60.477846 ], [ 44.5717071, 60.4778871 ], [ 44.5721054, 60.4778477 ], [ 44.5724745, 60.4779183 ], [ 44.5730326, 60.4779234 ], [ 44.5734024, 60.4780253 ], [ 44.5737273, 60.4782671 ], [ 44.574167, 60.4783315 ], [ 44.5746542, 60.4782621 ], [ 44.5749498, 60.4782487 ], [ 44.575285, 60.4785692 ], [ 44.5760629, 60.4789791 ], [ 44.5769687, 60.4792647 ], [ 44.5778521, 60.4794147 ], [ 44.5791182, 60.4794501 ], [ 44.5796536, 60.4789721 ], [ 44.5800216, 60.4787039 ], [ 44.5806017, 60.4783312 ], [ 44.580799, 60.4781361 ], [ 44.5810131, 60.4778117 ], [ 44.581189, 60.4774376 ], [ 44.581548, 60.4762445 ], [ 44.5815711, 60.475997 ], [ 44.5815318, 60.4751859 ], [ 44.5816337, 60.4738028 ], [ 44.5819711, 60.4728014 ], [ 44.5820022, 60.4724641 ], [ 44.5820524, 60.4719187 ], [ 44.5822542, 60.4717184 ], [ 44.5812793, 60.4713145 ], [ 44.5802421, 60.4709168 ], [ 44.5783794, 60.4705127 ], [ 44.5767201, 60.4698077 ], [ 44.5764529, 60.468421 ], [ 44.5764721, 60.4682756 ], [ 44.5763861, 60.4677443 ], [ 44.5762594, 60.466653 ], [ 44.5730734, 60.4671283 ], [ 44.5702798, 60.468012 ], [ 44.5672591, 60.4693905 ], [ 44.566545, 60.4699447 ], [ 44.5639765, 60.4706907 ], [ 44.5626238, 60.471073 ], [ 44.5609242, 60.4713187 ], [ 44.5602522, 60.4713038 ], [ 44.5599144, 60.4713596 ], [ 44.5592625, 60.4713459 ], [ 44.5580951, 60.4714327 ], [ 44.5572306, 60.4714802 ], [ 44.5563549, 60.4713605 ], [ 44.5557032, 60.4712857 ], [ 44.5547182, 60.4710095 ], [ 44.5541838, 60.4709656 ], [ 44.5526706, 60.4707298 ], [ 44.5519329, 60.470634 ], [ 44.5512698, 60.4703725 ], [ 44.550168, 60.4697537 ], [ 44.5499509, 60.4765657 ] ] ] ] } },
{ "type": "Feature", "properties": { "NAME": "Сельменьгский лес", "NAME_EN": null, "NAME_RU": null, "LEISURE": "nature_reserve", "BOUNDARY": "protected_area", "OSM_TYPE": "way", "OSM_ID": 750674727 }, "geometry": { "type": "MultiPolygon", "coordinates": [ [ [ [ 44.4001894, 60.3648354 ], [ 44.4423814, 60.3618156 ], [ 44.4406777, 60.3559872 ], [ 44.4650764, 60.3540797 ], [ 44.486741, 60.3523612 ], [ 44.4853653, 60.3516993 ], [ 44.4843219, 60.3480532 ], [ 44.4897985, 60.3464738 ], [ 44.4871216, 60.3431539 ], [ 44.490179, 60.3406776 ], [ 44.5030577, 60.3345633 ], [ 44.5029154, 60.3343147 ], [ 44.5032937, 60.3334897 ], [ 44.5038366, 60.3327177 ], [ 44.5056415, 60.3312806 ], [ 44.5065445, 60.3302391 ], [ 44.5053228, 60.3300052 ], [ 44.5052083, 60.3298065 ], [ 44.5046636, 60.3298058 ], [ 44.5045619, 60.3297043 ], [ 44.504983, 60.3294887 ], [ 44.5053259, 60.329295 ], [ 44.5051526, 60.3291276 ], [ 44.5048606, 60.3289872 ], [ 44.5048974, 60.3288243 ], [ 44.5051716, 60.3285892 ], [ 44.505779, 60.3282798 ], [ 44.5049842, 60.3281451 ], [ 44.5041519, 60.3283563 ], [ 44.5030707, 60.3283865 ], [ 44.5026434, 60.3286305 ], [ 44.5022333, 60.3289746 ], [ 44.5013866, 60.3292699 ], [ 44.5010613, 60.3295357 ], [ 44.5011489, 60.3298924 ], [ 44.5012758, 60.3301146 ], [ 44.5010983, 60.3302819 ], [ 44.5007181, 60.3303444 ], [ 44.5002005, 60.3302894 ], [ 44.4997071, 60.3301165 ], [ 44.4992974, 60.3300146 ], [ 44.4991592, 60.3300635 ], [ 44.4991425, 60.3302265 ], [ 44.4991961, 60.3305472 ], [ 44.498889, 60.330718 ], [ 44.4986179, 60.330949 ], [ 44.4987586, 60.3311575 ], [ 44.4988005, 60.3315088 ], [ 44.498562, 60.3319652 ], [ 44.4984075, 60.3323592 ], [ 44.4979366, 60.3325667 ], [ 44.4979277, 60.3327024 ], [ 44.4984689, 60.3327563 ], [ 44.4986045, 60.3330257 ], [ 44.4984263, 60.333828 ], [ 44.4974545, 60.3343817 ], [ 44.4964989, 60.3351077 ], [ 44.4957438, 60.3354632 ], [ 44.4954039, 60.3359909 ], [ 44.4944605, 60.3364524 ], [ 44.4937383, 60.3367838 ], [ 44.4931937, 60.3368809 ], [ 44.4930133, 60.3368174 ], [ 44.4927331, 60.3367859 ], [ 44.4923633, 60.3369009 ], [ 44.4916761, 60.3370676 ], [ 44.4912314, 60.337074 ], [ 44.4904156, 60.3368627 ], [ 44.4490748, 60.3232504 ], [ 44.4427034, 60.3244489 ], [ 44.4310138, 60.3303385 ], [ 44.4164415, 60.3320129 ], [ 44.4126448, 60.3329581 ], [ 44.4102931, 60.3327614 ], [ 44.4090017, 60.3211926 ], [ 44.4151087, 60.3107497 ], [ 44.4073171, 60.3101207 ], [ 44.4069804, 60.3093837 ], [ 44.405098, 60.3107836 ], [ 44.4032709, 60.3117318 ], [ 44.4015896, 60.3123508 ], [ 44.399423, 60.3127932 ], [ 44.397668, 60.3132718 ], [ 44.3965762, 60.313909 ], [ 44.3963208, 60.3145407 ], [ 44.396316, 60.3155611 ], [ 44.3961695, 60.3161732 ], [ 44.395204, 60.3166962 ], [ 44.3938117, 60.3170617 ], [ 44.3930691, 60.3174891 ], [ 44.3925579, 60.3183171 ], [ 44.3918128, 60.3184824 ], [ 44.3898104, 60.3184345 ], [ 44.389268, 60.3184888 ], [ 44.3889834, 60.3187877 ], [ 44.3892399, 60.3192032 ], [ 44.3901023, 60.3194731 ], [ 44.3913497, 60.3195003 ], [ 44.392425, 60.3198548 ], [ 44.3930221, 60.3202255 ], [ 44.393307, 60.3208118 ], [ 44.393827, 60.3227229 ], [ 44.3935911, 60.3244432 ], [ 44.3930365, 60.3257285 ], [ 44.3924112, 60.3262506 ], [ 44.3910368, 60.326564 ], [ 44.3904, 60.3268277 ], [ 44.3901006, 60.32724 ], [ 44.3902863, 60.3276864 ], [ 44.390818, 60.3278617 ], [ 44.3916871, 60.3278482 ], [ 44.3922916, 60.327845 ], [ 44.392746, 60.3279769 ], [ 44.3930768, 60.3283346 ], [ 44.3933099, 60.3308811 ], [ 44.400009, 60.3306717 ], [ 44.4021852, 60.3340931 ], [ 44.4031766, 60.3360068 ], [ 44.4000126, 60.3373298 ], [ 44.3957865, 60.3450901 ], [ 44.3951896, 60.3475675 ], [ 44.3996986, 60.3487964 ], [ 44.3952984, 60.3506204 ], [ 44.4001894, 60.3648354 ] ] ] ] } },
{ "type": "Feature", "properties": { "NAME": "Ермолинское болото", "NAME_EN": null, "NAME_RU": null, "LEISURE": "nature_reserve", "BOUNDARY": "protected_area", "OSM_TYPE": "way", "OSM_ID": 750674735 }, "geometry": { "type": "MultiPolygon", "coordinates": [ [ [ [ 40.3937596, 58.7626602 ], [ 40.3946207, 58.7626571 ], [ 40.3950019, 58.7625624 ], [ 40.3955978, 58.7623278 ], [ 40.3964984, 58.7617689 ], [ 40.3971456, 58.7612513 ], [ 40.3973798, 58.7611553 ], [ 40.397772, 58.7610913 ], [ 40.3981478, 58.7609139 ], [ 40.3998236, 58.7595956 ], [ 40.4004827, 58.7587703 ], [ 40.400554, 58.7585901 ], [ 40.4010724, 58.7582709 ], [ 40.4020603, 58.7575678 ], [ 40.4026937, 58.7572759 ], [ 40.403413, 58.7570187 ], [ 40.4050339, 58.7560478 ], [ 40.4050334, 58.7559105 ], [ 40.4044409, 58.7545836 ], [ 40.4042003, 58.7542677 ], [ 40.4019213, 58.7543531 ], [ 40.4018234, 58.7547378 ], [ 40.4014643, 58.7549701 ], [ 40.3998151, 58.7557782 ], [ 40.3990003, 58.7562477 ], [ 40.3989164, 58.7560409 ], [ 40.3987688, 58.7558748 ], [ 40.3985556, 58.7558081 ], [ 40.3978845, 58.7557021 ], [ 40.3973277, 58.7555705 ], [ 40.3965779, 58.7557045 ], [ 40.3959939, 58.7560849 ], [ 40.3954953, 58.75665 ], [ 40.3949176, 58.7568407 ], [ 40.3944271, 58.7571625 ], [ 40.3940232, 58.7572776 ], [ 40.3935893, 58.7572678 ], [ 40.3925687, 58.7570391 ], [ 40.3922495, 58.7570126 ], [ 40.3919614, 58.7570871 ], [ 40.3916187, 58.7574281 ], [ 40.3915428, 58.757647 ], [ 40.3915178, 58.7579874 ], [ 40.3913525, 58.7581462 ], [ 40.3904542, 58.7583576 ], [ 40.3901054, 58.7585383 ], [ 40.3895167, 58.7590611 ], [ 40.3895086, 58.7593043 ], [ 40.3896911, 58.759656 ], [ 40.3900605, 58.7598848 ], [ 40.3907287, 58.7600687 ], [ 40.3913531, 58.7601961 ], [ 40.3915647, 58.7603641 ], [ 40.3917961, 58.7609655 ], [ 40.3917878, 58.7612145 ], [ 40.3918135, 58.7614699 ], [ 40.3920311, 58.7618041 ], [ 40.3925589, 58.7620818 ], [ 40.3932489, 58.7622956 ], [ 40.3936102, 58.7624294 ], [ 40.3937596, 58.7626602 ] ] ] ] } },
{ "type": "Feature", "properties": { "NAME": "\"Старый парк\" в деревне Юношеское", "NAME_EN": null, "NAME_RU": null, "LEISURE": "nature_reserve", "BOUNDARY": "protected_area", "OSM_TYPE": "way", "OSM_ID": 750674736 }, "geometry": { "type": "MultiPolygon", "coordinates": [ [ [ [ 40.3276222, 58.7617907 ], [ 40.3282907, 58.761995 ], [ 40.3296898, 58.7622831 ], [ 40.3299431, 58.7623068 ], [ 40.3320432, 58.7603264 ], [ 40.3308993, 58.7601713 ], [ 40.3304577, 58.7596901 ], [ 40.3292071, 58.7594 ], [ 40.3271112, 58.7615781 ], [ 40.3276222, 58.7617907 ] ] ] ] } },
{ "type": "Feature", "properties": { "NAME": "Введения Пресвятой Богородицы Корнильево-Комельский монастырь", "NAME_EN": null, "NAME_RU": null, "LEISURE": "nature_reserve", "BOUNDARY": "protected_area", "OSM_TYPE": "way", "OSM_ID": 750674737 }, "geometry": { "type": "MultiPolygon", "coordinates": [ [ [ [ 40.2377684, 58.8244987 ], [ 40.2384731, 58.8247151 ], [ 40.2389732, 58.8243412 ], [ 40.238265, 58.824093 ], [ 40.2377684, 58.8244987 ] ] ] ] } },
{ "type": "Feature", "properties": { "NAME": "Оленевский бор", "NAME_EN": null, "NAME_RU": null, "LEISURE": "nature_reserve", "BOUNDARY": "protected_area", "OSM_TYPE": "way", "OSM_ID": 750674739 }, "geometry": { "type": "MultiPolygon", "coordinates": [ [ [ [ 46.2480169, 60.0533307 ], [ 46.2536463, 60.050252 ], [ 46.2707148, 60.0494572 ], [ 46.269052, 60.047156 ], [ 46.2983204, 60.0356638 ], [ 46.294553, 60.0348554 ], [ 46.2925459, 60.0319597 ], [ 46.3044252, 60.0271954 ], [ 46.3094392, 60.0280858 ], [ 46.3195707, 60.0280031 ], [ 46.3209028, 60.0271734 ], [ 46.3196293, 60.0199692 ], [ 46.3264681, 60.0151561 ], [ 46.3295873, 60.0143677 ], [ 46.343482, 60.0192574 ], [ 46.3454378, 60.0184645 ], [ 46.3481876, 60.01647 ], [ 46.3486785, 60.0161009 ], [ 46.3544023, 60.0145036 ], [ 46.3574542, 60.0106149 ], [ 46.362401, 60.009904 ], [ 46.3711926, 60.0102157 ], [ 46.3761461, 60.0145187 ], [ 46.379943, 60.0165002 ], [ 46.3812235, 60.0188829 ], [ 46.3902159, 60.0196882 ], [ 46.398839, 60.0178038 ], [ 46.3973922, 60.015266 ], [ 46.3984329, 60.0055382 ], [ 46.3874907, 60.0015308 ], [ 46.3785116, 60.0006378 ], [ 46.3651259, 59.9972936 ], [ 46.3637982, 60.0046096 ], [ 46.3237362, 60.0070425 ], [ 46.2885196, 60.0096102 ], [ 46.2907924, 60.0124718 ], [ 46.2862348, 60.0172988 ], [ 46.2796039, 60.0118491 ], [ 46.2708326, 60.0119517 ], [ 46.2641257, 60.0106014 ], [ 46.2566324, 60.0096384 ], [ 46.2483899, 59.9836022 ], [ 46.2440975, 59.9828124 ], [ 46.2437834, 59.9820716 ], [ 46.2397809, 59.9816144 ], [ 46.2389682, 59.9818007 ], [ 46.2178644, 59.9824864 ], [ 46.2113997, 59.981885 ], [ 46.2070863, 59.979801 ], [ 46.1982492, 59.9819496 ], [ 46.1929417, 59.9849807 ], [ 46.1931887, 59.9953215 ], [ 46.2052838, 60.0012344 ], [ 46.2211408, 60.0066022 ], [ 46.2246709, 60.0012427 ], [ 46.2444841, 60.0074449 ], [ 46.2454338, 60.0165265 ], [ 46.2497178, 60.0272359 ], [ 46.2383662, 60.0283213 ], [ 46.2447054, 60.0510342 ], [ 46.2480169, 60.0533307 ] ] ] ] } },
{ "type": "Feature", "properties": { "NAME": "Урочище \"Лопата\"", "NAME_EN": null, "NAME_RU": null, "LEISURE": "nature_reserve", "BOUNDARY": "protected_area", "OSM_TYPE": "way", "OSM_ID": 750674740 }, "geometry": { "type": "MultiPolygon", "coordinates": [ [ [ [ 45.4481417, 59.7413199 ], [ 45.4491503, 59.7400115 ], [ 45.4571013, 59.7418986 ], [ 45.4606513, 59.7418959 ], [ 45.4650219, 59.7415414 ], [ 45.4683378, 59.7430412 ], [ 45.4696019, 59.7432485 ], [ 45.47202, 59.7429478 ], [ 45.4736055, 59.7422916 ], [ 45.4747874, 59.7411765 ], [ 45.4750319, 59.7405959 ], [ 45.4750227, 59.7400612 ], [ 45.4746573, 59.7392415 ], [ 45.4741757, 59.7377048 ], [ 45.4745997, 59.73654 ], [ 45.4743312, 59.7356186 ], [ 45.4721286, 59.7335733 ], [ 45.4701827, 59.7323868 ], [ 45.4672229, 59.7319249 ], [ 45.4660744, 59.7315285 ], [ 45.4654872, 59.7308544 ], [ 45.4658534, 59.7291667 ], [ 45.4654824, 59.728381 ], [ 45.4633276, 59.7270164 ], [ 45.4626464, 59.7261601 ], [ 45.46307, 59.7254815 ], [ 45.4644137, 59.7234725 ], [ 45.4643465, 59.7227201 ], [ 45.463135, 59.721482 ], [ 45.4618336, 59.7210086 ], [ 45.4598772, 59.7201515 ], [ 45.4577984, 59.7201344 ], [ 45.4556525, 59.7199395 ], [ 45.4551156, 59.7193032 ], [ 45.4554683, 59.7177379 ], [ 45.4552164, 59.7169194 ], [ 45.4546091, 59.7162456 ], [ 45.4532541, 59.7158029 ], [ 45.4525112, 59.7153441 ], [ 45.452156, 59.714407 ], [ 45.4535601, 59.7131722 ], [ 45.453793, 59.7121954 ], [ 45.4548227, 59.7110703 ], [ 45.456612, 59.7101364 ], [ 45.4575291, 59.7094692 ], [ 45.4591982, 59.7069895 ], [ 45.4613387, 59.7061385 ], [ 45.4640042, 59.7059312 ], [ 45.4678611, 59.7063089 ], [ 45.4690684, 59.7070837 ], [ 45.470262, 59.7097814 ], [ 45.469904, 59.7114918 ], [ 45.4700565, 59.7133925 ], [ 45.4711696, 59.7155531 ], [ 45.4733977, 59.7177195 ], [ 45.4782675, 59.7195459 ], [ 45.4788632, 59.7195906 ], [ 45.4822952, 59.7169598 ], [ 45.4930835, 59.70851 ], [ 45.4922839, 59.70757 ], [ 45.4945083, 59.7047862 ], [ 45.4928019, 59.702985 ], [ 45.4776679, 59.7043134 ], [ 45.4730251, 59.6987123 ], [ 45.4779621, 59.6959233 ], [ 45.4680891, 59.6945245 ], [ 45.4665552, 59.693347 ], [ 45.4491592, 59.6968624 ], [ 45.4478478, 59.6965635 ], [ 45.4329159, 59.6942433 ], [ 45.4230836, 59.6930635 ], [ 45.4079669, 59.6916143 ], [ 45.4064346, 59.6969165 ], [ 45.4061034, 59.6983791 ], [ 45.4062136, 59.6999319 ], [ 45.4058379, 59.7031205 ], [ 45.4064116, 59.7026541 ], [ 45.4077887, 59.7016908 ], [ 45.4082404, 59.7015055 ], [ 45.4087291, 59.7013884 ], [ 45.4097494, 59.70143 ], [ 45.4112897, 59.7014628 ], [ 45.4124927, 59.7015943 ], [ 45.4131781, 59.7018257 ], [ 45.4136234, 59.7020187 ], [ 45.4154465, 59.7027251 ], [ 45.4171303, 59.7029659 ], [ 45.4193132, 59.7032088 ], [ 45.4199853, 59.7031901 ], [ 45.4213587, 59.702929 ], [ 45.4233582, 59.7030604 ], [ 45.4239394, 59.7033622 ], [ 45.4246154, 59.703972 ], [ 45.4252625, 59.7047665 ], [ 45.4256919, 59.7053534 ], [ 45.4275289, 59.7060248 ], [ 45.4288704, 59.7065681 ], [ 45.4296624, 59.7068094 ], [ 45.4306996, 59.7069918 ], [ 45.431548, 59.7077528 ], [ 45.4318712, 59.708335 ], [ 45.4320944, 59.7087517 ], [ 45.4325357, 59.7089739 ], [ 45.4332201, 59.7090568 ], [ 45.4339651, 59.7091108 ], [ 45.4351726, 59.7089955 ], [ 45.4359467, 59.7089527 ], [ 45.436354, 59.7091001 ], [ 45.4365116, 59.7094368 ], [ 45.436805, 59.7100888 ], [ 45.4370577, 59.7103473 ], [ 45.4375245, 59.7107301 ], [ 45.437923, 59.7109473 ], [ 45.4383315, 59.7111268 ], [ 45.4389627, 59.7113049 ], [ 45.4403716, 59.7115687 ], [ 45.4430255, 59.7118755 ], [ 45.443467, 59.7121084 ], [ 45.4435823, 59.7124454 ], [ 45.4433803, 59.7128328 ], [ 45.4428797, 59.7131847 ], [ 45.4411627, 59.7137782 ], [ 45.439662, 59.7144639 ], [ 45.438865, 59.7152467 ], [ 45.4385675, 59.7164743 ], [ 45.4385767, 59.7172141 ], [ 45.438667, 59.7178325 ], [ 45.4390969, 59.7180226 ], [ 45.4402756, 59.718406 ], [ 45.4406643, 59.7186499 ], [ 45.44067, 59.7188643 ], [ 45.440495, 59.7190747 ], [ 45.4397436, 59.7192531 ], [ 45.4387678, 59.719308 ], [ 45.4381326, 59.7193873 ], [ 45.437511, 59.7195845 ], [ 45.4368299, 59.7199376 ], [ 45.4360249, 59.7204255 ], [ 45.4336131, 59.7212858 ], [ 45.4327325, 59.7217313 ], [ 45.4323479, 59.7220503 ], [ 45.432397, 59.7223019 ], [ 45.4326043, 59.722515 ], [ 45.4331917, 59.7227695 ], [ 45.4345617, 59.7232689 ], [ 45.4320022, 59.7231918 ], [ 45.4261441, 59.7233129 ], [ 45.4243366, 59.7235013 ], [ 45.4252679, 59.7240461 ], [ 45.4278828, 59.7246678 ], [ 45.4285911, 59.7250268 ], [ 45.4294205, 59.726511 ], [ 45.4295959, 59.7273396 ], [ 45.4291298, 59.7279623 ], [ 45.4291755, 59.7305119 ], [ 45.4291456, 59.7324258 ], [ 45.4294879, 59.7329733 ], [ 45.4300652, 59.7337828 ], [ 45.4298317, 59.7349481 ], [ 45.4339674, 59.7357968 ], [ 45.4357856, 59.7351816 ], [ 45.4378093, 59.7359588 ], [ 45.4417553, 59.7390087 ], [ 45.4441827, 59.7404707 ], [ 45.4481417, 59.7413199 ] ] ] ] } },
{ "type": "Feature", "properties": { "NAME": "Бобришный угор", "NAME_EN": null, "NAME_RU": null, "LEISURE": "nature_reserve", "BOUNDARY": "protected_area", "OSM_TYPE": "way", "OSM_ID": 750674743 }, "geometry": { "type": "MultiPolygon", "coordinates": [ [ [ [ 45.5329306, 59.3756777 ], [ 45.5319972, 59.3770972 ], [ 45.5235388, 59.3785417 ], [ 45.5212694, 59.3789778 ], [ 45.5195556, 59.3799222 ], [ 45.5181777, 59.3799611 ], [ 45.5119195, 59.3824722 ], [ 45.5136306, 59.38375 ], [ 45.5131945, 59.3845667 ], [ 45.5127972, 59.3856861 ], [ 45.5123501, 59.3864556 ], [ 45.5117834, 59.3872 ], [ 45.511439, 59.3877834 ], [ 45.5113445, 59.3880083 ], [ 45.511486, 59.3882333 ], [ 45.511864, 59.3885472 ], [ 45.5121999, 59.3887528 ], [ 45.5127667, 59.388925 ], [ 45.5150805, 59.3896389 ], [ 45.5181195, 59.3905333 ], [ 45.5197528, 59.3910973 ], [ 45.5203334, 59.3913417 ], [ 45.5206305, 59.39165 ], [ 45.5208667, 59.3920611 ], [ 45.5208916, 59.3925028 ], [ 45.5207361, 59.3928139 ], [ 45.5205389, 59.393125 ], [ 45.5199166, 59.3934917 ], [ 45.5188194, 59.3941611 ], [ 45.5187278, 59.3944084 ], [ 45.518811, 59.3947361 ], [ 45.5190861, 59.395025 ], [ 45.5195, 59.3953362 ], [ 45.5205527, 59.3957583 ], [ 45.5213138, 59.3960223 ], [ 45.5225472, 59.3962528 ], [ 45.5234805, 59.3963778 ], [ 45.5242333, 59.3963916 ], [ 45.5249833, 59.3963722 ], [ 45.5252888, 59.3963277 ], [ 45.5256584, 59.3961889 ], [ 45.5262056, 59.39615 ], [ 45.5266, 59.3961416 ], [ 45.5268888, 59.3962083 ], [ 45.527261, 59.3963889 ], [ 45.5277167, 59.3967111 ], [ 45.5279916, 59.3970084 ], [ 45.5280666, 59.3975166 ], [ 45.530014, 59.397275 ], [ 45.5315638, 59.3956334 ], [ 45.5326166, 59.3947333 ], [ 45.5338611, 59.3939028 ], [ 45.5356972, 59.3937583 ], [ 45.5383972, 59.3941027 ], [ 45.5400944, 59.3933667 ], [ 45.5394445, 59.3925139 ], [ 45.5394222, 59.3921361 ], [ 45.5396056, 59.3918917 ], [ 45.5405667, 59.3915834 ], [ 45.5413306, 59.3915722 ], [ 45.5418056, 59.3916389 ], [ 45.5420917, 59.3923278 ], [ 45.5431222, 59.3927722 ], [ 45.5425861, 59.3931639 ], [ 45.5429472, 59.3933139 ], [ 45.5447083, 59.3933028 ], [ 45.5447778, 59.3941862 ], [ 45.5461805, 59.3945722 ], [ 45.5464472, 59.3943639 ], [ 45.5464471, 59.3941028 ], [ 45.5469195, 59.3940278 ], [ 45.5474833, 59.3937778 ], [ 45.5474639, 59.3930222 ], [ 45.5475473, 59.3927973 ], [ 45.5480249, 59.3926167 ], [ 45.548489, 59.3925 ], [ 45.5488917, 59.3922083 ], [ 45.5491445, 59.3918028 ], [ 45.5491111, 59.3914917 ], [ 45.5489416, 59.3908889 ], [ 45.5484416, 59.3901583 ], [ 45.5478333, 59.3896528 ], [ 45.5471944, 59.3892556 ], [ 45.5467972, 59.3890416 ], [ 45.5470833, 59.3881528 ], [ 45.5470083, 59.3878972 ], [ 45.5457861, 59.3875278 ], [ 45.5466361, 59.3871667 ], [ 45.54675, 59.386725 ], [ 45.5468667, 59.3863056 ], [ 45.5468277, 59.3858945 ], [ 45.5472639, 59.3856 ], [ 45.5474056, 59.3856111 ], [ 45.54755, 59.3859472 ], [ 45.5477639, 59.3859362 ], [ 45.5479777, 59.3856139 ], [ 45.5484278, 59.3852778 ], [ 45.5484555, 59.3849139 ], [ 45.5493473, 59.3843028 ], [ 45.5500388, 59.3843083 ], [ 45.5503361, 59.3844056 ], [ 45.5504194, 59.3845333 ], [ 45.550414, 59.3847028 ], [ 45.5492667, 59.3848111 ], [ 45.5492721, 59.3853556 ], [ 45.5504, 59.3850473 ], [ 45.552839, 59.384875 ], [ 45.5531027, 59.3840944 ], [ 45.5538306, 59.383675 ], [ 45.5543111, 59.3832972 ], [ 45.5549334, 59.3831333 ], [ 45.5559973, 59.3831111 ], [ 45.5554362, 59.3821611 ], [ 45.5543138, 59.3822889 ], [ 45.5539473, 59.3818223 ], [ 45.5534777, 59.3813306 ], [ 45.553014, 59.3811833 ], [ 45.5524306, 59.3811333 ], [ 45.5521611, 59.381175 ], [ 45.5513277, 59.3815723 ], [ 45.5510945, 59.3814916 ], [ 45.5511695, 59.3811667 ], [ 45.5521916, 59.3809222 ], [ 45.5521583, 59.3807528 ], [ 45.5510916, 59.3801417 ], [ 45.5509167, 59.3779195 ], [ 45.5501084, 59.3778194 ], [ 45.5497056, 59.3769611 ], [ 45.5493583, 59.3764055 ], [ 45.5491168, 59.3758723 ], [ 45.5487889, 59.3752945 ], [ 45.5483889, 59.3750722 ], [ 45.5476555, 59.3747555 ], [ 45.5471001, 59.3747417 ], [ 45.5466195, 59.3748083 ], [ 45.5462362, 59.3747 ], [ 45.5457666, 59.3753056 ], [ 45.5454666, 59.3756027 ], [ 45.5451889, 59.3761 ], [ 45.5442194, 59.3764111 ], [ 45.5434445, 59.3768944 ], [ 45.5427583, 59.3774445 ], [ 45.5416749, 59.3771444 ], [ 45.5413751, 59.3768278 ], [ 45.5413472, 59.376475 ], [ 45.5413499, 59.3760806 ], [ 45.5415611, 59.3757389 ], [ 45.5416999, 59.3754389 ], [ 45.5415473, 59.3751639 ], [ 45.5413029, 59.3749139 ], [ 45.5409334, 59.3748528 ], [ 45.5405167, 59.3748417 ], [ 45.5399805, 59.3747278 ], [ 45.5395999, 59.3745972 ], [ 45.539325, 59.3746111 ], [ 45.5392305, 59.374725 ], [ 45.5392639, 59.3749055 ], [ 45.5393694, 59.3750417 ], [ 45.5399528, 59.3754055 ], [ 45.5400945, 59.3756195 ], [ 45.5401, 59.3758528 ], [ 45.5399583, 59.3760417 ], [ 45.5397389, 59.3761333 ], [ 45.5394167, 59.3760973 ], [ 45.5390556, 59.375975 ], [ 45.5388751, 59.3758639 ], [ 45.5361139, 59.3758917 ], [ 45.535261, 59.3763889 ], [ 45.5357694, 59.3774834 ], [ 45.5341139, 59.3776056 ], [ 45.5329306, 59.3756777 ] ] ] ] } },
{ "type": "Feature", "properties": { "NAME": "Талицкий лес", "NAME_EN": null, "NAME_RU": null, "LEISURE": "nature_reserve", "BOUNDARY": "protected_area", "OSM_TYPE": "way", "OSM_ID": 750674744 }, "geometry": { "type": "MultiPolygon", "coordinates": [ [ [ [ 44.9094264, 59.4138432 ], [ 44.950138, 59.4106568 ], [ 44.9541844, 59.4151085 ], [ 44.9843686, 59.4132665 ], [ 44.9791169, 59.3941455 ], [ 44.9749754, 59.3774471 ], [ 44.9412359, 59.379176 ], [ 44.9005342, 59.3815679 ], [ 44.9094264, 59.4138432 ] ] ] ] } },
{ "type": "Feature", "properties": { "NAME": "Гладкий бор", "NAME_EN": null, "NAME_RU": null, "LEISURE": "nature_reserve", "BOUNDARY": "protected_area", "OSM_TYPE": "way", "OSM_ID": 750674745 }, "geometry": { "type": "MultiPolygon", "coordinates": [ [ [ [ 44.3944707, 59.3872522 ], [ 44.3946933, 59.3872567 ], [ 44.3994253, 59.3873549 ], [ 44.4003409, 59.3873277 ], [ 44.4012935, 59.3871841 ], [ 44.4022486, 59.3869056 ], [ 44.4034674, 59.3866464 ], [ 44.4050027, 59.3863975 ], [ 44.407264, 59.3858918 ], [ 44.4233808, 59.3849497 ], [ 44.4588347, 59.3828708 ], [ 44.4937558, 59.3808163 ], [ 44.5121198, 59.3797271 ], [ 44.5120224, 59.379503 ], [ 44.5114988, 59.3790802 ], [ 44.5112163, 59.3789152 ], [ 44.5107976, 59.3787527 ], [ 44.5096069, 59.3783428 ], [ 44.5270164, 59.3776914 ], [ 44.5223605, 59.3597525 ], [ 44.4814855, 59.3625318 ], [ 44.4789473, 59.3632667 ], [ 44.454863, 59.3650444 ], [ 44.4194888, 59.3676476 ], [ 44.4081649, 59.3685303 ], [ 44.4079656, 59.3688704 ], [ 44.3902545, 59.3698572 ], [ 44.3906948, 59.371707 ], [ 44.3941712, 59.3861056 ], [ 44.3944707, 59.3872522 ] ] ] ] } },
{ "type": "Feature", "properties": { "NAME": "Ёюгский бор", "NAME_EN": null, "NAME_RU": null, "LEISURE": "nature_reserve", "BOUNDARY": "protected_area", "OSM_TYPE": "way", "OSM_ID": 750674753 }, "geometry": { "type": "MultiPolygon", "coordinates": [ [ [ [ 44.4098889, 59.8906678 ], [ 44.4420487, 59.8902253 ], [ 44.4921617, 59.8926374 ], [ 44.4743512, 59.8742849 ], [ 44.4414211, 59.8651147 ], [ 44.4336978, 59.8671177 ], [ 44.4313023, 59.8664096 ], [ 44.4309893, 59.8662927 ], [ 44.4306693, 59.8665686 ], [ 44.4302623, 59.8665746 ], [ 44.4301683, 59.8662076 ], [ 44.4300583, 59.8658856 ], [ 44.4299763, 59.8654987 ], [ 44.4297602, 59.8653926 ], [ 44.4294992, 59.8654457 ], [ 44.4293172, 59.8653956 ], [ 44.4291773, 59.8652716 ], [ 44.4289523, 59.8653096 ], [ 44.4288074, 59.8653126 ], [ 44.4287373, 59.8651407 ], [ 44.4286302, 59.8651026 ], [ 44.4284934, 59.8651317 ], [ 44.4283792, 59.8651476 ], [ 44.4282943, 59.8651387 ], [ 44.4282652, 59.8650957 ], [ 44.4282103, 59.8650347 ], [ 44.4281212, 59.8649806 ], [ 44.4278433, 59.8649946 ], [ 44.4274873, 59.8649586 ], [ 44.4272402, 59.8648427 ], [ 44.4271213, 59.8647047 ], [ 44.4269833, 59.8645716 ], [ 44.4268063, 59.8645476 ], [ 44.4266212, 59.8646047 ], [ 44.4264743, 59.8646067 ], [ 44.4264552, 59.8644596 ], [ 44.4263734, 59.8644356 ], [ 44.4263283, 59.8644656 ], [ 44.4262044, 59.8644716 ], [ 44.4261714, 59.8643227 ], [ 44.4260644, 59.8643067 ], [ 44.4259553, 59.8643277 ], [ 44.4258253, 59.8643716 ], [ 44.4257352, 59.8643177 ], [ 44.4255933, 59.8641336 ], [ 44.4253853, 59.8640196 ], [ 44.4252203, 59.8639816 ], [ 44.4250813, 59.8640166 ], [ 44.4248573, 59.8638956 ], [ 44.4246033, 59.8638986 ], [ 44.4245473, 59.8639376 ], [ 44.4243943, 59.8639826 ], [ 44.4241992, 59.8639446 ], [ 44.4239964, 59.8638687 ], [ 44.4231933, 59.8640816 ], [ 44.4225703, 59.8640746 ], [ 44.4223924, 59.8641826 ], [ 44.4222103, 59.8642096 ], [ 44.4220293, 59.8642427 ], [ 44.4221443, 59.8643246 ], [ 44.4222163, 59.8643666 ], [ 44.4221922, 59.8644116 ], [ 44.4218912, 59.8644216 ], [ 44.4216914, 59.8644536 ], [ 44.4215033, 59.8644336 ], [ 44.4213113, 59.8644846 ], [ 44.4212104, 59.8644906 ], [ 44.4211323, 59.8644386 ], [ 44.4210653, 59.8644556 ], [ 44.4209763, 59.8645685 ], [ 44.4208822, 59.8645656 ], [ 44.4208093, 59.8645166 ], [ 44.4207773, 59.8643716 ], [ 44.4206982, 59.8643346 ], [ 44.4205363, 59.8643596 ], [ 44.4204503, 59.8643347 ], [ 44.4204672, 59.8642536 ], [ 44.4203992, 59.8642206 ], [ 44.4202842, 59.8642217 ], [ 44.4202282, 59.8642576 ], [ 44.4201363, 59.8642696 ], [ 44.4200773, 59.8642407 ], [ 44.4200434, 59.8642006 ], [ 44.4199813, 59.8641926 ], [ 44.4198453, 59.8641986 ], [ 44.4197803, 59.8642006 ], [ 44.4197114, 59.8641497 ], [ 44.4197193, 59.8640906 ], [ 44.4196623, 59.8640716 ], [ 44.4195274, 59.8640706 ], [ 44.4194042, 59.8640726 ], [ 44.4192982, 59.8640186 ], [ 44.4191603, 59.8639956 ], [ 44.4190263, 59.8640316 ], [ 44.4189153, 59.8640426 ], [ 44.4188613, 59.8640196 ], [ 44.4188454, 59.8639456 ], [ 44.4187682, 59.8639026 ], [ 44.4186143, 59.8639176 ], [ 44.4184964, 59.8638956 ], [ 44.4184403, 59.8638336 ], [ 44.4183042, 59.8638136 ], [ 44.4181694, 59.8638626 ], [ 44.4180524, 59.8638566 ], [ 44.4178323, 59.8638036 ], [ 44.4176973, 59.8638176 ], [ 44.4175503, 59.8639076 ], [ 44.4173683, 59.8639256 ], [ 44.4172003, 59.8639996 ], [ 44.4171324, 59.8640526 ], [ 44.4170143, 59.8640856 ], [ 44.4168863, 59.8640516 ], [ 44.4167252, 59.8639526 ], [ 44.4165462, 59.8639056 ], [ 44.4165543, 59.8640116 ], [ 44.4165763, 59.8640966 ], [ 44.4165153, 59.8641276 ], [ 44.4164063, 59.8641046 ], [ 44.4161934, 59.8639696 ], [ 44.4161453, 59.8640416 ], [ 44.4160922, 59.8640695 ], [ 44.4159023, 59.8640646 ], [ 44.4157943, 59.8640595 ], [ 44.4157044, 59.8641025 ], [ 44.4155974, 59.8641256 ], [ 44.4154933, 59.8640476 ], [ 44.4153972, 59.8639786 ], [ 44.4152773, 59.8639616 ], [ 44.4151734, 59.8639776 ], [ 44.4150902, 59.8640535 ], [ 44.4150003, 59.8640626 ], [ 44.4148644, 59.8640306 ], [ 44.4147122, 59.8640916 ], [ 44.4145843, 59.8640776 ], [ 44.4145302, 59.8639916 ], [ 44.4144502, 59.8639596 ], [ 44.4142873, 59.8639676 ], [ 44.4141963, 59.8639536 ], [ 44.4141322, 59.8638196 ], [ 44.4139343, 59.8637857 ], [ 44.4137793, 59.8637816 ], [ 44.4136792, 59.8637357 ], [ 44.4136132, 59.8636796 ], [ 44.4136354, 59.8635406 ], [ 44.4135953, 59.8633897 ], [ 44.4134872, 59.8633786 ], [ 44.4133402, 59.8634026 ], [ 44.4131933, 59.8635346 ], [ 44.4130923, 59.8635536 ], [ 44.4129402, 59.8635396 ], [ 44.4127903, 59.8635116 ], [ 44.4127564, 59.8634666 ], [ 44.4127553, 59.8633446 ], [ 44.4126674, 59.8632795 ], [ 44.4122914, 59.8632256 ], [ 44.4114703, 59.8630366 ], [ 44.4114443, 59.8629216 ], [ 44.4113584, 59.8628515 ], [ 44.4111593, 59.8628316 ], [ 44.4109683, 59.8628405 ], [ 44.4109043, 59.8627756 ], [ 44.4108993, 59.8626626 ], [ 44.4108334, 59.8626346 ], [ 44.4106563, 59.8626756 ], [ 44.4105332, 59.8626625 ], [ 44.4104693, 59.8625836 ], [ 44.4102653, 59.8625826 ], [ 44.4102265, 59.8626536 ], [ 44.4102704, 59.8627816 ], [ 44.4102342, 59.8628165 ], [ 44.4101234, 59.8627686 ], [ 44.4100632, 59.8627216 ], [ 44.4099403, 59.8627205 ], [ 44.4098413, 59.8626926 ], [ 44.4098442, 59.8626016 ], [ 44.4099964, 59.8625296 ], [ 44.4100623, 59.8624686 ], [ 44.4099872, 59.8624175 ], [ 44.4098974, 59.8624026 ], [ 44.4097383, 59.8624055 ], [ 44.4097273, 59.8623625 ], [ 44.4096614, 59.8623326 ], [ 44.4095493, 59.8623265 ], [ 44.4094723, 59.8622696 ], [ 44.4094605, 59.8621946 ], [ 44.4094183, 59.8621196 ], [ 44.4092924, 59.8620936 ], [ 44.4091593, 59.8621166 ], [ 44.4090272, 59.8622936 ], [ 44.4089134, 59.8622775 ], [ 44.4088393, 59.8622166 ], [ 44.4088693, 59.8621176 ], [ 44.4082602, 59.8621166 ], [ 44.4081892, 59.8620205 ], [ 44.4082474, 59.8619375 ], [ 44.4080293, 59.8619376 ], [ 44.4079523, 59.8619236 ], [ 44.4079493, 59.8618796 ], [ 44.4079434, 59.8617516 ], [ 44.4077764, 59.8617056 ], [ 44.4076123, 59.8616716 ], [ 44.4075693, 59.8615955 ], [ 44.4073993, 59.8616076 ], [ 44.4072523, 59.8616906 ], [ 44.4070243, 59.8617106 ], [ 44.4069062, 59.8617306 ], [ 44.4066583, 59.8617056 ], [ 44.4065134, 59.8617356 ], [ 44.4063604, 59.8616996 ], [ 44.4062633, 59.8617476 ], [ 44.4061173, 59.8617456 ], [ 44.4057014, 59.8616146 ], [ 44.4055753, 59.8614595 ], [ 44.4054842, 59.8613066 ], [ 44.4053544, 59.8611725 ], [ 44.4051744, 59.8611106 ], [ 44.4050834, 59.8610156 ], [ 44.4051514, 59.8609475 ], [ 44.4051003, 59.8608196 ], [ 44.4047863, 59.8608516 ], [ 44.4046693, 59.8608405 ], [ 44.4045363, 59.8607545 ], [ 44.4043843, 59.8604676 ], [ 44.4041708, 59.8605129 ], [ 44.4041676, 59.8605253 ], [ 44.4039949, 59.8605539 ], [ 44.403789, 59.8605322 ], [ 44.403693, 59.8604522 ], [ 44.4036359, 59.8603751 ], [ 44.4035212, 59.8603123 ], [ 44.403459, 59.8603003 ], [ 44.4033152, 59.8602808 ], [ 44.4032292, 59.8602397 ], [ 44.4030999, 59.8601915 ], [ 44.4029994, 59.8601962 ], [ 44.4029656, 59.8602563 ], [ 44.4028741, 59.8603598 ], [ 44.4027973, 59.8604248 ], [ 44.4026869, 59.8604318 ], [ 44.4025099, 59.8603979 ], [ 44.4025105, 59.8602631 ], [ 44.402554, 59.8601403 ], [ 44.4025591, 59.8600706 ], [ 44.4023871, 59.8600005 ], [ 44.402205, 59.860017 ], [ 44.4020991, 59.8599826 ], [ 44.4019602, 59.8599994 ], [ 44.4018066, 59.8600714 ], [ 44.4016294, 59.8600712 ], [ 44.4013993, 59.8600734 ], [ 44.4012319, 59.8600322 ], [ 44.4011122, 59.859943 ], [ 44.4010744, 59.8598683 ], [ 44.4011607, 59.8598444 ], [ 44.4012903, 59.8598036 ], [ 44.4013095, 59.8597627 ], [ 44.4010885, 59.8596604 ], [ 44.400983, 59.8596363 ], [ 44.4008536, 59.8596433 ], [ 44.4007149, 59.8595998 ], [ 44.4005761, 59.8595468 ], [ 44.4004374, 59.8595321 ], [ 44.4003174, 59.8595343 ], [ 44.4002409, 59.8595367 ], [ 44.4001165, 59.859486 ], [ 44.4001024, 59.8594066 ], [ 44.4000498, 59.8594042 ], [ 44.3999444, 59.8593919 ], [ 44.3998059, 59.8593195 ], [ 44.3996003, 59.859235 ], [ 44.3994164, 59.8591351 ], [ 44.3994838, 59.859075 ], [ 44.3995321, 59.8590173 ], [ 44.3995324, 59.8589427 ], [ 44.399365, 59.8589088 ], [ 44.3991348, 59.8589158 ], [ 44.3990053, 59.8589277 ], [ 44.3988999, 59.8589516 ], [ 44.3988279, 59.8590237 ], [ 44.3988084, 59.8590718 ], [ 44.3987937, 59.8591128 ], [ 44.3987077, 59.8591175 ], [ 44.3985637, 59.8591221 ], [ 44.3984345, 59.8591244 ], [ 44.3983346, 59.8589485 ], [ 44.3982392, 59.8588883 ], [ 44.3980237, 59.858876 ], [ 44.3978132, 59.8587843 ], [ 44.3974819, 59.858605 ], [ 44.3973431, 59.8585687 ], [ 44.397286, 59.8585349 ], [ 44.3973433, 59.8585158 ], [ 44.3974924, 59.8584676 ], [ 44.3974734, 59.8584124 ], [ 44.3974018, 59.8583714 ], [ 44.3971143, 59.8583422 ], [ 44.3968987, 59.858378 ], [ 44.3968455, 59.8584574 ], [ 44.3968644, 59.8585127 ], [ 44.3968976, 59.8585922 ], [ 44.3968879, 59.8586379 ], [ 44.3968878, 59.8586668 ], [ 44.3968254, 59.8586813 ], [ 44.39672, 59.8586619 ], [ 44.3965335, 59.8585653 ], [ 44.3964858, 59.8585244 ], [ 44.3964095, 59.8584881 ], [ 44.3962707, 59.858464 ], [ 44.3961558, 59.8584301 ], [ 44.3961319, 59.8583795 ], [ 44.3961898, 59.8583338 ], [ 44.3962235, 59.8582857 ], [ 44.3961951, 59.8582279 ], [ 44.3961233, 59.8581988 ], [ 44.3959269, 59.8581818 ], [ 44.3957212, 59.858131 ], [ 44.3955489, 59.8580874 ], [ 44.395338, 59.8581136 ], [ 44.3953235, 59.8581691 ], [ 44.3955293, 59.8583477 ], [ 44.3956637, 59.8585191 ], [ 44.3957873, 59.8586932 ], [ 44.3956192, 59.8588044 ], [ 44.3954404, 59.8588476 ], [ 44.3951974, 59.8587577 ], [ 44.3949271, 59.8587574 ], [ 44.3947375, 59.8588116 ], [ 44.394618, 59.8588984 ], [ 44.3944396, 59.8588927 ], [ 44.3943483, 59.8587731 ], [ 44.3942462, 59.8586179 ], [ 44.3940622, 59.8586232 ], [ 44.3939372, 59.8587507 ], [ 44.3937422, 59.8588131 ], [ 44.3934992, 59.8587312 ], [ 44.3931264, 59.8586574 ], [ 44.3930601, 59.8589422 ], [ 44.3929282, 59.8590986 ], [ 44.392824, 59.8591781 ], [ 44.3926216, 59.8592134 ], [ 44.3924791, 59.8592848 ], [ 44.3925005, 59.8593864 ], [ 44.3912633, 59.8591677 ], [ 44.3890834, 59.8616079 ], [ 44.3915884, 59.8749877 ], [ 44.4034011, 59.8740085 ], [ 44.4098889, 59.8906678 ] ] ] ] } },
{ "type": "Feature", "properties": { "NAME": "Чучкин бор", "NAME_EN": null, "NAME_RU": null, "LEISURE": "nature_reserve", "BOUNDARY": "protected_area", "OSM_TYPE": "way", "OSM_ID": 750674755 }, "geometry": { "type": "MultiPolygon", "coordinates": [ [ [ [ 43.2793498, 59.8917457 ], [ 43.2395479, 59.893196 ], [ 43.2033085, 59.8942156 ], [ 43.1581336, 59.8955713 ], [ 43.1222442, 59.8967495 ], [ 43.1246041, 59.9050423 ], [ 43.1269142, 59.9055262 ], [ 43.1282044, 59.9164091 ], [ 43.1656007, 59.9150645 ], [ 43.1808671, 59.9146289 ], [ 43.182533, 59.9137811 ], [ 43.1831417, 59.9140403 ], [ 43.1833348, 59.9140801 ], [ 43.1836445, 59.9140906 ], [ 43.1839337, 59.9140498 ], [ 43.1843886, 59.9138774 ], [ 43.1846466, 59.9136535 ], [ 43.1847879, 59.9132165 ], [ 43.1848519, 59.9126766 ], [ 43.1850754, 59.9120409 ], [ 43.1852999, 59.9117901 ], [ 43.1856043, 59.9116231 ], [ 43.1859374, 59.9114819 ], [ 43.1865536, 59.9113744 ], [ 43.1877536, 59.9112602 ], [ 43.188438, 59.911222 ], [ 43.1899994, 59.9112675 ], [ 43.191252, 59.9102794 ], [ 43.1993333, 59.9106068 ], [ 43.2023719, 59.91015 ], [ 43.2067238, 59.9112888 ], [ 43.208192, 59.9126245 ], [ 43.2106249, 59.9137639 ], [ 43.2126908, 59.9131585 ], [ 43.2187886, 59.9137784 ], [ 43.2229638, 59.9138166 ], [ 43.2288, 59.9128843 ], [ 43.2336972, 59.9131091 ], [ 43.2359887, 59.9136678 ], [ 43.2370967, 59.9115277 ], [ 43.2392549, 59.9116302 ], [ 43.2426424, 59.9083148 ], [ 43.247564, 59.9084394 ], [ 43.251368, 59.9161663 ], [ 43.2553565, 59.9155235 ], [ 43.2617513, 59.9146453 ], [ 43.2666048, 59.9139142 ], [ 43.2827474, 59.9149803 ], [ 43.2793498, 59.8917457 ] ] ] ] } },
{ "type": "Feature", "properties": { "NAME": "Унженский лес", "NAME_EN": null, "NAME_RU": null, "LEISURE": "nature_reserve", "BOUNDARY": "protected_area", "OSM_TYPE": "way", "OSM_ID": 750674758 }, "geometry": { "type": "MultiPolygon", "coordinates": [ [ [ [ 43.969891, 59.2876372 ], [ 43.9637205, 59.2705426 ], [ 43.8927093, 59.2774238 ], [ 43.8969491, 59.2908717 ], [ 43.8970483, 59.2912472 ], [ 43.8973613, 59.2916502 ], [ 43.8976471, 59.2920562 ], [ 43.8983493, 59.2930703 ], [ 43.8990412, 59.2939352 ], [ 43.8999682, 59.2949202 ], [ 43.9005341, 59.2955092 ], [ 43.9013492, 59.2961703 ], [ 43.9024842, 59.2970283 ], [ 43.9032531, 59.2978312 ], [ 43.9036531, 59.2982933 ], [ 43.9041072, 59.2985723 ], [ 43.9043981, 59.2987972 ], [ 43.9046921, 59.3000412 ], [ 43.905354, 59.3014202 ], [ 43.9060971, 59.3030692 ], [ 43.906455, 59.3046202 ], [ 43.907726, 59.3068733 ], [ 43.9080291, 59.3075113 ], [ 43.90826, 59.3082512 ], [ 43.908233, 59.3089802 ], [ 43.908403, 59.3090872 ], [ 43.9091331, 59.3091463 ], [ 43.9103191, 59.3092602 ], [ 43.9112821, 59.3094763 ], [ 43.9120141, 59.3099613 ], [ 43.9116481, 59.3102362 ], [ 43.910558, 59.3102963 ], [ 43.9095211, 59.3102882 ], [ 43.908811, 59.3104893 ], [ 43.908205, 59.3105833 ], [ 43.908107, 59.3109192 ], [ 43.908467, 59.3113573 ], [ 43.9105239, 59.3150952 ], [ 43.910776, 59.3173052 ], [ 43.9111589, 59.3181083 ], [ 43.9117269, 59.3189393 ], [ 43.912067, 59.3194982 ], [ 43.9120248, 59.3197333 ], [ 43.9131008, 59.3205693 ], [ 43.9135449, 59.3209283 ], [ 43.9138778, 59.3213793 ], [ 43.9145799, 59.3217683 ], [ 43.9153717, 59.3221043 ], [ 43.9166539, 59.3226583 ], [ 43.9184757, 59.3235602 ], [ 43.9195289, 59.3239423 ], [ 43.9208448, 59.3242833 ], [ 43.9216567, 59.3244212 ], [ 43.9221747, 59.3241552 ], [ 43.9232647, 59.3241213 ], [ 43.9243778, 59.3244523 ], [ 43.9257358, 59.3250632 ], [ 43.9267198, 59.3251673 ], [ 43.9286928, 59.3251653 ], [ 43.9294097, 59.3250843 ], [ 43.9306488, 59.3250103 ], [ 43.9326108, 59.3245993 ], [ 43.9357959, 59.3226944 ], [ 43.9374609, 59.3216473 ], [ 43.9384989, 59.3210904 ], [ 43.9388519, 59.3206764 ], [ 43.9392178, 59.3204004 ], [ 43.9398229, 59.3200843 ], [ 43.94009, 59.3197034 ], [ 43.9410289, 59.3190644 ], [ 43.9424659, 59.3182534 ], [ 43.9425239, 59.3184554 ], [ 43.9436199, 59.3177674 ], [ 43.9454009, 59.3168424 ], [ 43.948274, 59.3157624 ], [ 43.9524629, 59.3144744 ], [ 43.9546919, 59.3138925 ], [ 43.956272, 59.3133834 ], [ 43.9595559, 59.3127574 ], [ 43.962889, 59.3121934 ], [ 43.9644931, 59.3120405 ], [ 43.967017, 59.3117994 ], [ 43.9684449, 59.3116825 ], [ 43.9690629, 59.3111505 ], [ 43.969419, 59.3109544 ], [ 43.9701841, 59.3108775 ], [ 43.972579, 59.3109574 ], [ 43.9736151, 59.3112175 ], [ 43.975365, 59.3118135 ], [ 43.977385, 59.3125075 ], [ 43.9786909, 59.3131905 ], [ 43.9787978, 59.3141665 ], [ 43.9795705, 59.3144169 ], [ 43.969891, 59.2876372 ] ] ] ] } },
{ "type": "Feature", "properties": { "NAME": "Верховажский лес", "NAME_EN": null, "NAME_RU": null, "LEISURE": "nature_reserve", "BOUNDARY": "protected_area", "OSM_TYPE": "way", "OSM_ID": 750674759 }, "geometry": { "type": "MultiPolygon", "coordinates": [ [ [ [ 42.0961344, 60.7559991 ], [ 42.0992505, 60.7556167 ], [ 42.1001927, 60.7555275 ], [ 42.1016088, 60.7554429 ], [ 42.1020206, 60.7553769 ], [ 42.1025312, 60.7553326 ], [ 42.1028572, 60.7553264 ], [ 42.1030258, 60.7553525 ], [ 42.1043688, 60.7552675 ], [ 42.1054139, 60.7564593 ], [ 42.1019396, 60.7569114 ], [ 42.1018929, 60.7569342 ], [ 42.1032985, 60.7602965 ], [ 42.1035855, 60.7612367 ], [ 42.1043999, 60.7634245 ], [ 42.1106871, 60.7632276 ], [ 42.1110325, 60.7672606 ], [ 42.1113251, 60.7687555 ], [ 42.1114537, 60.7693629 ], [ 42.1118396, 60.7712331 ], [ 42.1118421, 60.7713244 ], [ 42.1123518, 60.7742957 ], [ 42.1203584, 60.7784758 ], [ 42.1216421, 60.7899537 ], [ 42.121526, 60.7928768 ], [ 42.1337132, 60.7972232 ], [ 42.1432251, 60.7907819 ], [ 42.1378551, 60.7906614 ], [ 42.1382582, 60.7855981 ], [ 42.1394142, 60.7848528 ], [ 42.1444201, 60.7825262 ], [ 42.1477796, 60.7822558 ], [ 42.1549145, 60.7840892 ], [ 42.15507, 60.7829285 ], [ 42.1557387, 60.7808855 ], [ 42.1559791, 60.7798016 ], [ 42.1566043, 60.7793253 ], [ 42.1549457, 60.7767617 ], [ 42.1549858, 60.7757428 ], [ 42.1552788, 60.7724857 ], [ 42.154326, 60.7722619 ], [ 42.1525575, 60.7704506 ], [ 42.1547324, 60.7704334 ], [ 42.1554969, 60.7687818 ], [ 42.1576888, 60.7683516 ], [ 42.1589993, 60.7678666 ], [ 42.1582079, 60.7676636 ], [ 42.1514905, 60.7658949 ], [ 42.151043, 60.7644939 ], [ 42.1512089, 60.7631609 ], [ 42.1518502, 60.7628947 ], [ 42.1522944, 60.7613235 ], [ 42.1521431, 60.7595592 ], [ 42.1513245, 60.7580581 ], [ 42.1525857, 60.757624 ], [ 42.1539461, 60.7571675 ], [ 42.1542455, 60.7570466 ], [ 42.1550913, 60.7567659 ], [ 42.1566141, 60.7557146 ], [ 42.1553975, 60.7550905 ], [ 42.1523523, 60.7533808 ], [ 42.1521203, 60.7530886 ], [ 42.1515723, 60.7523921 ], [ 42.144625, 60.7500187 ], [ 42.1425061, 60.7500006 ], [ 42.1403655, 60.7498266 ], [ 42.1372526, 60.748758 ], [ 42.1366736, 60.7474972 ], [ 42.1248792, 60.7478625 ], [ 42.1229907, 60.7473701 ], [ 42.1189114, 60.7463057 ], [ 42.1151018, 60.7458401 ], [ 42.112524, 60.7444824 ], [ 42.103976, 60.7447383 ], [ 42.1032916, 60.7447318 ], [ 42.1025135, 60.7412005 ], [ 42.1009938, 60.7409406 ], [ 42.0993912, 60.7403768 ], [ 42.0994651, 60.7400033 ], [ 42.099667, 60.7393177 ], [ 42.0985653, 60.7387915 ], [ 42.0956498, 60.7373884 ], [ 42.0943478, 60.7384963 ], [ 42.0895861, 60.7371847 ], [ 42.0886377, 60.736219 ], [ 42.0895383, 60.7324102 ], [ 42.0895463, 60.7324063 ], [ 42.0879649, 60.7311309 ], [ 42.08744, 60.7305799 ], [ 42.0866919, 60.7289351 ], [ 42.0849033, 60.7287573 ], [ 42.0838549, 60.7275689 ], [ 42.0837608, 60.7258417 ], [ 42.0813792, 60.7254418 ], [ 42.0811548, 60.7247991 ], [ 42.0803526, 60.7223119 ], [ 42.0855049, 60.7203183 ], [ 42.0878711, 60.7192 ], [ 42.0881775, 60.7189431 ], [ 42.0898647, 60.7164768 ], [ 42.0901174, 60.7160806 ], [ 42.0901941, 60.7156924 ], [ 42.0903282, 60.7153996 ], [ 42.0888477, 60.7155969 ], [ 42.0840203, 60.7157688 ], [ 42.0811776, 60.7159231 ], [ 42.081099, 60.7125549 ], [ 42.081063, 60.7121067 ], [ 42.0810261, 60.7113607 ], [ 42.0810013, 60.7087562 ], [ 42.0745246, 60.7059611 ], [ 42.0737369, 60.7057289 ], [ 42.0617922, 60.7072394 ], [ 42.0503627, 60.7037327 ], [ 42.0471343, 60.7039556 ], [ 42.0424976, 60.7041654 ], [ 42.0389829, 60.7043374 ], [ 42.0394246, 60.7057396 ], [ 42.0392032, 60.7060735 ], [ 42.0390201, 60.7064627 ], [ 42.0390647, 60.7069157 ], [ 42.0391521, 60.7076924 ], [ 42.039257, 60.708185 ], [ 42.0395543, 60.7085014 ], [ 42.0398605, 60.7088713 ], [ 42.0402035, 60.7095054 ], [ 42.0405486, 60.7094873 ], [ 42.0409223, 60.7109674 ], [ 42.0408966, 60.7111466 ], [ 42.0409768, 60.7116349 ], [ 42.0400084, 60.71285 ], [ 42.0385452, 60.7139588 ], [ 42.0386599, 60.7149425 ], [ 42.0383591, 60.7156743 ], [ 42.0381215, 60.716172 ], [ 42.0378385, 60.7165929 ], [ 42.0374064, 60.7170354 ], [ 42.0365597, 60.7178022 ], [ 42.0360962, 60.7182264 ], [ 42.0396728, 60.7209898 ], [ 42.0420772, 60.7231159 ], [ 42.043036, 60.7232112 ], [ 42.0441319, 60.7242149 ], [ 42.0470671, 60.7264337 ], [ 42.0444356, 60.7286341 ], [ 42.0494619, 60.7316242 ], [ 42.0522007, 60.7306567 ], [ 42.0532271, 60.730412 ], [ 42.0544201, 60.730068 ], [ 42.0576646, 60.7295512 ], [ 42.0594836, 60.730752 ], [ 42.0606893, 60.7314208 ], [ 42.0632565, 60.7339649 ], [ 42.0632018, 60.7343616 ], [ 42.0668288, 60.7354807 ], [ 42.0670923, 60.735633 ], [ 42.069479, 60.7374127 ], [ 42.0696969, 60.7375796 ], [ 42.0687374, 60.7378362 ], [ 42.067776, 60.7380924 ], [ 42.0651887, 60.7390287 ], [ 42.0721411, 60.7429419 ], [ 42.0743986, 60.7412095 ], [ 42.0786162, 60.7403507 ], [ 42.0801883, 60.7411368 ], [ 42.0816165, 60.7417569 ], [ 42.0871258, 60.7446637 ], [ 42.087744, 60.7482766 ], [ 42.0848675, 60.7496172 ], [ 42.0879988, 60.750871 ], [ 42.089476, 60.7515398 ], [ 42.0900888, 60.7519452 ], [ 42.0907201, 60.7523662 ], [ 42.0912408, 60.7525753 ], [ 42.0915617, 60.7527465 ], [ 42.0934749, 60.7539955 ], [ 42.0937273, 60.754127 ], [ 42.0938794, 60.7541825 ], [ 42.0941566, 60.7542426 ], [ 42.0958433, 60.7555551 ], [ 42.0961344, 60.7559991 ] ] ] ] } },
{ "type": "Feature", "properties": { "NAME": "Лиственничный бор", "NAME_EN": null, "NAME_RU": null, "LEISURE": "nature_reserve", "BOUNDARY": "protected_area", "OSM_TYPE": "way", "OSM_ID": 750674760 }, "geometry": { "type": "MultiPolygon", "coordinates": [ [ [ [ 41.7016259, 60.5629846 ], [ 41.7064405, 60.5665596 ], [ 41.7091294, 60.5681494 ], [ 41.7143888, 60.5701544 ], [ 41.7236776, 60.5680341 ], [ 41.7263572, 60.5675094 ], [ 41.7277514, 60.5686771 ], [ 41.7286294, 60.569467 ], [ 41.7334676, 60.5724518 ], [ 41.7380211, 60.5731122 ], [ 41.7444534, 60.5717629 ], [ 41.7447268, 60.5706562 ], [ 41.7517792, 60.570643 ], [ 41.7568665, 60.568982 ], [ 41.7596247, 60.5696129 ], [ 41.7598047, 60.5707762 ], [ 41.7603202, 60.5728224 ], [ 41.7605628, 60.5741648 ], [ 41.7667487, 60.5789751 ], [ 41.7720846, 60.5832764 ], [ 41.7761975, 60.586563 ], [ 41.7807895, 60.5902316 ], [ 41.7852869, 60.5938236 ], [ 41.789594, 60.5972624 ], [ 41.7905094, 60.5979933 ], [ 41.7925421, 60.5974334 ], [ 41.7943264, 60.5973874 ], [ 41.7971577, 60.5974576 ], [ 41.7999134, 60.5975271 ], [ 41.8013208, 60.5971513 ], [ 41.8031609, 60.5966468 ], [ 41.8046954, 60.5958975 ], [ 41.8055367, 60.5957035 ], [ 41.8113036, 60.5989821 ], [ 41.8137225, 60.5988651 ], [ 41.8175456, 60.599485 ], [ 41.8223748, 60.6032916 ], [ 41.8326704, 60.6011232 ], [ 41.8334387, 60.6026669 ], [ 41.8344899, 60.6035517 ], [ 41.8360647, 60.6043495 ], [ 41.8379053, 60.6044687 ], [ 41.8420215, 60.6046079 ], [ 41.8453983, 60.6046927 ], [ 41.8512551, 60.604782 ], [ 41.851822, 60.6048883 ], [ 41.8546231, 60.6054688 ], [ 41.8559586, 60.6057919 ], [ 41.856136, 60.6054527 ], [ 41.8573292, 60.6042961 ], [ 41.8588103, 60.6034623 ], [ 41.8606757, 60.6023545 ], [ 41.8612583, 60.6017826 ], [ 41.8610699, 60.6013067 ], [ 41.8606789, 60.6002001 ], [ 41.8608754, 60.5989755 ], [ 41.8616345, 60.5982866 ], [ 41.8635853, 60.5968998 ], [ 41.8645937, 60.5962293 ], [ 41.864831, 60.5949941 ], [ 41.8645716, 60.5924855 ], [ 41.8641971, 60.5917166 ], [ 41.8641359, 60.591485 ], [ 41.8651347, 60.5902763 ], [ 41.8666959, 60.5896542 ], [ 41.8693274, 60.5768826 ], [ 41.8675595, 60.576957 ], [ 41.8666881, 60.5769942 ], [ 41.8643488, 60.5770925 ], [ 41.8621954, 60.5649623 ], [ 41.8573127, 60.5621344 ], [ 41.8429949, 60.5620538 ], [ 41.8405884, 60.5569029 ], [ 41.8219312, 60.5595514 ], [ 41.8132576, 60.5608833 ], [ 41.8085743, 60.557494 ], [ 41.7904581, 60.5571142 ], [ 41.7766019, 60.5591798 ], [ 41.7752938, 60.5593725 ], [ 41.7718325, 60.5599615 ], [ 41.772456, 60.5575489 ], [ 41.771865, 60.5561567 ], [ 41.775661, 60.5541415 ], [ 41.7615606, 60.5479595 ], [ 41.7657569, 60.5403401 ], [ 41.7625855, 60.5362746 ], [ 41.7735791, 60.5338654 ], [ 41.7693353, 60.5182906 ], [ 41.7598293, 60.5175374 ], [ 41.7598193, 60.5195685 ], [ 41.7603802, 60.5219734 ], [ 41.7596559, 60.523992 ], [ 41.7585005, 60.5267097 ], [ 41.7573624, 60.5304052 ], [ 41.7544456, 60.5310865 ], [ 41.7532239, 60.5323859 ], [ 41.7554728, 60.5358222 ], [ 41.7535457, 60.5381045 ], [ 41.7509651, 60.5373059 ], [ 41.7496989, 60.5362213 ], [ 41.7460421, 60.5346925 ], [ 41.7458224, 60.5346861 ], [ 41.7264815, 60.534126 ], [ 41.726253, 60.5340484 ], [ 41.7201013, 60.5319587 ], [ 41.7188231, 60.5321215 ], [ 41.7172223, 60.5320661 ], [ 41.7136263, 60.531969 ], [ 41.712331, 60.5322463 ], [ 41.7093053, 60.5342381 ], [ 41.7065727, 60.5359682 ], [ 41.6970852, 60.5425296 ], [ 41.6973301, 60.5473469 ], [ 41.6985847, 60.5476532 ], [ 41.7014775, 60.549269 ], [ 41.7030942, 60.550172 ], [ 41.7034778, 60.5531631 ], [ 41.7030769, 60.5570597 ], [ 41.7024669, 60.5582873 ], [ 41.701071, 60.5596314 ], [ 41.7016259, 60.5629846 ] ] ] ] } },
{ "type": "Feature", "properties": { "NAME": "Атлека", "NAME_EN": null, "NAME_RU": null, "LEISURE": "nature_reserve", "BOUNDARY": "protected_area", "OSM_TYPE": "way", "OSM_ID": 750674762 }, "geometry": { "type": "MultiPolygon", "coordinates": [ [ [ [ 37.6833969, 61.5247992 ], [ 37.6870799, 61.5250966 ], [ 37.727162, 61.5160297 ], [ 37.7364556, 61.5160373 ], [ 37.7821949, 61.5175223 ], [ 37.802736, 61.5040689 ], [ 37.8088981, 61.4773716 ], [ 37.8036774, 61.4703761 ], [ 37.7504783, 61.4686125 ], [ 37.6914438, 61.4665035 ], [ 37.6833969, 61.5247992 ] ] ] ] } },
{ "type": "Feature", "properties": { "NAME": "Сондугский", "NAME_EN": null, "NAME_RU": null, "LEISURE": "nature_reserve", "BOUNDARY": "protected_area", "OSM_TYPE": "way", "OSM_ID": 750674763 }, "geometry": { "type": "MultiPolygon", "coordinates": [ [ [ [ 42.0369563, 60.2454526 ], [ 42.0604415, 60.24492 ], [ 42.0841597, 60.2447347 ], [ 42.0841889, 60.2446097 ], [ 42.0842314, 60.2444355 ], [ 42.0845306, 60.2431038 ], [ 42.0862686, 60.242657 ], [ 42.0865736, 60.2425784 ], [ 42.0864788, 60.2422215 ], [ 42.0898188, 60.2401079 ], [ 42.0954056, 60.2407649 ], [ 42.1045794, 60.241922 ], [ 42.1113271, 60.2427337 ], [ 42.123048, 60.23804 ], [ 42.1223829, 60.2357397 ], [ 42.1231629, 60.2353929 ], [ 42.1249179, 60.2326784 ], [ 42.1260782, 60.2309791 ], [ 42.1282582, 60.2278425 ], [ 42.1280925, 60.2276993 ], [ 42.124196, 60.2243326 ], [ 42.1348193, 60.2221872 ], [ 42.1388458, 60.2232126 ], [ 42.1376127, 60.2201729 ], [ 42.1404106, 60.2197617 ], [ 42.1413979, 60.219617 ], [ 42.1430624, 60.2220643 ], [ 42.1460926, 60.2229243 ], [ 42.1464376, 60.2230954 ], [ 42.1476158, 60.22368 ], [ 42.1496757, 60.2239713 ], [ 42.1499032, 60.2239493 ], [ 42.150037, 60.2239701 ], [ 42.1501862, 60.2240183 ], [ 42.1503509, 60.2240981 ], [ 42.1520329, 60.2241748 ], [ 42.153327, 60.2242338 ], [ 42.1535161, 60.2246556 ], [ 42.1551463, 60.2246995 ], [ 42.1578325, 60.2254756 ], [ 42.1617637, 60.2265747 ], [ 42.162253, 60.2264503 ], [ 42.1668784, 60.2252651 ], [ 42.1701595, 60.2260537 ], [ 42.17343, 60.2268643 ], [ 42.1765822, 60.2276859 ], [ 42.1796318, 60.2284423 ], [ 42.181303, 60.2288505 ], [ 42.1817454, 60.2289587 ], [ 42.1849712, 60.2297683 ], [ 42.1886049, 60.2306671 ], [ 42.1915106, 60.2296329 ], [ 42.1933063, 60.2290109 ], [ 42.1955341, 60.2281914 ], [ 42.196869, 60.2276807 ], [ 42.1992122, 60.2268816 ], [ 42.2008967, 60.2262886 ], [ 42.2033599, 60.226642 ], [ 42.206364, 60.2270728 ], [ 42.2107169, 60.2246139 ], [ 42.2146963, 60.2223985 ], [ 42.2133243, 60.2218688 ], [ 42.2020716, 60.2175974 ], [ 42.1997317, 60.2140275 ], [ 42.1981285, 60.2114521 ], [ 42.1983206, 60.2100507 ], [ 42.1987526, 60.2076304 ], [ 42.2048087, 60.2055939 ], [ 42.2098667, 60.2038281 ], [ 42.2092253, 60.2032074 ], [ 42.2062242, 60.2003027 ], [ 42.2047886, 60.2001062 ], [ 42.2026682, 60.1996887 ], [ 42.2001755, 60.1991961 ], [ 42.20045, 60.1971408 ], [ 42.2004807, 60.1968855 ], [ 42.2006664, 60.196121 ], [ 42.2007151, 60.1959205 ], [ 42.2010089, 60.1947098 ], [ 42.2012934, 60.1926412 ], [ 42.1979647, 60.1906446 ], [ 42.1952749, 60.1890878 ], [ 42.1917002, 60.1869151 ], [ 42.2087918, 60.1794315 ], [ 42.2041669, 60.1591893 ], [ 42.1994544, 60.1404685 ], [ 42.1808495, 60.1412321 ], [ 42.1619899, 60.1420099 ], [ 42.1423676, 60.1429529 ], [ 42.1234498, 60.1438589 ], [ 42.104634, 60.1450248 ], [ 42.0856535, 60.1462025 ], [ 42.0471835, 60.1482737 ], [ 42.0184885, 60.1496837 ], [ 42.0193933, 60.152074 ], [ 42.0174518, 60.1532203 ], [ 42.0158242, 60.1541806 ], [ 42.0164327, 60.1590937 ], [ 42.0085928, 60.1592042 ], [ 42.0081303, 60.1622116 ], [ 42.0070423, 60.1634713 ], [ 42.0037204, 60.1654127 ], [ 42.0031301, 60.1657585 ], [ 42.0031318, 60.1661358 ], [ 42.0031374, 60.1680751 ], [ 42.0021355, 60.169158 ], [ 42.00181, 60.169465 ], [ 42.005589, 60.1735923 ], [ 42.0063009, 60.1743853 ], [ 42.0059997, 60.1750207 ], [ 42.004748, 60.1779742 ], [ 42.0009032, 60.1794865 ], [ 42.0036966, 60.1898017 ], [ 42.0081881, 60.2071255 ], [ 42.0130104, 60.2269128 ], [ 42.0330493, 60.2259296 ], [ 42.0369563, 60.2454526 ] ] ] ] } },
{ "type": "Feature", "properties": { "NAME": "Верденгский", "NAME_EN": null, "NAME_RU": null, "LEISURE": "nature_reserve", "BOUNDARY": "protected_area", "OSM_TYPE": "way", "OSM_ID": 750674764 }, "geometry": { "type": "MultiPolygon", "coordinates": [ [ [ [ 40.979146, 60.3084697 ], [ 40.9947891, 60.309471 ], [ 40.9978828, 60.317329 ], [ 41.000255, 60.3164144 ], [ 41.0061665, 60.3143817 ], [ 41.0068637, 60.3139508 ], [ 41.0080498, 60.3132176 ], [ 41.0090696, 60.3125871 ], [ 41.0106712, 60.3087562 ], [ 41.011011, 60.3032431 ], [ 41.0069121, 60.3026406 ], [ 41.0035163, 60.3016952 ], [ 41.0035939, 60.3012731 ], [ 41.0040726, 60.2986703 ], [ 41.0048722, 60.2976931 ], [ 41.0067008, 60.2963906 ], [ 41.0090224, 60.2969346 ], [ 41.0127342, 60.2964026 ], [ 41.0171498, 60.2951145 ], [ 41.0216972, 60.294794 ], [ 41.0256367, 60.2934187 ], [ 41.0265054, 60.2913809 ], [ 41.0251973, 60.2912841 ], [ 41.0251872, 60.2882445 ], [ 41.02719, 60.2833406 ], [ 41.0293145, 60.2799493 ], [ 41.0310429, 60.2782354 ], [ 41.0322994, 60.2778 ], [ 41.032784, 60.2768311 ], [ 41.0322799, 60.2758147 ], [ 41.0315373, 60.2735463 ], [ 41.0314007, 60.2710406 ], [ 41.0268189, 60.2699122 ], [ 41.0241197, 60.271221 ], [ 41.0214846, 60.2721438 ], [ 41.0202256, 60.2714461 ], [ 41.0199555, 60.270432 ], [ 41.0267461, 60.2688453 ], [ 41.0314542, 60.2699737 ], [ 41.0316782, 60.268485 ], [ 41.0321082, 60.2675112 ], [ 41.0329563, 60.2667114 ], [ 41.0359064, 60.2660716 ], [ 41.0361813, 60.2650711 ], [ 41.0248782, 60.2603908 ], [ 41.0100426, 60.2606167 ], [ 41.0066827, 60.2614512 ], [ 40.998284, 60.2667167 ], [ 40.9973615, 60.2679196 ], [ 40.9988222, 60.2705803 ], [ 40.9980681, 60.271668 ], [ 40.9789254, 60.2797406 ], [ 40.978197, 60.2805457 ], [ 40.9785072, 60.2847952 ], [ 40.9772858, 60.2853874 ], [ 40.9453069, 60.2836631 ], [ 40.9458186, 60.2855198 ], [ 40.9715953, 60.2948737 ], [ 40.9690873, 60.2989366 ], [ 40.9681159, 60.302692 ], [ 40.973717, 60.3052081 ], [ 40.979146, 60.3084697 ] ] ] ] } },
{ "type": "Feature", "properties": { "NAME": "Сигское болото", "NAME_EN": null, "NAME_RU": null, "LEISURE": "nature_reserve", "BOUNDARY": "protected_area", "OSM_TYPE": "way", "OSM_ID": 750674765 }, "geometry": { "type": "MultiPolygon", "coordinates": [ [ [ [ 40.9286045, 60.0896848 ], [ 40.9794406, 60.0908092 ], [ 41.0085141, 60.0920642 ], [ 41.0408312, 60.0934466 ], [ 41.0775444, 60.0952431 ], [ 41.0799441, 60.0782697 ], [ 41.0435445, 60.0767578 ], [ 40.9803093, 60.0740408 ], [ 40.980241, 60.0747847 ], [ 40.9445013, 60.0732955 ], [ 40.9443406, 60.0752787 ], [ 40.9447279, 60.0754971 ], [ 40.9422251, 60.0789845 ], [ 40.9420516, 60.0792225 ], [ 40.9409422, 60.0807652 ], [ 40.9418121, 60.0829412 ], [ 40.938851, 60.08636 ], [ 40.928647, 60.0858365 ], [ 40.928627, 60.0867087 ], [ 40.92862, 60.0870309 ], [ 40.9285782, 60.0889542 ], [ 40.9286045, 60.0896848 ] ] ] ] } },
{ "type": "Feature", "properties": { "NAME": "Шиченгский", "NAME_EN": null, "NAME_RU": null, "LEISURE": "nature_reserve", "BOUNDARY": "protected_area", "OSM_TYPE": "way", "OSM_ID": 750674766 }, "geometry": { "type": "MultiPolygon", "coordinates": [ [ [ [ 41.3288719, 60.0616428 ], [ 41.3292714, 60.0616555 ], [ 41.3298469, 60.0616232 ], [ 41.3303983, 60.0615697 ], [ 41.3309326, 60.0613619 ], [ 41.3312193, 60.0610327 ], [ 41.3314823, 60.0606581 ], [ 41.3319143, 60.060326 ], [ 41.3322306, 60.0601209 ], [ 41.3326422, 60.0601669 ], [ 41.3326831, 60.0603848 ], [ 41.3325007, 60.0604874 ], [ 41.3325781, 60.0606871 ], [ 41.3328804, 60.0607632 ], [ 41.3333503, 60.060845 ], [ 41.3338231, 60.0607883 ], [ 41.3343392, 60.0605805 ], [ 41.3344736, 60.0605343 ], [ 41.3344643, 60.0604172 ], [ 41.3344389, 60.0603247 ], [ 41.3344189, 60.0602229 ], [ 41.334496, 60.0600444 ], [ 41.3347067, 60.0599487 ], [ 41.3349666, 60.0598643 ], [ 41.3352484, 60.0598557 ], [ 41.3354131, 60.0599565 ], [ 41.3354611, 60.0601352 ], [ 41.3355761, 60.0603186 ], [ 41.3357947, 60.0604173 ], [ 41.3362826, 60.0603175 ], [ 41.3365385, 60.0601348 ], [ 41.3369012, 60.0600483 ], [ 41.3370987, 60.0599437 ], [ 41.3374587, 60.0595487 ], [ 41.3377334, 60.0592006 ], [ 41.3377295, 60.0589691 ], [ 41.3376489, 60.0587549 ], [ 41.3374875, 60.058417 ], [ 41.3375542, 60.0582047 ], [ 41.337958, 60.0581373 ], [ 41.338802, 60.0582748 ], [ 41.3393573, 60.0583873 ], [ 41.3397383, 60.0584614 ], [ 41.3401407, 60.0586282 ], [ 41.3401885, 60.0588134 ], [ 41.3399582, 60.0590363 ], [ 41.3398867, 60.0591588 ], [ 41.3398501, 60.0593476 ], [ 41.3402517, 60.0596369 ], [ 41.3407794, 60.0597929 ], [ 41.341194, 60.0597555 ], [ 41.3414018, 60.0596332 ], [ 41.3413162, 60.0594017 ], [ 41.3411935, 60.0589604 ], [ 41.3412612, 60.0586146 ], [ 41.3413552, 60.0583969 ], [ 41.3416081, 60.0582648 ], [ 41.3420711, 60.0582928 ], [ 41.3426698, 60.0584353 ], [ 41.3430082, 60.0583896 ], [ 41.3433632, 60.0582567 ], [ 41.3434024, 60.0581015 ], [ 41.3432943, 60.0579434 ], [ 41.3434368, 60.0578293 ], [ 41.343677, 60.057778 ], [ 41.3438894, 60.0578055 ], [ 41.3440848, 60.0579283 ], [ 41.3442035, 60.0581191 ], [ 41.3443009, 60.0582255 ], [ 41.3450366, 60.0582593 ], [ 41.3455596, 60.0583091 ], [ 41.3460505, 60.0582445 ], [ 41.3459939, 60.0580774 ], [ 41.3454942, 60.0577934 ], [ 41.3452557, 60.0575779 ], [ 41.3453332, 60.0573793 ], [ 41.345651, 60.0571447 ], [ 41.3459249, 60.0569219 ], [ 41.3460518, 60.0566661 ], [ 41.3461075, 60.0564864 ], [ 41.3461685, 60.0563041 ], [ 41.3463015, 60.0561145 ], [ 41.3468692, 60.0559602 ], [ 41.3472848, 60.055743 ], [ 41.3475964, 60.0555747 ], [ 41.3479414, 60.0556155 ], [ 41.3480605, 60.0557437 ], [ 41.3481139, 60.0558962 ], [ 41.3483314, 60.0559973 ], [ 41.3490126, 60.0560093 ], [ 41.3491937, 60.0558053 ], [ 41.3493315, 60.0555577 ], [ 41.3490922, 60.0554674 ], [ 41.3492621, 60.0553044 ], [ 41.3496068, 60.055098 ], [ 41.3496513, 60.0549509 ], [ 41.3494887, 60.054801 ], [ 41.3492875, 60.0547304 ], [ 41.3491741, 60.0545424 ], [ 41.3493275, 60.0544119 ], [ 41.3498405, 60.0543065 ], [ 41.3500214, 60.054127 ], [ 41.3502948, 60.0539859 ], [ 41.3506169, 60.0539128 ], [ 41.3512602, 60.0538593 ], [ 41.3518545, 60.0538384 ], [ 41.3526603, 60.0537349 ], [ 41.3531841, 60.0536458 ], [ 41.3537406, 60.0535513 ], [ 41.3540884, 60.053707 ], [ 41.3541743, 60.053944 ], [ 41.3543421, 60.0542455 ], [ 41.3546622, 60.0544884 ], [ 41.355086, 60.0546959 ], [ 41.3556519, 60.0548629 ], [ 41.3560382, 60.0549914 ], [ 41.356671, 60.055238 ], [ 41.3571505, 60.0552551 ], [ 41.3574842, 60.0550405 ], [ 41.3576925, 60.054812 ], [ 41.358031, 60.0547418 ], [ 41.3583304, 60.0547994 ], [ 41.3586071, 60.0550095 ], [ 41.3589281, 60.055127 ], [ 41.359299, 60.0550567 ], [ 41.3595459, 60.054763 ], [ 41.3596726, 60.0545508 ], [ 41.3599262, 60.0544861 ], [ 41.3601438, 60.0545871 ], [ 41.3601973, 60.054737 ], [ 41.3603756, 60.0550068 ], [ 41.3605437, 60.0551541 ], [ 41.3608976, 60.0552227 ], [ 41.3612305, 60.0551497 ], [ 41.3611613, 60.0548554 ], [ 41.3612766, 60.0547222 ], [ 41.3616305, 60.0547581 ], [ 41.3617549, 60.0549516 ], [ 41.3617043, 60.0552402 ], [ 41.3617741, 60.05539 ], [ 41.3619156, 60.0554475 ], [ 41.3621883, 60.0554124 ], [ 41.362402, 60.0552167 ], [ 41.3624951, 60.0551378 ], [ 41.3627895, 60.0551356 ], [ 41.3630722, 60.0552367 ], [ 41.3631088, 60.0555117 ], [ 41.3632766, 60.0557135 ], [ 41.363421, 60.0558369 ], [ 41.363797, 60.0558129 ], [ 41.3639831, 60.0556934 ], [ 41.3642675, 60.0555331 ], [ 41.3644212, 60.0553237 ], [ 41.3643188, 60.0551193 ], [ 41.3642326, 60.0549285 ], [ 41.3644079, 60.0547845 ], [ 41.3645557, 60.0546485 ], [ 41.3648394, 60.0546081 ], [ 41.365297, 60.0546714 ], [ 41.3655083, 60.0548895 ], [ 41.3656268, 60.0551402 ], [ 41.3656583, 60.0553554 ], [ 41.3657886, 60.0554154 ], [ 41.3660123, 60.0553804 ], [ 41.3663183, 60.0552583 ], [ 41.3666623, 60.0551226 ], [ 41.3669904, 60.0549379 ], [ 41.3670946, 60.0548318 ], [ 41.3669399, 60.0546476 ], [ 41.3664937, 60.0545163 ], [ 41.3665003, 60.054293 ], [ 41.3664746, 60.0540452 ], [ 41.3665843, 60.0539065 ], [ 41.3667815, 60.0537379 ], [ 41.3671252, 60.0536785 ], [ 41.3673401, 60.0533396 ], [ 41.3674995, 60.0531248 ], [ 41.3677558, 60.0530815 ], [ 41.3682083, 60.0530603 ], [ 41.3687873, 60.0530981 ], [ 41.369202, 60.0530198 ], [ 41.3694918, 60.0528459 ], [ 41.3698528, 60.0526176 ], [ 41.3703497, 60.0524304 ], [ 41.3708405, 60.0523602 ], [ 41.3712707, 60.0524453 ], [ 41.3716791, 60.0524894 ], [ 41.3718323, 60.0523698 ], [ 41.3716282, 60.0521473 ], [ 41.3714002, 60.0519891 ], [ 41.3710635, 60.0517817 ], [ 41.3707319, 60.0515988 ], [ 41.3703021, 60.0514865 ], [ 41.3696542, 60.0513823 ], [ 41.3695407, 60.0511833 ], [ 41.369547, 60.051058 ], [ 41.3699076, 60.0508168 ], [ 41.3700069, 60.0505936 ], [ 41.3703181, 60.0504905 ], [ 41.3706779, 60.0504802 ], [ 41.3709991, 60.0505187 ], [ 41.371271, 60.0506198 ], [ 41.3712208, 60.0508403 ], [ 41.37122, 60.0509846 ], [ 41.3713772, 60.0511265 ], [ 41.3719717, 60.0510538 ], [ 41.3723545, 60.050801 ], [ 41.3728351, 60.0506111 ], [ 41.3732994, 60.0504211 ], [ 41.3739696, 60.0504165 ], [ 41.3745802, 60.0503792 ], [ 41.3749456, 60.0503252 ], [ 41.3752821, 60.0501854 ], [ 41.3753816, 60.0499513 ], [ 41.3755905, 60.0496113 ], [ 41.3755805, 60.0494315 ], [ 41.3753307, 60.0492514 ], [ 41.3749595, 60.0490888 ], [ 41.3746175, 60.0488378 ], [ 41.3743677, 60.0486958 ], [ 41.3739156, 60.0486653 ], [ 41.3736143, 60.0489535 ], [ 41.3735591, 60.0490733 ], [ 41.3731072, 60.0490128 ], [ 41.3726722, 60.0488297 ], [ 41.3721667, 60.0485812 ], [ 41.3719884, 60.0483006 ], [ 41.3720332, 60.0480665 ], [ 41.3724491, 60.0477602 ], [ 41.3728694, 60.0476327 ], [ 41.3728213, 60.047472 ], [ 41.37268, 60.0473683 ], [ 41.3722388, 60.0473487 ], [ 41.3719224, 60.0474191 ], [ 41.3717153, 60.0474107 ], [ 41.37164, 60.0472336 ], [ 41.3716685, 60.0470184 ], [ 41.3713191, 60.0468094 ], [ 41.3709441, 60.0466347 ], [ 41.3707485, 60.0465254 ], [ 41.3708855, 60.0464113 ], [ 41.3712174, 60.0465016 ], [ 41.3717183, 60.0465567 ], [ 41.3722633, 60.0465383 ], [ 41.3721664, 60.0463395 ], [ 41.3720797, 60.0462386 ], [ 41.3718677, 60.0461484 ], [ 41.3717429, 60.0460284 ], [ 41.3719291, 60.045879 ], [ 41.3724142, 60.045836 ], [ 41.3728774, 60.0458476 ], [ 41.3733457, 60.0458891 ], [ 41.3734487, 60.0459927 ], [ 41.3733759, 60.0463465 ], [ 41.37344, 60.0465727 ], [ 41.373936, 60.0465515 ], [ 41.3744002, 60.0463697 ], [ 41.3746467, 60.0461058 ], [ 41.3746862, 60.0458609 ], [ 41.3744617, 60.0454936 ], [ 41.374049, 60.0452453 ], [ 41.373832, 60.045049 ], [ 41.3737571, 60.044801 ], [ 41.3738396, 60.0446732 ], [ 41.3738949, 60.0443962 ], [ 41.3735258, 60.0441643 ], [ 41.3732868, 60.0440224 ], [ 41.3731354, 60.0438152 ], [ 41.3726462, 60.0435804 ], [ 41.3723528, 60.043403 ], [ 41.3724408, 60.0432697 ], [ 41.3729223, 60.0429585 ], [ 41.3731569, 60.0429043 ], [ 41.3734505, 60.0430082 ], [ 41.3735531, 60.0431826 ], [ 41.3736558, 60.0433271 ], [ 41.3741077, 60.0433904 ], [ 41.3744676, 60.043339 ], [ 41.3746268, 60.0430969 ], [ 41.3744479, 60.042936 ], [ 41.3743185, 60.0426853 ], [ 41.3744988, 60.0426094 ], [ 41.375065, 60.0426645 ], [ 41.3755876, 60.0427415 ], [ 41.3760563, 60.0427148 ], [ 41.3762805, 60.0425626 ], [ 41.3762813, 60.0424184 ], [ 41.3760868, 60.0422311 ], [ 41.3758093, 60.0421572 ], [ 41.3753791, 60.042143 ], [ 41.3749539, 60.0421533 ], [ 41.3746383, 60.0420875 ], [ 41.374563, 60.0419077 ], [ 41.3752338, 60.0417806 ], [ 41.3758495, 60.0417733 ], [ 41.3766073, 60.0416763 ], [ 41.3770593, 60.0416987 ], [ 41.3774564, 60.0417972 ], [ 41.3779578, 60.0418032 ], [ 41.3780783, 60.04167 ], [ 41.3776543, 60.0414734 ], [ 41.3772246, 60.0413584 ], [ 41.377165, 60.0412822 ], [ 41.3771629, 60.0411447 ], [ 41.3773758, 60.0410497 ], [ 41.3777356, 60.0410121 ], [ 41.3781765, 60.0410862 ], [ 41.3787264, 60.0411659 ], [ 41.3791511, 60.0411991 ], [ 41.379125, 60.0409649 ], [ 41.3790933, 60.0407933 ], [ 41.3793011, 60.040641 ], [ 41.3795354, 60.0406196 ], [ 41.3799335, 60.0405656 ], [ 41.3801353, 60.0404924 ], [ 41.3800663, 60.0402727 ], [ 41.379816, 60.0401987 ], [ 41.3790316, 60.0401896 ], [ 41.3788472, 60.0400423 ], [ 41.3786521, 60.0398432 ], [ 41.378506, 60.0396579 ], [ 41.3784521, 60.0395516 ], [ 41.3785564, 60.0393776 ], [ 41.3787474, 60.0393151 ], [ 41.379091, 60.0392638 ], [ 41.3792869, 60.0392887 ], [ 41.3795044, 60.0393571 ], [ 41.3796343, 60.0395233 ], [ 41.3799174, 60.0395727 ], [ 41.3806636, 60.0395709 ], [ 41.3810841, 60.0393863 ], [ 41.3812339, 60.0391042 ], [ 41.3813666, 60.038745 ], [ 41.3812913, 60.0385515 ], [ 41.3809713, 60.0382938 ], [ 41.380847, 60.0381031 ], [ 41.3810989, 60.0378611 ], [ 41.3814154, 60.0377172 ], [ 41.3818412, 60.0375679 ], [ 41.3825553, 60.0374571 ], [ 41.3829696, 60.0374141 ], [ 41.3837589, 60.0375077 ], [ 41.384063, 60.0376851 ], [ 41.3849192, 60.038073 ], [ 41.3855017, 60.0381609 ], [ 41.3859918, 60.0381806 ], [ 41.3866078, 60.0380887 ], [ 41.3866523, 60.0379118 ], [ 41.3865931, 60.0377702 ], [ 41.3861583, 60.037608 ], [ 41.3860126, 60.0373573 ], [ 41.3859862, 60.0371829 ], [ 41.3860415, 60.0369951 ], [ 41.3862453, 60.036806 ], [ 41.3867141, 60.0367358 ], [ 41.3872426, 60.0366983 ], [ 41.3880164, 60.0366257 ], [ 41.3885777, 60.0365774 ], [ 41.3889268, 60.0365015 ], [ 41.3889413, 60.036333 ], [ 41.3884916, 60.0362008 ], [ 41.3881963, 60.036099 ], [ 41.3880755, 60.0359965 ], [ 41.3880992, 60.0358108 ], [ 41.3882327, 60.0355773 ], [ 41.388218, 60.0354806 ], [ 41.3880973, 60.0353516 ], [ 41.3879576, 60.0352302 ], [ 41.387886, 60.0351657 ], [ 41.3879061, 60.0349485 ], [ 41.3880624, 60.0347554 ], [ 41.3881729, 60.0346401 ], [ 41.3883779, 60.034538 ], [ 41.3886928, 60.0345043 ], [ 41.3889201, 60.0345027 ], [ 41.3891475, 60.0345161 ], [ 41.3892837, 60.0345429 ], [ 41.3895906, 60.034547 ], [ 41.3898752, 60.0344943 ], [ 41.3909579, 60.0342731 ], [ 41.3912514, 60.0341945 ], [ 41.3916092, 60.0340746 ], [ 41.3918313, 60.0339828 ], [ 41.3920085, 60.0338797 ], [ 41.3924621, 60.0336124 ], [ 41.3929251, 60.033457 ], [ 41.3936876, 60.033126 ], [ 41.3940931, 60.0328233 ], [ 41.3943348, 60.0325639 ], [ 41.3941731, 60.0322125 ], [ 41.3941553, 60.0318661 ], [ 41.3941184, 60.0315629 ], [ 41.3944971, 60.0310695 ], [ 41.3949794, 60.0308056 ], [ 41.3952589, 60.0307193 ], [ 41.3957307, 60.0306428 ], [ 41.39627, 60.0305328 ], [ 41.396425, 60.0303069 ], [ 41.3963972, 60.0300663 ], [ 41.3962634, 60.0298785 ], [ 41.3961199, 60.0297148 ], [ 41.3962077, 60.0294284 ], [ 41.3962088, 60.0292071 ], [ 41.3964303, 60.0291689 ], [ 41.3968433, 60.0292896 ], [ 41.3970255, 60.0294197 ], [ 41.3975252, 60.0295791 ], [ 41.3979774, 60.0295747 ], [ 41.3984881, 60.0294165 ], [ 41.3993358, 60.0291867 ], [ 41.3995962, 60.0290426 ], [ 41.400078, 60.0288795 ], [ 41.40056, 60.0286685 ], [ 41.4007631, 60.028457 ], [ 41.4004801, 60.028175 ], [ 41.4004811, 60.027944 ], [ 41.4006076, 60.0276748 ], [ 41.4007722, 60.0274296 ], [ 41.4009466, 60.0271508 ], [ 41.4014395, 60.0266607 ], [ 41.4018925, 60.0264784 ], [ 41.4020661, 60.0263487 ], [ 41.4020202, 60.0259611 ], [ 41.4021365, 60.0257784 ], [ 41.4023682, 60.0255909 ], [ 41.4027435, 60.0255577 ], [ 41.4031761, 60.0256352 ], [ 41.4033579, 60.025847 ], [ 41.4034625, 60.0261214 ], [ 41.4031825, 60.0263809 ], [ 41.4030948, 60.0266069 ], [ 41.4031131, 60.0268234 ], [ 41.4032474, 60.0269005 ], [ 41.4035552, 60.0269345 ], [ 41.4038249, 60.0268723 ], [ 41.4041719, 60.0267284 ], [ 41.4043842, 60.0265794 ], [ 41.4048271, 60.0264789 ], [ 41.4053478, 60.0262149 ], [ 41.4056469, 60.0260324 ], [ 41.4059853, 60.025619 ], [ 41.4064965, 60.0253165 ], [ 41.4068438, 60.0251004 ], [ 41.4070325, 60.0246746 ], [ 41.4070042, 60.0245399 ], [ 41.4065329, 60.0245442 ], [ 41.4061002, 60.0245004 ], [ 41.4057926, 60.0244038 ], [ 41.4058127, 60.0242355 ], [ 41.4059386, 60.0240432 ], [ 41.4061414, 60.0238462 ], [ 41.4062863, 60.0237212 ], [ 41.4066617, 60.0236591 ], [ 41.4074118, 60.0237225 ], [ 41.4080272, 60.0237905 ], [ 41.4083537, 60.0239304 ], [ 41.408998, 60.0239936 ], [ 41.4094315, 60.0238257 ], [ 41.4093745, 60.0236958 ], [ 41.4091925, 60.0234646 ], [ 41.4090494, 60.0232143 ], [ 41.4090791, 60.0230219 ], [ 41.4093335, 60.0228753 ], [ 41.4102286, 60.0227703 ], [ 41.4111815, 60.0226318 ], [ 41.411855, 60.0226133 ], [ 41.4120654, 60.0228925 ], [ 41.4122655, 60.023369 ], [ 41.412351, 60.0236048 ], [ 41.4126394, 60.0236725 ], [ 41.4133033, 60.0236539 ], [ 41.4138231, 60.0235438 ], [ 41.4139499, 60.0231495 ], [ 41.4139898, 60.0227839 ], [ 41.4140011, 60.0223798 ], [ 41.4140312, 60.0220911 ], [ 41.4141089, 60.0218892 ], [ 41.414254, 60.0217162 ], [ 41.4147062, 60.0216973 ], [ 41.4151957, 60.0219192 ], [ 41.4155986, 60.0221986 ], [ 41.4161515, 60.0222938 ], [ 41.4167575, 60.0222848 ], [ 41.4170471, 60.0220157 ], [ 41.4172122, 60.021631 ], [ 41.4172327, 60.0213376 ], [ 41.4172048, 60.021097 ], [ 41.417302, 60.0208373 ], [ 41.4175624, 60.0206452 ], [ 41.4177942, 60.0204577 ], [ 41.4177562, 60.0203133 ], [ 41.417516, 60.0202362 ], [ 41.4170446, 60.0202886 ], [ 41.4165435, 60.0204805 ], [ 41.4162443, 60.0207593 ], [ 41.4161189, 60.0208217 ], [ 41.4155997, 60.0207971 ], [ 41.4148591, 60.020753 ], [ 41.4149077, 60.0206472 ], [ 41.415168, 60.0204984 ], [ 41.4154184, 60.0203831 ], [ 41.4156902, 60.019952 ], [ 41.4157202, 60.0196825 ], [ 41.4155378, 60.0196006 ], [ 41.4151048, 60.0196434 ], [ 41.4146049, 60.0196333 ], [ 41.4144519, 60.0194262 ], [ 41.4145202, 60.019157 ], [ 41.4146943, 60.0189551 ], [ 41.4149442, 60.0189649 ], [ 41.4153769, 60.0189702 ], [ 41.415983, 60.0190093 ], [ 41.4166077, 60.0190388 ], [ 41.4169539, 60.0191209 ], [ 41.4173392, 60.0189963 ], [ 41.4171763, 60.0187748 ], [ 41.4168213, 60.0186012 ], [ 41.4161963, 60.0185332 ], [ 41.4159368, 60.0184849 ], [ 41.4157835, 60.0183693 ], [ 41.415794, 60.018172 ], [ 41.4160056, 60.0181049 ], [ 41.4166213, 60.01812 ], [ 41.4171126, 60.0179931 ], [ 41.4173636, 60.0177288 ], [ 41.4177778, 60.0175416 ], [ 41.4183262, 60.0175325 ], [ 41.4184804, 60.0174846 ], [ 41.4182922, 60.0173811 ], [ 41.4180709, 60.0173042 ], [ 41.4183383, 60.0171483 ], [ 41.4183964, 60.0168786 ], [ 41.4184427, 60.0166431 ], [ 41.418387, 60.0163591 ], [ 41.4185807, 60.016206 ], [ 41.4190007, 60.016195 ], [ 41.4196078, 60.0162383 ], [ 41.4199824, 60.0161913 ], [ 41.4199938, 60.016197 ], [ 41.4198016, 60.0159612 ], [ 41.4194625, 60.0156543 ], [ 41.41906, 60.015526 ], [ 41.4187026, 60.0155002 ], [ 41.4186236, 60.0153808 ], [ 41.4188001, 60.0152362 ], [ 41.4192208, 60.0150777 ], [ 41.4193177, 60.0149557 ], [ 41.4193582, 60.0147836 ], [ 41.4195573, 60.0146843 ], [ 41.4198697, 60.0146194 ], [ 41.4199886, 60.0147018 ], [ 41.4199598, 60.0148182 ], [ 41.4200784, 60.0149858 ], [ 41.4203224, 60.0149889 ], [ 41.4205835, 60.0149551 ], [ 41.4207487, 60.0148077 ], [ 41.4205789, 60.0146684 ], [ 41.4203921, 60.0145745 ], [ 41.4202904, 60.0144523 ], [ 41.420257, 60.0142791 ], [ 41.420405, 60.0141629 ], [ 41.421052, 60.014172 ], [ 41.4216199, 60.014059 ], [ 41.4219097, 60.0139457 ], [ 41.4219163, 60.0137441 ], [ 41.4217421, 60.0134752 ], [ 41.4215268, 60.0133757 ], [ 41.421482, 60.013245 ], [ 41.4216189, 60.0130691 ], [ 41.4220063, 60.0126578 ], [ 41.4218766, 60.0124002 ], [ 41.4216042, 60.0123971 ], [ 41.4212636, 60.0124252 ], [ 41.4208836, 60.0123624 ], [ 41.4204642, 60.0122314 ], [ 41.420147, 60.0120636 ], [ 41.4199207, 60.0119101 ], [ 41.419785, 60.0117679 ], [ 41.4200809, 60.0115666 ], [ 41.4205234, 60.0115955 ], [ 41.4210624, 60.0116188 ], [ 41.4217321, 60.0116251 ], [ 41.4222202, 60.0115943 ], [ 41.4223286, 60.0114837 ], [ 41.4222611, 60.0113019 ], [ 41.4219548, 60.011242 ], [ 41.4216596, 60.0112758 ], [ 41.4212844, 60.0112335 ], [ 41.4209614, 60.011128 ], [ 41.4207746, 60.0109945 ], [ 41.4205823, 60.0108352 ], [ 41.420583, 60.0106565 ], [ 41.4208557, 60.0105545 ], [ 41.4209982, 60.0104155 ], [ 41.4211632, 60.0103021 ], [ 41.4211127, 60.0101686 ], [ 41.4209824, 60.0101118 ], [ 41.4209205, 60.0099924 ], [ 41.4210285, 60.0099102 ], [ 41.4212556, 60.0098821 ], [ 41.4217969, 60.0097636 ], [ 41.4223365, 60.0096108 ], [ 41.4224961, 60.0094065 ], [ 41.4226055, 60.0090347 ], [ 41.4225382, 60.0088245 ], [ 41.4220901, 60.0087616 ], [ 41.4216985, 60.0087754 ], [ 41.421381, 60.0086872 ], [ 41.4213759, 60.0085736 ], [ 41.4214388, 60.0084373 ], [ 41.4216604, 60.0083496 ], [ 41.4220768, 60.0080273 ], [ 41.422197, 60.0077152 ], [ 41.4223966, 60.0074542 ], [ 41.4226754, 60.0072614 ], [ 41.4226703, 60.0070182 ], [ 41.4228243, 60.0068111 ], [ 41.4230916, 60.0066495 ], [ 41.4233081, 60.006434 ], [ 41.4239699, 60.0061009 ], [ 41.4244585, 60.0059197 ], [ 41.4254007, 60.0058468 ], [ 41.4259283, 60.0058161 ], [ 41.4264513, 60.0055781 ], [ 41.4265429, 60.0053539 ], [ 41.4267453, 60.0049091 ], [ 41.4266785, 60.0045429 ], [ 41.4265204, 60.0043696 ], [ 41.426447, 60.0042474 ], [ 41.4264419, 60.0040714 ], [ 41.4266694, 60.0039723 ], [ 41.4269187, 60.0040094 ], [ 41.4271397, 60.004126 ], [ 41.4274685, 60.0041859 ], [ 41.4280582, 60.0042744 ], [ 41.4284719, 60.0044112 ], [ 41.4291121, 60.0046757 ], [ 41.4294687, 60.0048918 ], [ 41.4298376, 60.0048893 ], [ 41.4300934, 60.0047135 ], [ 41.4305199, 60.0044527 ], [ 41.4313069, 60.0040181 ], [ 41.4317223, 60.0036323 ], [ 41.432177, 60.0034284 ], [ 41.4325289, 60.0033633 ], [ 41.4330792, 60.0033837 ], [ 41.433794, 60.0033844 ], [ 41.4341914, 60.0033109 ], [ 41.4345319, 60.0030309 ], [ 41.4349353, 60.0028382 ], [ 41.4352814, 60.00283 ], [ 41.435877, 60.0028731 ], [ 41.4364101, 60.002882 ], [ 41.4368192, 60.0027547 ], [ 41.4369336, 60.0024879 ], [ 41.4367017, 60.0022663 ], [ 41.4362597, 60.0021324 ], [ 41.4356075, 60.0020155 ], [ 41.4352792, 60.0018052 ], [ 41.4353247, 60.0016986 ], [ 41.4354895, 60.0016334 ], [ 41.4358129, 60.0016025 ], [ 41.4360629, 60.0014977 ], [ 41.43656, 60.0015189 ], [ 41.4369544, 60.0014434 ], [ 41.4370564, 60.0011755 ], [ 41.437148, 60.0009481 ], [ 41.4369769, 60.0007709 ], [ 41.4366441, 60.0005531 ], [ 41.4363614, 60.000472 ], [ 41.4365041, 60.0001536 ], [ 41.4366773, 59.9997188 ], [ 41.4369307, 59.9995117 ], [ 41.4374664, 59.9994262 ], [ 41.4378401, 59.9994619 ], [ 41.438011, 59.9997554 ], [ 41.4382124, 59.9999781 ], [ 41.4384745, 60.0001705 ], [ 41.4387875, 60.0002364 ], [ 41.4391822, 60.0000648 ], [ 41.4396679, 59.9998326 ], [ 41.4400627, 59.9996307 ], [ 41.4404266, 59.9995854 ], [ 41.440962, 59.9996264 ], [ 41.4415481, 59.9995813 ], [ 41.4418011, 59.9994905 ], [ 41.4417676, 59.9993719 ], [ 41.4418484, 59.9992245 ], [ 41.4418225, 59.9989742 ], [ 41.4413871, 59.9982946 ], [ 41.441352, 59.9981426 ], [ 41.441415, 59.9979818 ], [ 41.4416119, 59.9978478 ], [ 41.4422015, 59.9977322 ], [ 41.4426485, 59.9975895 ], [ 41.4428262, 59.9973979 ], [ 41.4427287, 59.9971699 ], [ 41.4423182, 59.9970937 ], [ 41.4418902, 59.9968922 ], [ 41.4410513, 59.9967797 ], [ 41.4401581, 59.996846 ], [ 41.4396311, 59.9969484 ], [ 41.4389702, 59.9969523 ], [ 41.4383453, 59.9969786 ], [ 41.4375596, 59.9969646 ], [ 41.4368632, 59.9969058 ], [ 41.4367207, 59.9968164 ], [ 41.4367748, 59.9966868 ], [ 41.4369449, 59.9965439 ], [ 41.4372936, 59.9963878 ], [ 41.4375975, 59.9963077 ], [ 41.4379989, 59.9963973 ], [ 41.4385881, 59.9964425 ], [ 41.4390616, 59.9963893 ], [ 41.4390353, 59.9962061 ], [ 41.4389291, 59.9959066 ], [ 41.4388674, 59.9957189 ], [ 41.4388327, 59.9953792 ], [ 41.4388515, 59.9951066 ], [ 41.4388361, 59.9944774 ], [ 41.4385689, 59.9942806 ], [ 41.4384358, 59.9940705 ], [ 41.4383739, 59.9938693 ], [ 41.4384997, 59.9936505 ], [ 41.43892, 59.9934408 ], [ 41.4392692, 59.9931372 ], [ 41.4396539, 59.9929275 ], [ 41.4401271, 59.9928742 ], [ 41.4403233, 59.9929637 ], [ 41.4405904, 59.9931606 ], [ 41.4408847, 59.9932681 ], [ 41.4412331, 59.9932014 ], [ 41.4414925, 59.9930631 ], [ 41.4415019, 59.9929156 ], [ 41.4416646, 59.9927066 ], [ 41.4418795, 59.9925191 ], [ 41.4423082, 59.9924703 ], [ 41.4425054, 59.9922292 ], [ 41.4426489, 59.9919924 ], [ 41.442864, 59.9917423 ], [ 41.4431145, 59.9915682 ], [ 41.4438625, 59.9916402 ], [ 41.4440626, 59.9915976 ], [ 41.4443059, 59.991469 ], [ 41.4446631, 59.9914264 ], [ 41.4447491, 59.9913335 ], [ 41.4447069, 59.9911189 ], [ 41.444636, 59.9909616 ], [ 41.4446364, 59.9908187 ], [ 41.4447801, 59.9906042 ], [ 41.4452085, 59.9905902 ], [ 41.4454798, 59.9906119 ], [ 41.4455659, 59.9904762 ], [ 41.4455237, 59.9902688 ], [ 41.4453354, 59.9899345 ], [ 41.4450775, 59.9897894 ], [ 41.4447726, 59.9897382 ], [ 41.4444599, 59.9896635 ], [ 41.4442332, 59.9896046 ], [ 41.4440848, 59.98953 ], [ 41.4441085, 59.98944 ], [ 41.4444138, 59.9893972 ], [ 41.4450477, 59.989378 ], [ 41.4455329, 59.9893432 ], [ 41.4455332, 59.9892571 ], [ 41.4452985, 59.9892098 ], [ 41.4451578, 59.9891588 ], [ 41.4449858, 59.9891077 ], [ 41.444994, 59.9890137 ], [ 41.4451507, 59.9889081 ], [ 41.4452762, 59.9888494 ], [ 41.4453739, 59.9887488 ], [ 41.4452648, 59.9886508 ], [ 41.4450928, 59.9885919 ], [ 41.4449133, 59.9884781 ], [ 41.4448589, 59.9883567 ], [ 41.4449686, 59.9882589 ], [ 41.4451801, 59.9882276 ], [ 41.4455006, 59.9882945 ], [ 41.4458603, 59.9883536 ], [ 41.4460867, 59.98853 ], [ 41.4462506, 59.9886516 ], [ 41.4463284, 59.9888357 ], [ 41.4463901, 59.9890786 ], [ 41.4464756, 59.9893058 ], [ 41.4467651, 59.9892316 ], [ 41.4471964, 59.9889892 ], [ 41.4475805, 59.9887662 ], [ 41.4478003, 59.9884686 ], [ 41.4478477, 59.9883238 ], [ 41.4477542, 59.9881945 ], [ 41.4474573, 59.9881198 ], [ 41.4472386, 59.9879943 ], [ 41.4471215, 59.9879158 ], [ 41.4470984, 59.9877709 ], [ 41.4471692, 59.9876416 ], [ 41.4473572, 59.9875713 ], [ 41.447764, 59.9875912 ], [ 41.448139, 59.9877403 ], [ 41.4484834, 59.9877132 ], [ 41.4488202, 59.9875842 ], [ 41.4491805, 59.9874631 ], [ 41.449556, 59.9874555 ], [ 41.4498298, 59.9875027 ], [ 41.4497745, 59.9876672 ], [ 41.4497897, 59.9878317 ], [ 41.4501334, 59.9879808 ], [ 41.4506182, 59.9881105 ], [ 41.4510407, 59.9881304 ], [ 41.4514167, 59.9879583 ], [ 41.4514645, 59.9876684 ], [ 41.4514495, 59.9874922 ], [ 41.4515907, 59.9873474 ], [ 41.4517552, 59.987277 ], [ 41.4521074, 59.9872106 ], [ 41.452655, 59.987211 ], [ 41.4530069, 59.9873367 ], [ 41.4528966, 59.9875481 ], [ 41.4527632, 59.9877164 ], [ 41.4526529, 59.98792 ], [ 41.4528717, 59.9880259 ], [ 41.4532785, 59.988038 ], [ 41.4537092, 59.9879208 ], [ 41.4539129, 59.9878661 ], [ 41.4554698, 59.9873599 ], [ 41.4560731, 59.9870626 ], [ 41.4567787, 59.9865853 ], [ 41.4568421, 59.986272 ], [ 41.4565847, 59.9860093 ], [ 41.4562875, 59.9858149 ], [ 41.4561473, 59.9855916 ], [ 41.4562339, 59.985384 ], [ 41.4565469, 59.9853842 ], [ 41.4568047, 59.9854784 ], [ 41.457094, 59.9855608 ], [ 41.4576654, 59.9854515 ], [ 41.4580805, 59.9852795 ], [ 41.4585424, 59.9851741 ], [ 41.4590517, 59.984912 ], [ 41.4593647, 59.9849083 ], [ 41.459599, 59.9850299 ], [ 41.4598961, 59.9851124 ], [ 41.4601386, 59.9850577 ], [ 41.4605146, 59.9849287 ], [ 41.4609215, 59.9848977 ], [ 41.4610822, 59.9849675 ], [ 41.4612617, 59.9850891 ], [ 41.4617856, 59.9851678 ], [ 41.4623882, 59.9851016 ], [ 41.4631004, 59.9850472 ], [ 41.4634445, 59.9850395 ], [ 41.4641021, 59.984899 ], [ 41.4642355, 59.9847346 ], [ 41.4640325, 59.9846208 ], [ 41.4637118, 59.9845697 ], [ 41.4632269, 59.9845106 ], [ 41.4629533, 59.98444 ], [ 41.4628441, 59.9842754 ], [ 41.462954, 59.9842011 ], [ 41.4634467, 59.9842092 ], [ 41.4637597, 59.9841819 ], [ 41.4638538, 59.984092 ], [ 41.4638558, 59.9839017 ], [ 41.4637856, 59.9838037 ], [ 41.463606, 59.9837213 ], [ 41.4632304, 59.9836937 ], [ 41.4627846, 59.9836816 ], [ 41.4624405, 59.9836108 ], [ 41.4623625, 59.9835168 ], [ 41.462402, 59.9834111 ], [ 41.4626524, 59.9833407 ], [ 41.4631141, 59.9833332 ], [ 41.4637789, 59.9834159 ], [ 41.4642484, 59.9833379 ], [ 41.4642175, 59.9831694 ], [ 41.4641084, 59.9830361 ], [ 41.4639914, 59.9829186 ], [ 41.4640308, 59.9827815 ], [ 41.4643361, 59.9826838 ], [ 41.4647276, 59.9825744 ], [ 41.4651268, 59.9824572 ], [ 41.4652069, 59.9823678 ], [ 41.4650664, 59.9822502 ], [ 41.4648476, 59.9821482 ], [ 41.4647386, 59.9819719 ], [ 41.4650598, 59.981835 ], [ 41.4655215, 59.9817099 ], [ 41.4655766, 59.9815925 ], [ 41.4655554, 59.9815346 ], [ 41.459408, 59.9813939 ], [ 41.4301526, 59.9806333 ], [ 41.431462, 59.9617011 ], [ 41.4321959, 59.951176 ], [ 41.4327454, 59.9433099 ], [ 41.4267001, 59.9320797 ], [ 41.4226024, 59.9244462 ], [ 41.4122741, 59.9067584 ], [ 41.2862481, 59.906689 ], [ 41.2848444, 59.9075042 ], [ 41.2825535, 59.9091041 ], [ 41.2766213, 59.9180334 ], [ 41.2796345, 59.9253308 ], [ 41.2763542, 59.9301915 ], [ 41.273519, 59.9343953 ], [ 41.272095, 59.9364516 ], [ 41.2707437, 59.9384055 ], [ 41.2692284, 59.9405866 ], [ 41.2656921, 59.9456957 ], [ 41.2589133, 59.9554762 ], [ 41.2490324, 59.9557706 ], [ 41.2463435, 59.9558524 ], [ 41.2434333, 59.9581854 ], [ 41.2398719, 59.9609054 ], [ 41.2328278, 59.9604775 ], [ 41.2326037, 59.9604609 ], [ 41.2328489, 59.9609917 ], [ 41.2327634, 59.9617153 ], [ 41.2325926, 59.9632313 ], [ 41.2322498, 59.9645916 ], [ 41.2320397, 59.9652204 ], [ 41.2306571, 59.9666161 ], [ 41.2299781, 59.9669999 ], [ 41.2293471, 59.9672816 ], [ 41.228703, 59.9672879 ], [ 41.2280768, 59.9670975 ], [ 41.2272138, 59.9670168 ], [ 41.2263506, 59.9669675 ], [ 41.2257062, 59.9670131 ], [ 41.2252956, 59.9672324 ], [ 41.2249476, 59.9675069 ], [ 41.2244559, 59.9679855 ], [ 41.2239804, 59.9684407 ], [ 41.2235202, 59.9689195 ], [ 41.2231705, 59.9693355 ], [ 41.2231845, 59.9695165 ], [ 41.2229039, 59.9702612 ], [ 41.2224611, 59.9705669 ], [ 41.2219265, 59.9706206 ], [ 41.2213304, 59.9705483 ], [ 41.2210812, 59.9703432 ], [ 41.2209272, 59.9700281 ], [ 41.220693, 59.9699016 ], [ 41.2201116, 59.9699159 ], [ 41.2197651, 59.9700095 ], [ 41.2196517, 59.9703632 ], [ 41.2199059, 59.9704732 ], [ 41.2231567, 59.973587 ], [ 41.2231403, 59.9742495 ], [ 41.2229076, 59.9746553 ], [ 41.2224883, 59.9749773 ], [ 41.2222361, 59.9752371 ], [ 41.2221096, 59.9754036 ], [ 41.2222945, 59.9756333 ], [ 41.2228125, 59.9758534 ], [ 41.2232903, 59.9759274 ], [ 41.2237687, 59.975939 ], [ 41.2241643, 59.9759192 ], [ 41.2246629, 59.9759934 ], [ 41.2252843, 59.9762867 ], [ 41.2256337, 59.9767252 ], [ 41.2259629, 59.9771012 ], [ 41.2259169, 59.9775387 ], [ 41.2257931, 59.9778579 ], [ 41.2258942, 59.9781395 ], [ 41.2262454, 59.9784217 ], [ 41.2268479, 59.9785065 ], [ 41.2275136, 59.9785291 ], [ 41.2282209, 59.9785412 ], [ 41.2289277, 59.9786054 ], [ 41.2302507, 59.9787532 ], [ 41.230987, 59.9788626 ], [ 41.2314777, 59.9789407 ], [ 41.2320604, 59.9790447 ], [ 41.2325201, 59.9791381 ], [ 41.2330106, 59.9792521 ], [ 41.2334391, 59.9794121 ], [ 41.2337241, 59.9795974 ], [ 41.2340704, 59.9797931 ], [ 41.2343142, 59.9799936 ], [ 41.2343536, 59.9801681 ], [ 41.2342604, 59.9802703 ], [ 41.2338456, 59.9804224 ], [ 41.2335474, 59.9805498 ], [ 41.2332788, 59.9808056 ], [ 41.2333276, 59.9810621 ], [ 41.2337755, 59.9813298 ], [ 41.2345825, 59.9815369 ], [ 41.2356549, 59.9818419 ], [ 41.2366672, 59.981993 ], [ 41.2378315, 59.9823342 ], [ 41.2385142, 59.9826845 ], [ 41.2389526, 59.9829061 ], [ 41.239973, 59.9836513 ], [ 41.2407148, 59.9842786 ], [ 41.2415606, 59.9847267 ], [ 41.2425009, 59.984934 ], [ 41.2432278, 59.9849562 ], [ 41.243966, 59.984881 ], [ 41.2445499, 59.984867 ], [ 41.2450927, 59.9848682 ], [ 41.2455323, 59.9849411 ], [ 41.245777, 59.9850544 ], [ 41.2458576, 59.9852135 ], [ 41.2455988, 59.9855 ], [ 41.2452594, 59.9856737 ], [ 41.2450845, 59.9858163 ], [ 41.244847, 59.9860465 ], [ 41.2447217, 59.9863077 ], [ 41.2446564, 59.9867075 ], [ 41.2446118, 59.9870972 ], [ 41.2444353, 59.9873736 ], [ 41.2442803, 59.9875118 ], [ 41.243921, 59.9875827 ], [ 41.2434396, 59.9876021 ], [ 41.2429273, 59.9876009 ], [ 41.2423336, 59.9875739 ], [ 41.2418518, 59.987624 ], [ 41.2411545, 59.9877249 ], [ 41.2403946, 59.9879129 ], [ 41.2399935, 59.9881068 ], [ 41.2397459, 59.9882857 ], [ 41.2394456, 59.9886286 ], [ 41.2390597, 59.9889555 ], [ 41.2388209, 59.9892985 ], [ 41.2382952, 59.9896665 ], [ 41.2376567, 59.990029 ], [ 41.2371104, 59.9903867 ], [ 41.2365029, 59.9906877 ], [ 41.2360194, 59.9909122 ], [ 41.2352794, 59.9911976 ], [ 41.2348678, 59.9913915 ], [ 41.2343948, 59.9915852 ], [ 41.233742, 59.9918497 ], [ 41.233371, 59.992054 ], [ 41.2330198, 59.9923556 ], [ 41.2327921, 59.9926114 ], [ 41.2326664, 59.9929035 ], [ 41.2327152, 59.9931446 ], [ 41.2331321, 59.993484 ], [ 41.233682, 59.9938187 ], [ 41.2342329, 59.9940558 ], [ 41.2349169, 59.9943087 ], [ 41.2353972, 59.9944329 ], [ 41.2359034, 59.9945863 ], [ 41.2363607, 59.994977 ], [ 41.2369918, 59.9954092 ], [ 41.2376845, 59.9958314 ], [ 41.2381529, 59.9961196 ], [ 41.2383652, 59.9964329 ], [ 41.2383331, 59.9965866 ], [ 41.2379473, 59.9968365 ], [ 41.2373814, 59.9971018 ], [ 41.2363766, 59.9971764 ], [ 41.2358146, 59.9970058 ], [ 41.235592, 59.996713 ], [ 41.2353174, 59.9965174 ], [ 41.234826, 59.996465 ], [ 41.2342321, 59.9964277 ], [ 41.2339039, 59.996473 ], [ 41.2334926, 59.9966361 ], [ 41.2330396, 59.9968556 ], [ 41.2327197, 59.9971009 ], [ 41.2326367, 59.9972238 ], [ 41.2326562, 59.9973213 ], [ 41.232706, 59.9974649 ], [ 41.2327254, 59.9975727 ], [ 41.2324556, 59.9979361 ], [ 41.2321453, 59.9982327 ], [ 41.2314131, 59.9987335 ], [ 41.230867, 59.9990501 ], [ 41.2305569, 59.9993365 ], [ 41.2304944, 59.9994492 ], [ 41.2302849, 59.9997459 ], [ 41.2300546, 60.0002683 ], [ 41.229824, 60.000801 ], [ 41.2297381, 60.0011905 ], [ 41.2299388, 60.0016422 ], [ 41.2302529, 60.0019968 ], [ 41.2304549, 60.0023101 ], [ 41.2305048, 60.0024537 ], [ 41.2304812, 60.0027658 ], [ 41.2303239, 60.0031449 ], [ 41.2300438, 60.003498 ], [ 41.2298872, 60.0037848 ], [ 41.2297727, 60.003969 ], [ 41.2298114, 60.0042153 ], [ 41.2300012, 60.0047183 ], [ 41.2301716, 60.0051084 ], [ 41.230273, 60.0052266 ], [ 41.2306958, 60.0062118 ], [ 41.2310674, 60.0069973 ], [ 41.2311654, 60.0074589 ], [ 41.2310999, 60.0078793 ], [ 41.2309119, 60.008248 ], [ 41.2304422, 60.0087893 ], [ 41.2298214, 60.0094083 ], [ 41.2295007, 60.0097203 ], [ 41.2288669, 60.0106007 ], [ 41.2282243, 60.0109987 ], [ 41.2273397, 60.0113195 ], [ 41.2266104, 60.0114767 ], [ 41.2257481, 60.0116131 ], [ 41.2248455, 60.0116724 ], [ 41.2234913, 60.0118023 ], [ 41.2228042, 60.0118468 ], [ 41.2224228, 60.0120561 ], [ 41.2223568, 60.0125071 ], [ 41.2224657, 60.0129022 ], [ 41.2228516, 60.0132673 ], [ 41.2234429, 60.0135969 ], [ 41.22374, 60.0137603 ], [ 41.2243006, 60.0140847 ], [ 41.2244526, 60.0142594 ], [ 41.2248045, 60.0141699 ], [ 41.2254486, 60.0141619 ], [ 41.2258209, 60.0141366 ], [ 41.2262557, 60.0140757 ], [ 41.2265378, 60.0140142 ], [ 41.2268536, 60.0139172 ], [ 41.2274475, 60.0137579 ], [ 41.2278822, 60.013685 ], [ 41.2283743, 60.013617 ], [ 41.2287416, 60.0136274 ], [ 41.2289841, 60.0137044 ], [ 41.2294504, 60.01382 ], [ 41.2299271, 60.0138641 ], [ 41.2306804, 60.0139256 ], [ 41.2313222, 60.0140014 ], [ 41.2321789, 60.0142063 ], [ 41.2327016, 60.0144176 ], [ 41.2330896, 60.0147526 ], [ 41.2331321, 60.0148051 ], [ 41.2333598, 60.0150895 ], [ 41.2334484, 60.015314 ], [ 41.2334556, 60.0155527 ], [ 41.2334678, 60.0157747 ], [ 41.2335802, 60.0159825 ], [ 41.233846, 60.0161311 ], [ 41.2342951, 60.0162433 ], [ 41.2349434, 60.0163116 ], [ 41.2353915, 60.0163437 ], [ 41.235844, 60.0164259 ], [ 41.2364868, 60.016561 ], [ 41.2369964, 60.0166481 ], [ 41.2377016, 60.0167406 ], [ 41.238317, 60.016761 ], [ 41.239174, 60.0167808 ], [ 41.240033, 60.0167662 ], [ 41.241002, 60.016723 ], [ 41.2417949, 60.0166295 ], [ 41.242306, 60.016559 ], [ 41.2434422, 60.0163392 ], [ 41.244002, 60.0161591 ], [ 41.244142, 60.0159877 ], [ 41.2440125, 60.0156181 ], [ 41.2433892, 60.0154377 ], [ 41.2429429, 60.0152028 ], [ 41.2428675, 60.0151 ], [ 41.2429831, 60.0149905 ], [ 41.2433413, 60.014934 ], [ 41.2440755, 60.0149954 ], [ 41.2448233, 60.0151356 ], [ 41.2458608, 60.015398 ], [ 41.2463563, 60.0154803 ], [ 41.246929, 60.0154554 ], [ 41.2473595, 60.0153418 ], [ 41.2480475, 60.0151975 ], [ 41.248845, 60.0151063 ], [ 41.249384, 60.0151194 ], [ 41.2502009, 60.0149924 ], [ 41.2506503, 60.0149099 ], [ 41.2513275, 60.0146286 ], [ 41.2518212, 60.0143744 ], [ 41.2521284, 60.0141674 ], [ 41.252749, 60.0141188 ], [ 41.2532121, 60.0140817 ], [ 41.2536977, 60.0141901 ], [ 41.2541539, 60.0143845 ], [ 41.2544387, 60.0145521 ], [ 41.2545798, 60.0147696 ], [ 41.2545867, 60.0150631 ], [ 41.2546092, 60.0152159 ], [ 41.2546, 60.0154258 ], [ 41.2546356, 60.0157147 ], [ 41.2549581, 60.0159158 ], [ 41.2553248, 60.0159906 ], [ 41.2555241, 60.0161223 ], [ 41.2556175, 60.0163539 ], [ 41.2558262, 60.0164905 ], [ 41.2560349, 60.016615 ], [ 41.2564539, 60.0169451 ], [ 41.2569343, 60.0171156 ], [ 41.2573201, 60.0171809 ], [ 41.257634, 60.0172984 ], [ 41.2581102, 60.0174021 ], [ 41.2584202, 60.0174219 ], [ 41.2586306, 60.0173556 ], [ 41.2590178, 60.0172848 ], [ 41.2593523, 60.0172092 ], [ 41.2594682, 60.0170591 ], [ 41.2592593, 60.016937 ], [ 41.2589741, 60.0168289 ], [ 41.2587415, 60.01669 ], [ 41.2585266, 60.0165016 ], [ 41.2585096, 60.0162676 ], [ 41.2586494, 60.0160937 ], [ 41.2588935, 60.0160013 ], [ 41.2594282, 60.0159809 ], [ 41.2597804, 60.0160772 ], [ 41.260456, 60.0162863 ], [ 41.2606836, 60.0164371 ], [ 41.261112, 60.0165574 ], [ 41.2614886, 60.016594 ], [ 41.2618138, 60.0165088 ], [ 41.2618154, 60.016325 ], [ 41.2613499, 60.0160806 ], [ 41.2610463, 60.0158866 ], [ 41.2611529, 60.0156889 ], [ 41.2612878, 60.0155603 ], [ 41.261441, 60.0154866 ], [ 41.2619846, 60.0152212 ], [ 41.2621632, 60.0149734 ], [ 41.2623933, 60.0148593 ], [ 41.2627755, 60.0147838 ], [ 41.2633055, 60.0147468 ], [ 41.2639389, 60.0148746 ], [ 41.264714, 60.0151651 ], [ 41.2653372, 60.0153788 ], [ 41.2660805, 60.015483 ], [ 41.2663332, 60.0154955 ], [ 41.2665979, 60.0154645 ], [ 41.266905, 60.0152695 ], [ 41.2669498, 60.0150357 ], [ 41.267004, 60.0148426 ], [ 41.2668582, 60.0145988 ], [ 41.2664057, 60.0145024 ], [ 41.2661254, 60.0143849 ], [ 41.2659593, 60.0142748 ], [ 41.265903, 60.0141696 ], [ 41.2660157, 60.0139843 ], [ 41.2663844, 60.0138277 ], [ 41.2667388, 60.0136757 ], [ 41.2672357, 60.0135718 ], [ 41.2676653, 60.0135536 ], [ 41.2680474, 60.0134995 ], [ 41.2682636, 60.013321 ], [ 41.268488, 60.0129473 ], [ 41.2687943, 60.012831 ], [ 41.269115, 60.0126862 ], [ 41.2695166, 60.0126059 ], [ 41.2701366, 60.0124061 ], [ 41.2706491, 60.0121351 ], [ 41.2710611, 60.0118405 ], [ 41.2712443, 60.0116025 ], [ 41.2714281, 60.0112835 ], [ 41.2716523, 60.0109654 ], [ 41.2717441, 60.0107085 ], [ 41.2718688, 60.0104609 ], [ 41.2720854, 60.0101007 ], [ 41.2723851, 60.0097805 ], [ 41.2727544, 60.0096255 ], [ 41.2730945, 60.0093658 ], [ 41.2733957, 60.0091417 ], [ 41.2735923, 60.0089137 ], [ 41.2737511, 60.0087044 ], [ 41.2741316, 60.0080885 ], [ 41.2743567, 60.0080253 ], [ 41.2747831, 60.0080374 ], [ 41.2759121, 60.0081821 ], [ 41.2764357, 60.0082281 ], [ 41.2773334, 60.0082936 ], [ 41.2782318, 60.0082581 ], [ 41.2790921, 60.0083122 ], [ 41.2796384, 60.0083208 ], [ 41.2803917, 60.0083676 ], [ 41.2812144, 60.0084368 ], [ 41.2818207, 60.008438 ], [ 41.2824268, 60.0084505 ], [ 41.28275, 60.0082976 ], [ 41.2828197, 60.0080057 ], [ 41.2831204, 60.0078453 ], [ 41.2835932, 60.0076814 ], [ 41.2843274, 60.0075931 ], [ 41.2847778, 60.0074142 ], [ 41.2851908, 60.0072578 ], [ 41.2855954, 60.0069835 ], [ 41.2861139, 60.0067261 ], [ 41.2865491, 60.0065959 ], [ 41.286908, 60.0066341 ], [ 41.2872279, 60.0068707 ], [ 41.2874801, 60.007167 ], [ 41.2876876, 60.0074258 ], [ 41.2879325, 60.0076922 ], [ 41.2880873, 60.0079883 ], [ 41.2882646, 60.008277 ], [ 41.2884806, 60.0085344 ], [ 41.2886955, 60.0088082 ], [ 41.2889328, 60.0090858 ], [ 41.289089, 60.0092134 ], [ 41.2895152, 60.0092705 ], [ 41.290234, 60.0092269 ], [ 41.2910804, 60.0091687 ], [ 41.2916863, 60.0092223 ], [ 41.2925224, 60.0094898 ], [ 41.2933449, 60.0096037 ], [ 41.2941984, 60.0095792 ], [ 41.2948553, 60.0094273 ], [ 41.2950746, 60.0091469 ], [ 41.2952924, 60.0090537 ], [ 41.2955695, 60.0090242 ], [ 41.2961893, 60.0092014 ], [ 41.2967259, 60.0095021 ], [ 41.2970672, 60.0098996 ], [ 41.2972006, 60.0100797 ], [ 41.2974928, 60.010413 ], [ 41.2976478, 60.0107091 ], [ 41.2979683, 60.0108707 ], [ 41.2983491, 60.010995 ], [ 41.2988417, 60.0111533 ], [ 41.2992684, 60.0111765 ], [ 41.2997025, 60.0111623 ], [ 41.2998817, 60.0112189 ], [ 41.2999029, 60.0113799 ], [ 41.2998495, 60.0115296 ], [ 41.3004681, 60.0118641 ], [ 41.300946, 60.0120372 ], [ 41.3012381, 60.0120078 ], [ 41.3012621, 60.0118019 ], [ 41.3013309, 60.0116111 ], [ 41.3016756, 60.0115743 ], [ 41.3020576, 60.0115263 ], [ 41.3024839, 60.0115758 ], [ 41.3026775, 60.011726 ], [ 41.3029454, 60.0119361 ], [ 41.3031393, 60.0120339 ], [ 41.3035999, 60.0123399 ], [ 41.3039952, 60.0125466 ], [ 41.3043905, 60.0127308 ], [ 41.3048168, 60.0127841 ], [ 41.3052513, 60.0127287 ], [ 41.3054249, 60.0125455 ], [ 41.3054117, 60.0122983 ], [ 41.3051215, 60.0120694 ], [ 41.3043661, 60.0119931 ], [ 41.3037155, 60.011887 ], [ 41.3035591, 60.0117818 ], [ 41.3035606, 60.0115758 ], [ 41.3036822, 60.0113364 ], [ 41.3037879, 60.0112243 ], [ 41.3037967, 60.0110483 ], [ 41.3037301, 60.0109434 ], [ 41.3035587, 60.0107762 ], [ 41.3036569, 60.0106565 ], [ 41.3038146, 60.0105932 ], [ 41.3040464, 60.0106161 ], [ 41.3043, 60.0107215 ], [ 41.3045457, 60.0109016 ], [ 41.3049546, 60.0112956 ], [ 41.3052817, 60.0115995 ], [ 41.3056388, 60.0118923 ], [ 41.3061044, 60.0121354 ], [ 41.3067979, 60.0124962 ], [ 41.3073426, 60.0127219 ], [ 41.3077909, 60.0128575 ], [ 41.3082165, 60.0130155 ], [ 41.3083655, 60.0131057 ], [ 41.3084914, 60.013267 ], [ 41.3086022, 60.0134993 ], [ 41.3085593, 60.0140912 ], [ 41.308294, 60.0145438 ], [ 41.3080379, 60.0147605 ], [ 41.3079093, 60.0149401 ], [ 41.3076534, 60.0151306 ], [ 41.3072772, 60.0153882 ], [ 41.3070364, 60.0155638 ], [ 41.3069897, 60.0157847 ], [ 41.3069511, 60.0159719 ], [ 41.3071127, 60.0164735 ], [ 41.3070268, 60.016964 ], [ 41.3070893, 60.017612 ], [ 41.3072289, 60.0179905 ], [ 41.3073402, 60.0181105 ], [ 41.3078707, 60.0184662 ], [ 41.3091783, 60.0188356 ], [ 41.3098809, 60.0189979 ], [ 41.3105986, 60.0191378 ], [ 41.3111976, 60.0191501 ], [ 41.3116767, 60.0191472 ], [ 41.3122537, 60.0190808 ], [ 41.3128906, 60.0190033 ], [ 41.3135503, 60.0188809 ], [ 41.3140298, 60.0188519 ], [ 41.3144039, 60.018875 ], [ 41.3147326, 60.0189692 ], [ 41.3148441, 60.019108 ], [ 41.3147759, 60.0192202 ], [ 41.3145433, 60.0192947 ], [ 41.3142051, 60.0194738 ], [ 41.3139641, 60.0196681 ], [ 41.3137004, 60.0198885 ], [ 41.3133394, 60.0202922 ], [ 41.3129544, 60.0207183 ], [ 41.3124275, 60.0211255 ], [ 41.3121117, 60.021301 ], [ 41.3119384, 60.0214542 ], [ 41.3120193, 60.0216566 ], [ 41.3121212, 60.0220687 ], [ 41.3124497, 60.0224022 ], [ 41.3139732, 60.0229628 ], [ 41.314803, 60.0231741 ], [ 41.3158415, 60.0234754 ], [ 41.3167439, 60.0240238 ], [ 41.3170649, 60.0241554 ], [ 41.3179001, 60.0244036 ], [ 41.3188578, 60.0245326 ], [ 41.3192769, 60.0245558 ], [ 41.3196738, 60.0245677 ], [ 41.3202652, 60.0245725 ], [ 41.3207968, 60.0245922 ], [ 41.32126, 60.024754 ], [ 41.3217456, 60.0249196 ], [ 41.3222318, 60.0250028 ], [ 41.3226953, 60.0250935 ], [ 41.3228894, 60.0251912 ], [ 41.3228356, 60.0254008 ], [ 41.322107, 60.0257291 ], [ 41.3215437, 60.0259603 ], [ 41.3212802, 60.0261733 ], [ 41.3212572, 60.0262219 ], [ 41.3213106, 60.0263669 ], [ 41.3215195, 60.0264685 ], [ 41.3217437, 60.026525 ], [ 41.3220657, 60.0265443 ], [ 41.3225529, 60.0264815 ], [ 41.3229352, 60.0264109 ], [ 41.3233625, 60.026348 ], [ 41.3237898, 60.0262814 ], [ 41.3242913, 60.0263384 ], [ 41.324673, 60.0263503 ], [ 41.325325, 60.0262914 ], [ 41.3258867, 60.0262699 ], [ 41.3267102, 60.0263238 ], [ 41.3274943, 60.0266359 ], [ 41.3280393, 60.0269177 ], [ 41.3286487, 60.0272837 ], [ 41.3291331, 60.027629 ], [ 41.3294601, 60.0280115 ], [ 41.3296507, 60.028611 ], [ 41.3296342, 60.0288469 ], [ 41.3293591, 60.0296766 ], [ 41.3290637, 60.0301742 ], [ 41.32886, 60.0303798 ], [ 41.3277063, 60.0313138 ], [ 41.3267062, 60.0319001 ], [ 41.3257678, 60.032228 ], [ 41.3251655, 60.0326876 ], [ 41.3243042, 60.0332775 ], [ 41.3228786, 60.0336346 ], [ 41.3214921, 60.0337295 ], [ 41.320271, 60.0337462 ], [ 41.3183715, 60.03386 ], [ 41.3167326, 60.034157 ], [ 41.315826, 60.0344045 ], [ 41.315031, 60.0346724 ], [ 41.3139807, 60.0351128 ], [ 41.3121483, 60.0354043 ], [ 41.3109874, 60.0356563 ], [ 41.3101317, 60.0358836 ], [ 41.3098964, 60.0360712 ], [ 41.3100756, 60.0363297 ], [ 41.3106114, 60.0367627 ], [ 41.3111477, 60.0371347 ], [ 41.3112875, 60.0374705 ], [ 41.3107558, 60.0378761 ], [ 41.3099388, 60.0383677 ], [ 41.3080522, 60.0389318 ], [ 41.3067282, 60.0392038 ], [ 41.3061986, 60.0393198 ], [ 41.3035953, 60.0398966 ], [ 41.3024339, 60.0401841 ], [ 41.3019854, 60.0403154 ], [ 41.3018627, 60.0404016 ], [ 41.3019225, 60.0405695 ], [ 41.302349, 60.0406669 ], [ 41.3032844, 60.0406839 ], [ 41.3040576, 60.0406243 ], [ 41.3044638, 60.0407013 ], [ 41.3048186, 60.0408646 ], [ 41.3051521, 60.0411499 ], [ 41.3055157, 60.0414809 ], [ 41.3057989, 60.0416695 ], [ 41.306215, 60.0418126 ], [ 41.3064064, 60.0420112 ], [ 41.3062937, 60.0421635 ], [ 41.3055983, 60.0425076 ], [ 41.3049449, 60.0428521 ], [ 41.3043735, 60.0431255 ], [ 41.3042195, 60.0433285 ], [ 41.3044105, 60.0436338 ], [ 41.3047648, 60.0438632 ], [ 41.3056078, 60.0439867 ], [ 41.3067965, 60.0441363 ], [ 41.3075787, 60.0442649 ], [ 41.3079948, 60.0444181 ], [ 41.3085528, 60.0445716 ], [ 41.3088766, 60.0448112 ], [ 41.3089971, 60.0450248 ], [ 41.3089554, 60.0451518 ], [ 41.3090648, 60.0452687 ], [ 41.3093077, 60.0454165 ], [ 41.309551, 60.0455238 ], [ 41.3104041, 60.0457083 ], [ 41.3109116, 60.0458515 ], [ 41.3114096, 60.0459032 ], [ 41.3121615, 60.0460113 ], [ 41.3126692, 60.0461088 ], [ 41.3131055, 60.0462621 ], [ 41.3134906, 60.0464611 ], [ 41.3138759, 60.0466448 ], [ 41.3141793, 60.0468791 ], [ 41.3144394, 60.0474742 ], [ 41.3145584, 60.0479014 ], [ 41.3147091, 60.0481914 ], [ 41.3151355, 60.0486648 ], [ 41.3154279, 60.0490415 ], [ 41.3158218, 60.0494234 ], [ 41.3160527, 60.0498457 ], [ 41.3163249, 60.0502071 ], [ 41.3164958, 60.0504869 ], [ 41.3166872, 60.0507516 ], [ 41.3167365, 60.0510231 ], [ 41.316897, 60.0513436 ], [ 41.3170171, 60.0516183 ], [ 41.3172392, 60.0518677 ], [ 41.3173902, 60.0520865 ], [ 41.3177855, 60.0522905 ], [ 41.3180184, 60.0524486 ], [ 41.3183128, 60.0525304 ], [ 41.318669, 60.0525107 ], [ 41.3191267, 60.0525217 ], [ 41.3194316, 60.052573 ], [ 41.3197669, 60.0526244 ], [ 41.3201943, 60.0526049 ], [ 41.3206426, 60.0525091 ], [ 41.3211519, 60.0523981 ], [ 41.3214881, 60.0523429 ], [ 41.3218233, 60.0524095 ], [ 41.3220257, 60.0525827 ], [ 41.3220999, 60.0526516 ], [ 41.3221481, 60.052787 ], [ 41.3220796, 60.0529068 ], [ 41.3217961, 60.0529708 ], [ 41.3215682, 60.0530103 ], [ 41.321346, 60.053093 ], [ 41.3211663, 60.0532649 ], [ 41.3211891, 60.0535294 ], [ 41.3212368, 60.0537723 ], [ 41.3214081, 60.0539141 ], [ 41.3216727, 60.0539176 ], [ 41.3218211, 60.0538133 ], [ 41.3218839, 60.0536136 ], [ 41.3218675, 60.053346 ], [ 41.3219974, 60.053211 ], [ 41.3223055, 60.0531839 ], [ 41.3224838, 60.0532058 ], [ 41.3226, 60.0532982 ], [ 41.3227398, 60.0535598 ], [ 41.3227998, 60.0537905 ], [ 41.3228908, 60.0539659 ], [ 41.3229641, 60.0540368 ], [ 41.3231171, 60.0543159 ], [ 41.3232755, 60.0545683 ], [ 41.3234157, 60.0547561 ], [ 41.3237223, 60.0549073 ], [ 41.3240359, 60.0549602 ], [ 41.3242462, 60.0547853 ], [ 41.324155, 60.0546345 ], [ 41.324236, 60.0544993 ], [ 41.3244209, 60.0544504 ], [ 41.3246366, 60.0544078 ], [ 41.3250121, 60.0543839 ], [ 41.3253326, 60.0543106 ], [ 41.3255857, 60.0542034 ], [ 41.3257768, 60.0541453 ], [ 41.325998, 60.0542102 ], [ 41.325972, 60.0543916 ], [ 41.3259216, 60.0545699 ], [ 41.3259206, 60.0547174 ], [ 41.3261105, 60.0548622 ], [ 41.3261776, 60.0549393 ], [ 41.326189, 60.0550869 ], [ 41.32617, 60.0551606 ], [ 41.3262681, 60.0552069 ], [ 41.3267051, 60.0551984 ], [ 41.327007, 60.0551436 ], [ 41.3272469, 60.0551594 ], [ 41.3273758, 60.055215 ], [ 41.3276308, 60.0553894 ], [ 41.3279805, 60.0555406 ], [ 41.3283861, 60.0556428 ], [ 41.3283976, 60.0557382 ], [ 41.3284218, 60.0558243 ], [ 41.3282114, 60.055993 ], [ 41.3277918, 60.0561675 ], [ 41.3275391, 60.0562102 ], [ 41.3272313, 60.0562189 ], [ 41.3269427, 60.0561354 ], [ 41.3266608, 60.0559596 ], [ 41.326323, 60.0558361 ], [ 41.325973, 60.0557341 ], [ 41.3255114, 60.0557456 ], [ 41.3253512, 60.0557545 ], [ 41.3250103, 60.0558286 ], [ 41.3247323, 60.0559696 ], [ 41.3246581, 60.0560431 ], [ 41.3247496, 60.0561478 ], [ 41.324897, 60.0561973 ], [ 41.3252048, 60.0561795 ], [ 41.3257708, 60.0562081 ], [ 41.3260966, 60.0562671 ], [ 41.3263791, 60.0563659 ], [ 41.3266555, 60.0564525 ], [ 41.3268211, 60.0565112 ], [ 41.3268634, 60.0566281 ], [ 41.3267581, 60.0567479 ], [ 41.3265792, 60.0567875 ], [ 41.3262964, 60.0567501 ], [ 41.3260874, 60.0567221 ], [ 41.325644, 60.0567583 ], [ 41.3253787, 60.0568469 ], [ 41.3252551, 60.056942 ], [ 41.3251989, 60.0570464 ], [ 41.3252351, 60.0571664 ], [ 41.3253272, 60.0571973 ], [ 41.3258754, 60.0572766 ], [ 41.3261892, 60.0573048 ], [ 41.3264167, 60.0573207 ], [ 41.3267365, 60.0573673 ], [ 41.3269452, 60.0574661 ], [ 41.3270185, 60.0575307 ], [ 41.3270793, 60.0576446 ], [ 41.327103, 60.0577892 ], [ 41.3270895, 60.0579428 ], [ 41.3269657, 60.0580657 ], [ 41.3268301, 60.0581084 ], [ 41.3266273, 60.0580404 ], [ 41.3264375, 60.0578833 ], [ 41.3260321, 60.0577903 ], [ 41.325528, 60.0577064 ], [ 41.3251212, 60.0577857 ], [ 41.3247944, 60.0578682 ], [ 41.3245289, 60.0580091 ], [ 41.3243004, 60.0581071 ], [ 41.3241261, 60.0581978 ], [ 41.3239156, 60.0583819 ], [ 41.324449, 60.0585042 ], [ 41.3248517, 60.0585258 ], [ 41.3251666, 60.0585293 ], [ 41.3252809, 60.0586445 ], [ 41.3253525, 60.0587747 ], [ 41.325455, 60.0588656 ], [ 41.3256424, 60.0588931 ], [ 41.325775, 60.058975 ], [ 41.3257562, 60.0590718 ], [ 41.3256342, 60.0592228 ], [ 41.3255362, 60.0593739 ], [ 41.3254319, 60.0595935 ], [ 41.3252432, 60.0597475 ], [ 41.3252301, 60.0598805 ], [ 41.3255441, 60.0600081 ], [ 41.3256826, 60.0601293 ], [ 41.3257485, 60.0602383 ], [ 41.3257893, 60.0604682 ], [ 41.3259822, 60.0605957 ], [ 41.3264667, 60.0605995 ], [ 41.3266551, 60.0604909 ], [ 41.3265952, 60.0604 ], [ 41.326403, 60.0601668 ], [ 41.3262042, 60.0600152 ], [ 41.3260479, 60.0598577 ], [ 41.326037, 60.0596581 ], [ 41.3260625, 60.0594736 ], [ 41.3261843, 60.0593861 ], [ 41.3264806, 60.0594228 ], [ 41.3268013, 60.0594687 ], [ 41.3272062, 60.0595934 ], [ 41.3275388, 60.0596545 ], [ 41.3278649, 60.0597821 ], [ 41.3280818, 60.0599398 ], [ 41.3282019, 60.0601064 ], [ 41.3282548, 60.0603242 ], [ 41.3281935, 60.0604481 ], [ 41.3281444, 60.0605358 ], [ 41.3281938, 60.060716 ], [ 41.3286718, 60.0607682 ], [ 41.3293559, 60.0607785 ], [ 41.3296155, 60.0609272 ], [ 41.3296507, 60.0610845 ], [ 41.3292984, 60.0612442 ], [ 41.3289646, 60.0613555 ], [ 41.3288186, 60.061443 ], [ 41.3287819, 60.0615155 ], [ 41.3288719, 60.0616428 ] ] ] ] } },
{ "type": "Feature", "properties": { "NAME": "Кедровая роща", "NAME_EN": null, "NAME_RU": null, "LEISURE": "nature_reserve", "BOUNDARY": "protected_area", "OSM_TYPE": "way", "OSM_ID": 750674772 }, "geometry": { "type": "MultiPolygon", "coordinates": [ [ [ [ 40.2929023, 59.0514056 ], [ 40.2942295, 59.0511304 ], [ 40.2960358, 59.0507859 ], [ 40.2957066, 59.0503221 ], [ 40.2944627, 59.0505372 ], [ 40.2939349, 59.0506078 ], [ 40.2938927, 59.0506131 ], [ 40.2933688, 59.049808 ], [ 40.2931552, 59.0494796 ], [ 40.2937923, 59.0493679 ], [ 40.2936879, 59.0491585 ], [ 40.293641, 59.0490606 ], [ 40.2935866, 59.0489502 ], [ 40.2935864, 59.0489405 ], [ 40.2940705, 59.0488448 ], [ 40.2955617, 59.0484973 ], [ 40.2952397, 59.0483225 ], [ 40.2948172, 59.048391 ], [ 40.294333, 59.048494 ], [ 40.2931208, 59.048759 ], [ 40.2920891, 59.0489345 ], [ 40.2911239, 59.0491582 ], [ 40.2919218, 59.0500841 ], [ 40.2929023, 59.0514056 ] ] ] ] } },
{ "type": "Feature", "properties": { "NAME": "Старинный парк в деревне Юроворайона", "NAME_EN": null, "NAME_RU": null, "LEISURE": "nature_reserve", "BOUNDARY": "protected_area", "OSM_TYPE": "way", "OSM_ID": 750674773 }, "geometry": { "type": "MultiPolygon", "coordinates": [ [ [ [ 39.9750043, 58.9686206 ], [ 39.9754525, 58.9690259 ], [ 39.9785793, 58.9679822 ], [ 39.9777244, 58.9672007 ], [ 39.9769634, 58.9674173 ], [ 39.9749332, 58.9657095 ], [ 39.9745099, 58.9658433 ], [ 39.9743233, 58.9659784 ], [ 39.9738363, 58.9661646 ], [ 39.9726838, 58.9666793 ], [ 39.9725444, 58.9668434 ], [ 39.973107, 58.966899 ], [ 39.9740872, 58.967091 ], [ 39.9747318, 58.9674033 ], [ 39.9749739, 58.9678436 ], [ 39.9750124, 58.9682916 ], [ 39.9750043, 58.9686206 ] ] ] ] } },
{ "type": "Feature", "properties": { "NAME": "Бор \"Козлиха\"", "NAME_EN": null, "NAME_RU": null, "LEISURE": "nature_reserve", "BOUNDARY": "protected_area", "OSM_TYPE": "way", "OSM_ID": 750674774 }, "geometry": { "type": "MultiPolygon", "coordinates": [ [ [ [ 40.0287711, 60.1391681 ], [ 40.0289039, 60.1402866 ], [ 40.0401392, 60.1393923 ], [ 40.0449518, 60.1390092 ], [ 40.0449816, 60.1389606 ], [ 40.0475368, 60.1347865 ], [ 40.0459019, 60.1286179 ], [ 40.0448251, 60.1245547 ], [ 40.0421413, 60.1144252 ], [ 40.0411598, 60.114218 ], [ 40.0401389, 60.114668 ], [ 40.0401018, 60.1141442 ], [ 40.0398464, 60.1136488 ], [ 40.0393794, 60.1134648 ], [ 40.0389131, 60.1134005 ], [ 40.0387898, 60.1135447 ], [ 40.0376749, 60.1140853 ], [ 40.0365478, 60.1144672 ], [ 40.0356409, 60.1146864 ], [ 40.0357235, 60.1142224 ], [ 40.0361573, 60.1137036 ], [ 40.0363045, 60.1133217 ], [ 40.0363805, 60.1129347 ], [ 40.0366613, 60.1128328 ], [ 40.037242, 60.1128504 ], [ 40.0375887, 60.11305 ], [ 40.0378787, 60.1130642 ], [ 40.0380419, 60.1129972 ], [ 40.038054, 60.1127327 ], [ 40.0386081, 60.1123766 ], [ 40.0385887, 60.1116577 ], [ 40.0388044, 60.1109611 ], [ 40.0396299, 60.1101128 ], [ 40.0388159, 60.110165 ], [ 40.0386441, 60.1100249 ], [ 40.0385211, 60.1096878 ], [ 40.0380887, 60.1096236 ], [ 40.0379426, 60.1097898 ], [ 40.0377734, 60.1104591 ], [ 40.0374366, 60.1104651 ], [ 40.0370312, 60.1102434 ], [ 40.0363735, 60.1103444 ], [ 40.0361618, 60.1102137 ], [ 40.0368386, 60.1096982 ], [ 40.0370953, 60.1092767 ], [ 40.0388902, 60.1091261 ], [ 40.0383534, 60.1081279 ], [ 40.0373309, 60.1073709 ], [ 40.0366595, 60.1072514 ], [ 40.0362714, 60.1069977 ], [ 40.035218, 60.1070853 ], [ 40.0343548, 60.1068386 ], [ 40.0333565, 60.1068148 ], [ 40.0327979, 60.1070077 ], [ 40.0324281, 60.1069038 ], [ 40.0320062, 60.1068366 ], [ 40.0315249, 60.1069807 ], [ 40.0313351, 60.1073026 ], [ 40.0309658, 60.1073213 ], [ 40.0308899, 60.1074799 ], [ 40.0303311, 60.1075323 ], [ 40.0303349, 60.1078182 ], [ 40.0301768, 60.1079594 ], [ 40.0297195, 60.1080046 ], [ 40.0294748, 60.1078337 ], [ 40.0291906, 60.1072565 ], [ 40.0289095, 60.107406 ], [ 40.0287032, 60.1076474 ], [ 40.0275383, 60.1082597 ], [ 40.0276843, 60.1086844 ], [ 40.0272697, 60.1091541 ], [ 40.0271136, 60.1093998 ], [ 40.0268429, 60.109438 ], [ 40.0264308, 60.1094023 ], [ 40.0262397, 60.1091628 ], [ 40.0256619, 60.1076913 ], [ 40.0252996, 60.1074808 ], [ 40.0248938, 60.10748 ], [ 40.0246868, 60.1079184 ], [ 40.0242966, 60.1082134 ], [ 40.0236215, 60.1091657 ], [ 40.0220725, 60.1095529 ], [ 40.0222576, 60.1097886 ], [ 40.0218427, 60.1101033 ], [ 40.0218048, 60.1104281 ], [ 40.0211452, 60.110837 ], [ 40.0204002, 60.1111138 ], [ 40.0202, 60.1114823 ], [ 40.019487, 60.1118108 ], [ 40.0188814, 60.1117923 ], [ 40.018662, 60.1115901 ], [ 40.0179297, 60.1115931 ], [ 40.0174762, 60.1119546 ], [ 40.0168403, 60.1126274 ], [ 40.0164827, 60.1132896 ], [ 40.0164513, 60.1145164 ], [ 40.0174807, 60.1149569 ], [ 40.0174713, 60.1158607 ], [ 40.0175987, 60.1162495 ], [ 40.0179845, 60.1166576 ], [ 40.0180401, 60.1172911 ], [ 40.0183732, 60.1172815 ], [ 40.0196691, 60.1214137 ], [ 40.0236544, 60.1241786 ], [ 40.025037, 60.1278774 ], [ 40.0239088, 60.1284667 ], [ 40.0234015, 60.1324027 ], [ 40.0249751, 60.133063 ], [ 40.025641, 60.1334372 ], [ 40.0264595, 60.133961 ], [ 40.0279499, 60.1354681 ], [ 40.0292758, 60.1351672 ], [ 40.0296084, 60.1349625 ], [ 40.0300351, 60.1344229 ], [ 40.0303262, 60.1338436 ], [ 40.0306215, 60.133721 ], [ 40.0310326, 60.1337471 ], [ 40.032395, 60.1341101 ], [ 40.0330101, 60.13411 ], [ 40.0332106, 60.1346187 ], [ 40.0335559, 60.1351211 ], [ 40.0337885, 60.135282 ], [ 40.0343633, 60.1352994 ], [ 40.0347419, 60.1353599 ], [ 40.0350619, 60.1354857 ], [ 40.0352259, 60.1356372 ], [ 40.0352194, 60.1357974 ], [ 40.0350286, 60.1359596 ], [ 40.0346381, 60.1360901 ], [ 40.0340185, 60.1361832 ], [ 40.0287711, 60.1391681 ] ] ] ] } },
{ "type": "Feature", "properties": { "NAME": "Бор \"Бережок\"", "NAME_EN": null, "NAME_RU": null, "LEISURE": "nature_reserve", "BOUNDARY": "protected_area", "OSM_TYPE": "way", "OSM_ID": 750674775 }, "geometry": { "type": "MultiPolygon", "coordinates": [ [ [ [ 40.0462063, 60.003663 ], [ 40.0467091, 60.0038963 ], [ 40.047424, 60.0039731 ], [ 40.0478619, 60.0039713 ], [ 40.0478786, 60.003638 ], [ 40.0481398, 60.0033936 ], [ 40.0487147, 60.0033269 ], [ 40.0489564, 60.0033519 ], [ 40.0502786, 60.0036436 ], [ 40.0507397, 60.0036492 ], [ 40.0509815, 60.0036909 ], [ 40.0518203, 60.0040243 ], [ 40.0522592, 60.0041881 ], [ 40.0532982, 60.0044243 ], [ 40.0540899, 60.004466 ], [ 40.0548815, 60.0043577 ], [ 40.0555371, 60.0040937 ], [ 40.0563288, 60.004541 ], [ 40.0568732, 60.0049299 ], [ 40.0573154, 60.0057602 ], [ 40.059913, 60.0058412 ], [ 40.0592817, 60.0052216 ], [ 40.0591483, 60.0045133 ], [ 40.0587705, 60.0041382 ], [ 40.0587179, 60.0036077 ], [ 40.0592734, 60.0032577 ], [ 40.0595678, 60.0039272 ], [ 40.0599902, 60.0039244 ], [ 40.0612763, 60.0032271 ], [ 40.0625875, 60.0030133 ], [ 40.0629513, 60.0028855 ], [ 40.0653655, 60.0023383 ], [ 40.065982, 60.0024744 ], [ 40.0678655, 60.0022273 ], [ 40.0687794, 60.0025023 ], [ 40.069635, 60.0025495 ], [ 40.0705295, 60.0024996 ], [ 40.070985, 60.002344 ], [ 40.07276, 60.0023135 ], [ 40.074563, 60.0024608 ], [ 40.0783242, 60.002233 ], [ 40.0792909, 60.0020942 ], [ 40.077938, 60.0015914 ], [ 40.0779215, 60.0014191 ], [ 40.078927, 60.0013164 ], [ 40.0793076, 60.0011664 ], [ 40.0793077, 60.0006942 ], [ 40.079191, 60.0005664 ], [ 40.0794799, 60.0004247 ], [ 40.0809133, 60.0005747 ], [ 40.0824438, 60.0005082 ], [ 40.0834272, 60.0009943 ], [ 40.0837855, 60.0010054 ], [ 40.0840994, 60.0008359 ], [ 40.0842662, 60.0003998 ], [ 40.0836218, 59.9990359 ], [ 40.0836968, 59.9984804 ], [ 40.0844497, 59.9979442 ], [ 40.0848552, 59.9978581 ], [ 40.0859053, 59.9979276 ], [ 40.0862054, 59.9977276 ], [ 40.0861581, 59.9973526 ], [ 40.085361, 59.9966081 ], [ 40.0846249, 59.9962359 ], [ 40.0844138, 59.9954747 ], [ 40.0842415, 59.9952331 ], [ 40.0838277, 59.9949497 ], [ 40.0835639, 59.9946441 ], [ 40.0832138, 59.9944525 ], [ 40.0827027, 59.9943802 ], [ 40.0813166, 59.9945941 ], [ 40.0809305, 59.9944802 ], [ 40.0805888, 59.9940858 ], [ 40.0805972, 59.9928829 ], [ 40.0812778, 59.9925219 ], [ 40.0811028, 59.9921329 ], [ 40.0798945, 59.9912718 ], [ 40.0792612, 59.990994 ], [ 40.0784778, 59.9908134 ], [ 40.0779194, 59.9909106 ], [ 40.0771527, 59.9914523 ], [ 40.0763639, 59.9915301 ], [ 40.0756805, 59.9912773 ], [ 40.0750694, 59.991294 ], [ 40.0742442, 59.9915356 ], [ 40.0728054, 59.9921772 ], [ 40.0725331, 59.99198 ], [ 40.0730666, 59.9913328 ], [ 40.0734889, 59.9908633 ], [ 40.0735166, 59.9904772 ], [ 40.0733805, 59.9901467 ], [ 40.0736916, 59.989805 ], [ 40.0737472, 59.989455 ], [ 40.0715778, 59.9884438 ], [ 40.0713195, 59.988216 ], [ 40.0709695, 59.9880577 ], [ 40.0686083, 59.988066 ], [ 40.0688472, 59.9883771 ], [ 40.0684, 59.9884438 ], [ 40.0679889, 59.9883243 ], [ 40.0675111, 59.9881103 ], [ 40.0671804, 59.988152 ], [ 40.0669665, 59.9882659 ], [ 40.0668784, 59.9887674 ], [ 40.0668526, 59.9893354 ], [ 40.0678248, 59.9905327 ], [ 40.0686776, 59.9909549 ], [ 40.068783, 59.9910772 ], [ 40.0695692, 59.9913216 ], [ 40.0696998, 59.9914494 ], [ 40.069483, 59.9915133 ], [ 40.0691914, 59.991516 ], [ 40.0698136, 59.9919771 ], [ 40.0703164, 59.9921161 ], [ 40.0708636, 59.9921383 ], [ 40.0720747, 59.9925022 ], [ 40.0718442, 59.9930217 ], [ 40.0702634, 59.9939105 ], [ 40.0698495, 59.9942717 ], [ 40.0690773, 59.9944994 ], [ 40.0681466, 59.9950744 ], [ 40.065077, 59.996466 ], [ 40.0646325, 59.9965521 ], [ 40.0644632, 59.9963243 ], [ 40.0645798, 59.9958882 ], [ 40.0650797, 59.9954438 ], [ 40.0653354, 59.9949744 ], [ 40.0653159, 59.9946438 ], [ 40.0651439, 59.9938437 ], [ 40.0647911, 59.9930104 ], [ 40.0645188, 59.9928326 ], [ 40.0651496, 59.9925021 ], [ 40.0657162, 59.9917382 ], [ 40.0658857, 59.9912826 ], [ 40.0641774, 59.990352 ], [ 40.0637219, 59.9895048 ], [ 40.0625829, 59.989327 ], [ 40.0605106, 59.9896964 ], [ 40.0599911, 59.9903602 ], [ 40.0594522, 59.9908102 ], [ 40.0586271, 59.991013 ], [ 40.0580522, 59.9915269 ], [ 40.0574409, 59.9926325 ], [ 40.0567938, 59.9922269 ], [ 40.0565077, 59.9919603 ], [ 40.0561715, 59.9918658 ], [ 40.0555603, 59.9919463 ], [ 40.054702, 59.9928269 ], [ 40.0540714, 59.9931435 ], [ 40.0530075, 59.9934519 ], [ 40.0524239, 59.993724 ], [ 40.0521546, 59.9941908 ], [ 40.0516239, 59.994424 ], [ 40.050385, 59.9948546 ], [ 40.0499044, 59.9951324 ], [ 40.0493459, 59.995774 ], [ 40.0490792, 59.9958407 ], [ 40.0484903, 59.9957934 ], [ 40.0480875, 59.995949 ], [ 40.0476235, 59.9963546 ], [ 40.0474318, 59.9968796 ], [ 40.0469763, 59.997574 ], [ 40.0458734, 59.9985129 ], [ 40.0456567, 59.9990268 ], [ 40.0460178, 59.999688 ], [ 40.0467539, 60.0001269 ], [ 40.0472427, 60.0002824 ], [ 40.0487151, 60.0004019 ], [ 40.0495983, 60.0004991 ], [ 40.0502705, 60.0008797 ], [ 40.0488538, 60.0008741 ], [ 40.0475761, 60.0008296 ], [ 40.0466149, 60.0007157 ], [ 40.0458316, 60.0005213 ], [ 40.0450455, 60.0002324 ], [ 40.044576, 59.9997601 ], [ 40.0443345, 59.9992129 ], [ 40.0443012, 59.9983824 ], [ 40.0439512, 59.9982045 ], [ 40.0435038, 59.9981101 ], [ 40.042959, 59.998079 ], [ 40.0418678, 59.9988937 ], [ 40.041626, 59.9992156 ], [ 40.0409732, 60.0004379 ], [ 40.0408397, 60.0007712 ], [ 40.0409035, 60.0012961 ], [ 40.0418174, 60.0016684 ], [ 40.0423786, 60.0016073 ], [ 40.0430482, 60.0012628 ], [ 40.0434425, 60.0011907 ], [ 40.0445586, 60.0011966 ], [ 40.045951, 60.0014518 ], [ 40.0461955, 60.0015379 ], [ 40.0463509, 60.0016657 ], [ 40.0464046, 60.0020206 ], [ 40.046478, 60.0023094 ], [ 40.0465897, 60.0025797 ], [ 40.0466925, 60.0026602 ], [ 40.0466731, 60.0028852 ], [ 40.0461841, 60.0032519 ], [ 40.0461118, 60.0034964 ], [ 40.0462063, 60.003663 ] ] ] ] } },
{ "type": "Feature", "properties": { "NAME": "Пустораменский бор", "NAME_EN": null, "NAME_RU": null, "LEISURE": "nature_reserve", "BOUNDARY": "protected_area", "OSM_TYPE": "way", "OSM_ID": 750674776 }, "geometry": { "type": "MultiPolygon", "coordinates": [ [ [ [ 39.9804795, 59.8714549 ], [ 39.9814857, 59.8721006 ], [ 39.982239, 59.8718512 ], [ 39.9820704, 59.8716976 ], [ 39.9820088, 59.8716009 ], [ 39.9826956, 59.8714963 ], [ 39.9831718, 59.8714888 ], [ 39.9833473, 59.8716617 ], [ 39.983537, 59.8717915 ], [ 39.9840235, 59.8717325 ], [ 39.9844964, 59.871851 ], [ 39.9839694, 59.8722938 ], [ 39.9832766, 59.8726902 ], [ 39.9830732, 59.8728892 ], [ 39.98287, 59.8730882 ], [ 39.9840664, 59.8737906 ], [ 39.9845659, 59.8733997 ], [ 39.9854747, 59.8726857 ], [ 39.9878837, 59.8717743 ], [ 39.9878858, 59.8711826 ], [ 39.9861242, 59.8701872 ], [ 39.9842544, 59.8705927 ], [ 39.9828971, 59.8709038 ], [ 39.9804795, 59.8714549 ] ] ] ] } },
{ "type": "Feature", "properties": { "NAME": "Источник в честь иконы Пресвятой Богородицы Троеручица", "NAME_EN": null, "NAME_RU": null, "LEISURE": "nature_reserve", "BOUNDARY": "protected_area", "OSM_TYPE": "way", "OSM_ID": 750674777 }, "geometry": { "type": "MultiPolygon", "coordinates": [ [ [ [ 40.2129024, 58.9437393 ], [ 40.2133881, 58.9435815 ], [ 40.2135492, 58.9435006 ], [ 40.2129145, 58.9432635 ], [ 40.2129024, 58.9437393 ] ] ] ] } },
{ "type": "Feature", "properties": { "NAME": "Валун Двугорбый", "NAME_EN": null, "NAME_RU": null, "LEISURE": "nature_reserve", "BOUNDARY": "protected_area", "OSM_TYPE": "way", "OSM_ID": 750674778 }, "geometry": { "type": "MultiPolygon", "coordinates": [ [ [ [ 38.9799602, 59.4668149 ], [ 38.9800314, 59.4668419 ], [ 38.9801119, 59.4668574 ], [ 38.9801846, 59.4668616 ], [ 38.9802709, 59.4668553 ], [ 38.9803401, 59.4668405 ], [ 38.9804091, 59.4668136 ], [ 38.980458, 59.466781 ], [ 38.9804908, 59.4667401 ], [ 38.9805007, 59.4667 ], [ 38.9804905, 59.4666591 ], [ 38.9804593, 59.4666201 ], [ 38.9804072, 59.4665855 ], [ 38.9803358, 59.4665582 ], [ 38.9802582, 59.466543 ], [ 38.9801819, 59.4665384 ], [ 38.9800901, 59.4665456 ], [ 38.9800236, 59.4665604 ], [ 38.979956, 59.4665872 ], [ 38.9799076, 59.46662 ], [ 38.9798762, 59.4666593 ], [ 38.9798658, 59.4667002 ], [ 38.9798817, 59.4667504 ], [ 38.9799143, 59.4667857 ], [ 38.9799602, 59.4668149 ] ] ] ] } },
{ "type": "Feature", "properties": { "NAME": "\"Старый парк\" в деревне Горка", "NAME_EN": null, "NAME_RU": null, "LEISURE": "nature_reserve", "BOUNDARY": "protected_area", "OSM_TYPE": "way", "OSM_ID": 750674779 }, "geometry": { "type": "MultiPolygon", "coordinates": [ [ [ [ 40.9319316, 59.5921449 ], [ 40.9332147, 59.5922955 ], [ 40.9334513, 59.591404 ], [ 40.93217, 59.5912714 ], [ 40.9320226, 59.5915877 ], [ 40.9319316, 59.5921449 ] ] ] ] } },
{ "type": "Feature", "properties": { "NAME": "Заказник Былина", "NAME_EN": null, "NAME_RU": null, "LEISURE": null, "BOUNDARY": "protected_area", "OSM_TYPE": "way", "OSM_ID": 1004660789 }, "geometry": { "type": "MultiPolygon", "coordinates": [ [ [ [ 46.96703, 59.9155 ], [ 46.966729386612599, 59.914561192515833 ], [ 46.9670297, 59.9155002 ], [ 46.96704625280902, 59.915552008988861 ], [ 46.96703, 59.9155 ] ] ], [ [ [ 46.976262, 59.94435 ], [ 46.975833, 59.94301 ], [ 46.96717, 59.915938 ], [ 46.967098013304643, 59.915713902287479 ], [ 46.9671698, 59.9159384 ], [ 46.9758326, 59.94301 ], [ 46.9762617, 59.9443503 ], [ 46.976265372209397, 59.944360530191652 ], [ 46.976262, 59.94435 ] ] ], [ [ [ 47.006916, 60.029526 ], [ 46.992248, 59.986285 ], [ 46.99108, 59.98284 ], [ 46.990116359395401, 59.982947178787519 ], [ 47.007249144705, 60.030676395292588 ], [ 47.006916, 60.029526 ] ] ], [ [ [ 47.027808, 60.101669 ], [ 47.02278671687008, 60.084329806584265 ], [ 47.034727047011337, 60.1262214827318 ], [ 47.027808, 60.101669 ] ] ], [ [ [ 46.920587, 60.123228 ], [ 47.034772, 60.126381 ], [ 47.034771883256646, 60.1263805857321 ], [ 46.920586902147832, 60.123227802820423 ], [ 46.920587, 60.123228 ] ] ] ] } },
{ "type": "Feature", "properties": { "NAME": "Государственный природный заказник \"Болото Топорищенское\"", "NAME_EN": null, "NAME_RU": null, "LEISURE": null, "BOUNDARY": "protected_area", "OSM_TYPE": "way", "OSM_ID": 1092876978 }, "geometry": { "type": "MultiPolygon", "coordinates": [ [ [ [ 37.065512953001743, 58.862273225505099 ], [ 37.066243, 58.862573 ], [ 37.06649, 58.86258 ], [ 37.067630194176068, 58.862609809711749 ], [ 37.065512953001743, 58.862273225505099 ] ] ], [ [ [ 37.072854212974306, 58.862746388636467 ], [ 37.076932, 58.862853 ], [ 37.080518, 58.862591 ], [ 37.084132, 58.861752 ], [ 37.084131290285995, 58.860410234990418 ], [ 37.072854212974306, 58.862746388636467 ] ] ] ] } },
{ "type": "Feature", "properties": { "NAME": "Государственный природный заказник \"Болото Лекомское\"", "NAME_EN": null, "NAME_RU": null, "LEISURE": null, "BOUNDARY": "protected_area", "OSM_TYPE": "way", "OSM_ID": 1092876979 }, "geometry": { "type": "MultiPolygon", "coordinates": [ [ [ [ 36.959319, 58.828296 ], [ 36.931543731135058, 58.828909136964349 ], [ 36.931703, 58.829006 ], [ 36.932164, 58.829911 ], [ 36.93177, 58.830561 ], [ 36.959918612667565, 58.828711453856471 ], [ 36.959319, 58.828296 ] ] ], [ [ [ 36.978069, 58.830159 ], [ 36.976120282725255, 58.831360980373887 ], [ 36.977653, 58.83162 ], [ 36.978605205253437, 58.831453210499156 ], [ 36.978069, 58.830159 ] ] ], [ [ [ 36.993324, 58.831133 ], [ 36.992349597970403, 58.831595236476822 ], [ 36.992715, 58.831505 ], [ 36.993595577643354, 58.831613625569062 ], [ 36.993324, 58.831133 ] ] ] ] } },
{ "type": "Feature", "properties": { "NAME": "Усадьба Хвалевское", "NAME_EN": null, "NAME_RU": null, "LEISURE": null, "BOUNDARY": "protected_area", "OSM_TYPE": "way", "OSM_ID": 1114969274 }, "geometry": { "type": "MultiPolygon", "coordinates": [ [ [ [ 36.0021426, 59.9172858 ], [ 36.0038871, 59.9169325 ], [ 36.0039219, 59.9170683 ], [ 36.0036819, 59.9173775 ], [ 36.0037194, 59.9181186 ], [ 36.0031407, 59.9181047 ], [ 36.0019629, 59.9180729 ], [ 36.0019533, 59.9177852 ], [ 36.0019367, 59.9172921 ], [ 36.0021426, 59.9172858 ] ] ] ] } },
{ "type": "Feature", "properties": { "NAME": "Нижне-Кубенский заказник", "NAME_EN": null, "NAME_RU": null, "LEISURE": "nature_reserve", "BOUNDARY": null, "OSM_TYPE": "way", "OSM_ID": 1472758433 }, "geometry": { "type": "MultiPolygon", "coordinates": [ [ [ [ 39.9493824, 59.97969 ], [ 39.9467033, 59.9795244 ], [ 39.9402403, 59.9810409 ], [ 39.9297784, 59.9836684 ], [ 39.9186937, 59.986331 ], [ 39.9063065, 59.9893405 ], [ 39.9034185, 59.9901193 ], [ 39.8918241, 59.9937656 ], [ 39.8757844, 59.9985511 ], [ 39.8630009, 60.002423 ], [ 39.8599147, 60.0026424 ], [ 39.8429266, 60.0030033 ], [ 39.8377452, 60.0029821 ], [ 39.8361738, 60.0035696 ], [ 39.8352111, 60.0042632 ], [ 39.8343051, 60.0060537 ], [ 39.834121, 60.007455 ], [ 39.8329177, 60.0115168 ], [ 39.8322948, 60.0123022 ], [ 39.8270426, 60.0139437 ], [ 39.8249474, 60.014156 ], [ 39.8172461, 60.0137032 ], [ 39.8149636, 60.0135054 ], [ 39.811291, 60.0128217 ], [ 39.8100462, 60.0127539 ], [ 39.8087522, 60.0128463 ], [ 39.8078156, 60.0131543 ], [ 39.8017521, 60.0171517 ], [ 39.7956393, 60.0208837 ], [ 39.7906973, 60.0239935 ], [ 39.7868398, 60.0264257 ], [ 39.7827482, 60.0298981 ], [ 39.7811583, 60.0310986 ], [ 39.7798643, 60.0317019 ], [ 39.7779171, 60.0319174 ], [ 39.7758836, 60.0319174 ], [ 39.775366, 60.0321206 ], [ 39.7753536, 60.03265 ], [ 39.7761794, 60.0332163 ], [ 39.7759822, 60.0336657 ], [ 39.776102, 60.0340712 ], [ 39.776824, 60.0345096 ], [ 39.776824, 60.0348561 ], [ 39.7769089, 60.0361854 ], [ 39.7761869, 60.0365531 ], [ 39.7745731, 60.0369278 ], [ 39.7740776, 60.0370197 ], [ 39.7739502, 60.0374439 ], [ 39.774389, 60.0379177 ], [ 39.7749553, 60.038257 ], [ 39.7750544, 60.0387873 ], [ 39.7752667, 60.0395226 ], [ 39.7755499, 60.039968 ], [ 39.7754649, 60.0407951 ], [ 39.7750544, 60.0430149 ], [ 39.7744598, 60.0434815 ], [ 39.7734264, 60.0441601 ], [ 39.7734122, 60.0445701 ], [ 39.7737095, 60.0448246 ], [ 39.7747867, 60.0452149 ], [ 39.7749716, 60.0454549 ], [ 39.7745649, 60.0459472 ], [ 39.7746142, 60.0465503 ], [ 39.7748063, 60.0471695 ], [ 39.774836, 60.0478363 ], [ 39.7743184, 60.0485193 ], [ 39.773579, 60.0493007 ], [ 39.7736652, 60.0496822 ], [ 39.7750825, 60.0510235 ], [ 39.7769065, 60.0519218 ], [ 39.7776459, 60.0526785 ], [ 39.7774611, 60.0541489 ], [ 39.7767709, 60.0549978 ], [ 39.7765491, 60.0562959 ], [ 39.7781759, 60.0575508 ], [ 39.7795192, 60.0582889 ], [ 39.7811337, 60.0594699 ], [ 39.7830193, 60.0604233 ], [ 39.7847817, 60.0612844 ], [ 39.7867535, 60.0619302 ], [ 39.7874314, 60.0622931 ], [ 39.7875299, 60.0633141 ], [ 39.787912, 60.0644088 ], [ 39.7891814, 60.0652329 ], [ 39.791067, 60.0658418 ], [ 39.7932114, 60.0667212 ], [ 39.7952326, 60.0678712 ], [ 39.7956886, 60.0692302 ], [ 39.7961692, 60.070091 ], [ 39.7985601, 60.0713639 ], [ 39.7990038, 60.0721017 ], [ 39.7986094, 60.0737126 ], [ 39.7976851, 60.0755017 ], [ 39.7957872, 60.07651 ], [ 39.7940741, 60.0775305 ], [ 39.7940987, 60.0789014 ], [ 39.7941111, 60.0797682 ], [ 39.7938523, 60.0805981 ], [ 39.792891, 60.0812373 ], [ 39.7913628, 60.0817967 ], [ 39.7901673, 60.0819319 ], [ 39.789206, 60.0817107 ], [ 39.7880845, 60.0813234 ], [ 39.7874437, 60.0812927 ], [ 39.7870616, 60.0814894 ], [ 39.7871356, 60.0819996 ], [ 39.7870616, 60.0828663 ], [ 39.7863838, 60.0835916 ], [ 39.7854841, 60.0849868 ], [ 39.7854841, 60.0857243 ], [ 39.7853646, 60.0874012 ], [ 39.7857393, 60.0889743 ], [ 39.7852437, 60.0894625 ], [ 39.7840592, 60.0898904 ], [ 39.7835516, 60.0904087 ], [ 39.7831527, 60.0912826 ], [ 39.7829593, 60.0923794 ], [ 39.781654, 60.0935365 ], [ 39.7779434, 60.0944946 ], [ 39.7764688, 60.0949948 ], [ 39.7755502, 60.0951153 ], [ 39.7750788, 60.0956335 ], [ 39.7760941, 60.0963144 ], [ 39.7764084, 60.0973448 ], [ 39.7770369, 60.0979594 ], [ 39.7769523, 60.0983872 ], [ 39.7760458, 60.0992971 ], [ 39.7730603, 60.1007853 ], [ 39.7714407, 60.1013154 ], [ 39.770365, 60.1014781 ], [ 39.7699057, 60.1023216 ], [ 39.7706067, 60.1032614 ], [ 39.7713561, 60.1039422 ], [ 39.7714286, 60.1043458 ], [ 39.7709935, 60.104647 ], [ 39.7709693, 60.1053217 ], [ 39.771622, 60.1059241 ], [ 39.7724318, 60.1062072 ], [ 39.7736526, 60.1062795 ], [ 39.7741965, 60.1065024 ], [ 39.7742811, 60.1068217 ], [ 39.7746134, 60.1071269 ], [ 39.775174, 60.1071197 ], [ 39.7760077, 60.106955 ], [ 39.7765388, 60.1069994 ], [ 39.7768437, 60.1072425 ], [ 39.7772198, 60.1080631 ], [ 39.7777991, 60.1087823 ], [ 39.7786224, 60.1095168 ], [ 39.7791509, 60.1096637 ], [ 39.78158, 60.1096687 ], [ 39.7822711, 60.1098561 ], [ 39.7842327, 60.1107273 ], [ 39.7850662, 60.1110008 ], [ 39.7867838, 60.1111122 ], [ 39.7882372, 60.1111831 ], [ 39.78903, 60.1114364 ], [ 39.7896195, 60.1117149 ], [ 39.7904427, 60.1117453 ], [ 39.7919571, 60.1115326 ], [ 39.7928414, 60.1115984 ], [ 39.7935732, 60.111953 ], [ 39.794681, 60.1128848 ], [ 39.7957278, 60.1135381 ], [ 39.7958092, 60.1137711 ], [ 39.7952298, 60.1151334 ], [ 39.7952908, 60.1152954 ], [ 39.7959616, 60.1153309 ], [ 39.7968763, 60.1152499 ], [ 39.7971711, 60.1154018 ], [ 39.7974049, 60.115736 ], [ 39.7984314, 60.116764 ], [ 39.7993969, 60.1170172 ], [ 39.8015923, 60.1174476 ], [ 39.8024765, 60.117321 ], [ 39.8037267, 60.1166779 ], [ 39.8043263, 60.1161816 ], [ 39.8049056, 60.116055 ], [ 39.8061151, 60.1159588 ], [ 39.8078328, 60.1155436 ], [ 39.8086459, 60.1154524 ], [ 39.810394, 60.1155689 ], [ 39.8113291, 60.1159386 ], [ 39.8114002, 60.1162677 ], [ 39.8113494, 60.1166121 ], [ 39.8118881, 60.1168957 ], [ 39.8128638, 60.1168906 ], [ 39.8140123, 60.1170324 ], [ 39.8149474, 60.1174324 ], [ 39.8149372, 60.1178983 ], [ 39.8155978, 60.1180856 ], [ 39.8162585, 60.118197 ], [ 39.8167057, 60.1185161 ], [ 39.8180473, 60.119225 ], [ 39.8187892, 60.1195591 ], [ 39.8204662, 60.1203288 ], [ 39.8211472, 60.1203338 ], [ 39.8221229, 60.1201668 ], [ 39.8228344, 60.1201668 ], [ 39.8236576, 60.1204706 ], [ 39.8238304, 60.1209161 ], [ 39.8238507, 60.121149 ], [ 39.823932, 60.1212655 ], [ 39.8244301, 60.121387 ], [ 39.8259546, 60.1215288 ], [ 39.8266152, 60.1217921 ], [ 39.8273165, 60.1222832 ], [ 39.8278349, 60.1228249 ], [ 39.8287801, 60.1234021 ], [ 39.8287801, 60.1236957 ], [ 39.8285463, 60.1239033 ], [ 39.827967, 60.1239539 ], [ 39.8273572, 60.1239134 ], [ 39.8271336, 60.1240552 ], [ 39.8274283, 60.1243083 ], [ 39.8284854, 60.1245665 ], [ 39.8293391, 60.1244855 ], [ 39.8297965, 60.1243134 ], [ 39.8303453, 60.1242172 ], [ 39.8316564, 60.1242172 ], [ 39.8327744, 60.124359 ], [ 39.8339636, 60.1249969 ], [ 39.8345937, 60.1250222 ], [ 39.8351121, 60.1249158 ], [ 39.8354475, 60.1246172 ], [ 39.8354272, 60.1243083 ], [ 39.8358032, 60.1241666 ], [ 39.836413, 60.1240856 ], [ 39.8371855, 60.1240856 ], [ 39.8382018, 60.1241514 ], [ 39.8394621, 60.1241564 ], [ 39.8402346, 60.1238375 ], [ 39.8413526, 60.1236654 ], [ 39.8434158, 60.1234831 ], [ 39.8438528, 60.1235894 ], [ 39.8440968, 60.1238071 ], [ 39.8453469, 60.125493 ], [ 39.8466072, 60.1258119 ], [ 39.8474528, 60.1262224 ], [ 39.8474866, 60.1267448 ], [ 39.8473626, 60.1274301 ], [ 39.8475543, 60.127739 ], [ 39.8480167, 60.1280423 ], [ 39.8481295, 60.1283737 ], [ 39.8479716, 60.1287163 ], [ 39.8468551, 60.129497 ], [ 39.8453552, 60.1301092 ], [ 39.8451748, 60.1303844 ], [ 39.8455582, 60.1306428 ], [ 39.8482761, 60.1311763 ], [ 39.8494827, 60.1312662 ], [ 39.8498549, 60.1315863 ], [ 39.8497985, 60.13203 ], [ 39.8497196, 60.1328499 ], [ 39.8500579, 60.1341247 ], [ 39.8506217, 60.1348885 ], [ 39.8504864, 60.1352198 ], [ 39.8498549, 60.1353939 ], [ 39.8491331, 60.1353995 ], [ 39.8484903, 60.1356297 ], [ 39.8480731, 60.1359386 ], [ 39.8477122, 60.1363485 ], [ 39.847746, 60.136882 ], [ 39.847746, 60.1380499 ], [ 39.8476784, 60.1388922 ], [ 39.8472724, 60.1392403 ], [ 39.8473175, 60.1396446 ], [ 39.8476333, 60.1399927 ], [ 39.8489301, 60.1400264 ], [ 39.850024, 60.1398692 ], [ 39.8511743, 60.1400208 ], [ 39.8520878, 60.1404307 ], [ 39.8519074, 60.1407844 ], [ 39.8510164, 60.1411156 ], [ 39.8498098, 60.141576 ], [ 39.8490767, 60.1417613 ], [ 39.848558, 60.1417389 ], [ 39.8476671, 60.1418287 ], [ 39.8470468, 60.1421656 ], [ 39.8469228, 60.1425979 ], [ 39.8470356, 60.1433895 ], [ 39.8471258, 60.1442035 ], [ 39.8474528, 60.1450175 ], [ 39.8484791, 60.1458596 ], [ 39.8503285, 60.1463312 ], [ 39.8516593, 60.1461122 ], [ 39.8558206, 60.1452084 ], [ 39.8573317, 60.1448884 ], [ 39.8585722, 60.1449446 ], [ 39.8593165, 60.1454386 ], [ 39.8605909, 60.1463761 ], [ 39.8617186, 60.1477795 ], [ 39.8622148, 60.1485092 ], [ 39.8628238, 60.1489246 ], [ 39.8632072, 60.1495926 ], [ 39.8627223, 60.1504289 ], [ 39.8629253, 60.1508555 ], [ 39.8635794, 60.1514056 ], [ 39.8643011, 60.151849 ], [ 39.864256, 60.1522026 ], [ 39.8639064, 60.1524888 ], [ 39.8634102, 60.1525393 ], [ 39.8631621, 60.1527133 ], [ 39.8632861, 60.1528929 ], [ 39.8647184, 60.1530557 ], [ 39.866737, 60.1525955 ], [ 39.8679211, 60.1522362 ], [ 39.8683497, 60.152051 ], [ 39.8689248, 60.1520173 ], [ 39.8697706, 60.1520791 ], [ 39.8705713, 60.1523653 ], [ 39.8711577, 60.1527245 ], [ 39.8715299, 60.1531006 ], [ 39.8717103, 60.1532746 ], [ 39.8718794, 60.1533026 ], [ 39.8731312, 60.1525169 ], [ 39.8748115, 60.1514729 ], [ 39.8762776, 60.1506029 ], [ 39.8779354, 60.1498395 ], [ 39.8804164, 60.1493063 ], [ 39.8825365, 60.148846 ], [ 39.8853333, 60.1489302 ], [ 39.8871038, 60.1492558 ], [ 39.8886037, 60.1492445 ], [ 39.8900697, 60.148919 ], [ 39.891423, 60.1484475 ], [ 39.8929454, 60.1476447 ], [ 39.8951558, 60.1469318 ], [ 39.8960918, 60.1463143 ], [ 39.8975804, 60.1449614 ], [ 39.8986179, 60.1436365 ], [ 39.9001291, 60.1422442 ], [ 39.9017868, 60.141576 ], [ 39.9043694, 60.1415367 ], [ 39.907121, 60.1417613 ], [ 39.9087562, 60.1417445 ], [ 39.9101659, 60.1411156 ], [ 39.9113387, 60.1397007 ], [ 39.9125679, 60.1383868 ], [ 39.9143498, 60.1376962 ], [ 39.9174172, 60.1372189 ], [ 39.9217251, 60.1368595 ], [ 39.9236648, 60.1366798 ], [ 39.9252662, 60.1359161 ], [ 39.9272623, 60.1352198 ], [ 39.9279276, 60.1342314 ], [ 39.9286268, 60.1332037 ], [ 39.930138, 60.1322827 ], [ 39.9308033, 60.1314347 ], [ 39.9306906, 60.1309068 ], [ 39.9307018, 60.1299014 ], [ 39.9314349, 60.1282445 ], [ 39.9322581, 60.1268066 ], [ 39.9330362, 60.1255596 ], [ 39.9337242, 60.1241889 ], [ 39.9347278, 60.1227284 ], [ 39.9357202, 60.1220374 ], [ 39.9368254, 60.1218745 ], [ 39.9394869, 60.1221104 ], [ 39.9413138, 60.1220936 ], [ 39.9452383, 60.1213913 ], [ 39.949659, 60.120661 ], [ 39.9520047, 60.1206891 ], [ 39.954621, 60.1211104 ], [ 39.9578463, 60.1211217 ], [ 39.9630677, 60.1212284 ], [ 39.96662, 60.1214812 ], [ 39.9684808, 60.1214644 ], [ 39.9692928, 60.1212116 ], [ 39.9712663, 60.1184362 ], [ 39.9731834, 60.1166719 ], [ 39.974875, 60.1158291 ], [ 39.9784499, 60.115093 ], [ 39.9830849, 60.1140029 ], [ 39.9847652, 60.1133511 ], [ 39.9889604, 60.1112719 ], [ 39.9956591, 60.1081247 ], [ 40.0061244, 60.1029706 ], [ 40.0121803, 60.1003004 ], [ 40.0151463, 60.0989119 ], [ 40.0151463, 60.0985352 ], [ 40.0140185, 60.0983553 ], [ 40.0111879, 60.0979337 ], [ 40.0097106, 60.0973321 ], [ 40.0091016, 60.0967924 ], [ 40.0090001, 60.0960615 ], [ 40.0098798, 60.0954655 ], [ 40.0115939, 60.0950607 ], [ 40.0122029, 60.0944872 ], [ 40.0123833, 60.0935089 ], [ 40.0126765, 60.0927048 ], [ 40.0122931, 60.0921088 ], [ 40.0109737, 60.0910798 ], [ 40.009237, 60.0898202 ], [ 40.0087182, 60.0888305 ], [ 40.0090001, 60.0878801 ], [ 40.0097219, 60.0869578 ], [ 40.0110526, 60.0862098 ], [ 40.015338, 60.0854506 ], [ 40.0179881, 60.0850007 ], [ 40.0189805, 60.0845563 ], [ 40.019691, 60.0837746 ], [ 40.0195782, 60.083184 ], [ 40.0190031, 60.0827565 ], [ 40.0170521, 60.0820647 ], [ 40.0146726, 60.0818341 ], [ 40.0101279, 60.0816091 ], [ 40.0073875, 60.0812435 ], [ 40.0055493, 60.0805573 ], [ 40.0030908, 60.0795391 ], [ 40.0008579, 60.0779922 ], [ 40.0001926, 60.0767377 ], [ 40.0004294, 60.0756182 ], [ 40.0014782, 60.0746112 ], [ 40.0036547, 60.0736885 ], [ 40.0056508, 60.0731766 ], [ 40.0090001, 60.0726421 ], [ 40.011436, 60.0719838 ], [ 40.0122818, 60.0713536 ], [ 40.014402, 60.0686528 ], [ 40.0156312, 60.0679607 ], [ 40.0177175, 60.0668184 ], [ 40.0216645, 60.0656985 ], [ 40.0272919, 60.0646574 ], [ 40.032581, 60.0637007 ], [ 40.035592, 60.0628003 ], [ 40.036934, 60.061821 ], [ 40.0397646, 60.0595303 ], [ 40.0410953, 60.0590518 ], [ 40.0455611, 60.0579036 ], [ 40.0544928, 60.0562149 ], [ 40.0577406, 60.0556576 ], [ 40.0598946, 60.0548189 ], [ 40.0612817, 60.05389 ], [ 40.0616087, 60.0532989 ], [ 40.061011, 60.0521167 ], [ 40.0597705, 60.0511653 ], [ 40.0587781, 60.0503208 ], [ 40.0576504, 60.0501181 ], [ 40.0562069, 60.0498309 ], [ 40.0549777, 60.0492004 ], [ 40.0537936, 60.0482882 ], [ 40.0515945, 60.0468525 ], [ 40.0499029, 60.0460135 ], [ 40.047264, 60.0451238 ], [ 40.0452003, 60.044144 ], [ 40.0402044, 60.0412607 ], [ 40.0386143, 60.0401682 ], [ 40.0369904, 60.0385237 ], [ 40.0362235, 60.0372733 ], [ 40.0350845, 60.036175 ], [ 40.0332576, 60.0345753 ], [ 40.0323554, 60.033967 ], [ 40.0314871, 60.032846 ], [ 40.0284084, 60.0284801 ], [ 40.0275964, 60.0275505 ], [ 40.0272919, 60.0269646 ], [ 40.0271904, 60.0258828 ], [ 40.0269649, 60.0253589 ], [ 40.0261416, 60.0245982 ], [ 40.0234689, 60.0220739 ], [ 40.0200901, 60.0188463 ], [ 40.0196559, 60.0186688 ], [ 40.0184662, 60.0183307 ], [ 40.008839, 60.0159324 ], [ 40.0037594, 60.0146173 ], [ 40.0028902, 60.0145177 ], [ 40.0003225, 60.0147169 ], [ 39.9992938, 60.0146691 ], [ 39.995203, 60.0140474 ], [ 39.9931616, 60.0137246 ], [ 39.9906849, 60.0129894 ], [ 39.9832427, 60.0063663 ], [ 39.9726213, 59.9996796 ], [ 39.9666363, 59.9923286 ], [ 39.9619653, 59.9838742 ], [ 39.9573471, 59.9802278 ], [ 39.9499094, 59.9797256 ], [ 39.9493824, 59.97969 ] ] ] ] } }
]
}
