{
"type": "FeatureCollection",
"name": "oopt_oz_pol",
"crs": { "type": "name", "properties": { "name": "urn:ogc:def:crs:OGC:1.3:CRS84" } },
"features": [
{ "type": "Feature", "properties": { "nid": 13636.0, "title": "Каменная гора", "sig": "regional", "start_date": "1963-01-29", "created_at": "2024-10-10", "updated_at": "2026-06-24", "area": 31.62, "subj_title": "Вологодская область", "federal_ti": "Северо-Западный федеральный округ", "agency_tit": null, "management": null, "category_t": "памятник природы", "status_tit": "действующий" }, "geometry": { "type": "MultiPolygon", "coordinates": [ [ [ [ 35.915080898964504, 59.408557341648176 ], [ 35.914359493396091, 59.408507380711221 ], [ 35.914453155988497, 59.408900023817239 ], [ 35.913392736585706, 59.410210952073939 ], [ 35.913081367910991, 59.41038784782107 ], [ 35.914013555681208, 59.410385254176333 ], [ 35.915104367672598, 59.409036894337348 ], [ 35.915131577560423, 59.408996423046617 ], [ 35.915149263627768, 59.408954543417622 ], [ 35.915157365620068, 59.408905687747449 ], [ 35.915152261068158, 59.408856689984418 ], [ 35.915080898964504, 59.408557341648176 ] ] ], [ [ [ 35.909945601908184, 59.406271167880284 ], [ 35.903772680564934, 59.405410300844892 ], [ 35.903194969572326, 59.405795073983654 ], [ 35.909969233393554, 59.40673976862557 ], [ 35.909956693246954, 59.406337473995379 ], [ 35.909945601908184, 59.406271167880284 ] ] ], [ [ [ 35.901695522730328, 59.406739862155071 ], [ 35.900818475092706, 59.406701556431884 ], [ 35.900404903863375, 59.409160356865122 ], [ 35.900403275191145, 59.40922436431309 ], [ 35.900419777750699, 59.409287874436018 ], [ 35.900858585755316, 59.410379232315897 ], [ 35.902075611300575, 59.411099647730722 ], [ 35.902400111875799, 59.411079025376871 ], [ 35.903407927234241, 59.411014902815673 ], [ 35.902373898436849, 59.410945613649353 ], [ 35.901698965335129, 59.410234245414252 ], [ 35.901282182626801, 59.409197766863592 ], [ 35.901695522730328, 59.406739862155071 ] ] ] ] } },
{ "type": "Feature", "properties": { "nid": 10748.0, "title": "Урочище Чайкино озеро", "sig": "regional", "start_date": "1982-07-05", "created_at": "2024-10-10", "updated_at": "2026-06-24", "area": 88.0, "subj_title": "Вологодская область", "federal_ti": "Северо-Западный федеральный округ", "agency_tit": "Министерство природных ресурсов и экологии Вологодской области", "management": null, "category_t": "памятник природы", "status_tit": "действующий" }, "geometry": { "type": "MultiPolygon", "coordinates": [ [ [ [ 35.971117789654443, 59.065183396996368 ], [ 35.975636444066815, 59.065066407788656 ], [ 35.987024783067454, 59.064592902140866 ], [ 35.986893322868688, 59.062324927053901 ], [ 35.986251441650893, 59.060928726879411 ], [ 35.984710285151714, 59.059008944107617 ], [ 35.983396455682055, 59.057731681072354 ], [ 35.981899493666837, 59.056796323191904 ], [ 35.978924129844863, 59.055906328914098 ], [ 35.976273111015416, 59.055583542446684 ], [ 35.972855760085451, 59.055463837286432 ], [ 35.970356301302445, 59.055428957980197 ], [ 35.968942770292749, 59.055684438286377 ], [ 35.966800356751207, 59.056194682139036 ], [ 35.965349527259029, 59.057003589943925 ], [ 35.964357994126317, 59.058286980060245 ], [ 35.963737908877533, 59.05923119086691 ], [ 35.963496823120067, 59.06025776878117 ], [ 35.963482988849023, 59.061036034885255 ], [ 35.963411918125701, 59.06118474228218 ], [ 35.962891395921361, 59.061469984752144 ], [ 35.961076412046964, 59.06122232405118 ], [ 35.961460028657534, 59.064545853208685 ], [ 35.963887754816199, 59.064780065447835 ], [ 35.964064488685381, 59.065372257323986 ], [ 35.971117789654443, 59.065183396996368 ] ], [ [ 35.965422968595306, 59.064014802641225 ], [ 35.963119192396967, 59.063792613438515 ], [ 35.962959294735811, 59.062407872425531 ], [ 35.963449895596391, 59.06247480536814 ], [ 35.964994841838624, 59.061628004628844 ], [ 35.965224023270196, 59.061149062579311 ], [ 35.965238723588406, 59.060315944125691 ], [ 35.965446610872561, 59.059431038212026 ], [ 35.965994261126404, 59.058596929604789 ], [ 35.966849154864747, 59.057490365987739 ], [ 35.967845743986054, 59.056934710868404 ], [ 35.969598419231822, 59.056517277950199 ], [ 35.970630116986456, 59.056330805322588 ], [ 35.972773015262582, 59.056360736558936 ], [ 35.976011743747158, 59.056474117686534 ], [ 35.978272033227938, 59.056749365990633 ], [ 35.98075378256118, 59.057491724863382 ], [ 35.981939294962665, 59.058232432580894 ], [ 35.983131340039449, 59.059391441062303 ], [ 35.984587426968346, 59.061205417696044 ], [ 35.985156296725904, 59.062442976562295 ], [ 35.98523299720523, 59.063766837969339 ], [ 35.975522519748665, 59.064170511260272 ], [ 35.971028728892918, 59.064286877237748 ], [ 35.965547952775971, 59.064433632206551 ], [ 35.965422968595306, 59.064014802641225 ] ] ] ] } },
{ "type": "Feature", "properties": { "nid": 10373.0, "title": "Старый парк в с. Борисово-Судское", "sig": "regional", "start_date": "1963-01-29", "created_at": "2024-10-10", "updated_at": "2026-06-24", "area": 25.85, "subj_title": "Вологодская область", "federal_ti": "Северо-Западный федеральный округ", "agency_tit": null, "management": null, "category_t": "памятник природы", "status_tit": "действующий" }, "geometry": { "type": "MultiPolygon", "coordinates": [ [ [ [ 36.006846545132134, 59.91659243329434 ], [ 36.006651984901332, 59.91565018660696 ], [ 36.006464577878148, 59.915019919234055 ], [ 36.00615109939389, 59.914294133067969 ], [ 36.005764286592687, 59.913642291858423 ], [ 36.005615695208348, 59.913664526696714 ], [ 36.005314227169997, 59.913709640287827 ], [ 36.005426378025106, 59.9140024055867 ], [ 36.00560065494642, 59.914289212877058 ], [ 36.005789622293385, 59.914682603319648 ], [ 36.005911860843867, 59.914954419810783 ], [ 36.006097506994536, 59.915365684279095 ], [ 36.006270275752797, 59.915724122570388 ], [ 36.006474967745696, 59.916350292632046 ], [ 36.004836661083232, 59.91627588542395 ], [ 36.003505546643851, 59.916193670301809 ], [ 36.003677705661737, 59.916430400642632 ], [ 36.004789300086316, 59.916499009921537 ], [ 36.006846545132134, 59.91659243329434 ] ] ], [ [ [ 36.00178059929538, 59.909409307993315 ], [ 36.00158152806523, 59.909371931269774 ], [ 36.000886087722961, 59.910161857084233 ], [ 36.000296006555629, 59.911013353183883 ], [ 35.999960227582619, 59.911771257737541 ], [ 36.00178059929538, 59.909409307993315 ] ] ], [ [ [ 36.000834976553101, 59.909885303863852 ], [ 36.000408346268323, 59.909818724354807 ], [ 35.999207574170384, 59.911759012568545 ], [ 35.999722737314634, 59.911682578288548 ], [ 35.999953718289646, 59.911131298370897 ], [ 36.000082618118483, 59.910843000004597 ], [ 36.000347124920033, 59.910498320441313 ], [ 36.000834976553101, 59.909885303863852 ] ] ], [ [ [ 35.987915451836784, 59.912479864154591 ], [ 35.990398506086358, 59.912369633352064 ], [ 35.991289427565221, 59.912442681684574 ], [ 35.991363708868221, 59.912221446662613 ], [ 35.990415175919793, 59.912143654406293 ], [ 35.987876047142038, 59.91225631517699 ], [ 35.988142250064982, 59.911500647237219 ], [ 35.989022083802297, 59.911290918141511 ], [ 35.989315832060186, 59.910688195204202 ], [ 35.990725037330776, 59.910383879012954 ], [ 35.991509435012574, 59.909639127943599 ], [ 35.993784667628454, 59.909669103246685 ], [ 35.995235925197967, 59.910029352772575 ], [ 35.995474936219516, 59.910393597087022 ], [ 35.996409687956884, 59.910272943141983 ], [ 35.996857755381257, 59.910644914431423 ], [ 35.997196911308549, 59.910492878643602 ], [ 35.996961579413551, 59.910297553089777 ], [ 35.996792040120731, 59.910156757028865 ], [ 35.996750363738443, 59.910127726013904 ], [ 35.996699978321487, 59.910102314770192 ], [ 35.996642145618694, 59.910081328190934 ], [ 35.996578479913062, 59.910065206943898 ], [ 35.99650970066233, 59.910054219926451 ], [ 35.996438317874208, 59.910048985872159 ], [ 35.996368442349876, 59.91004949219046 ], [ 35.996298463403541, 59.910055653445788 ], [ 35.995768554075653, 59.910124045988084 ], [ 35.995660359338267, 59.909959165183508 ], [ 35.995624426925929, 59.909918535612121 ], [ 35.995573360722176, 59.909882265953968 ], [ 35.995508966565694, 59.909851696198977 ], [ 35.995433944221304, 59.909828162739693 ], [ 35.993982692947093, 59.909467915012449 ], [ 35.993937346431551, 59.909458194240401 ], [ 35.993892035888898, 59.909451255071538 ], [ 35.99384461283875, 59.909446746770115 ], [ 35.993796330936107, 59.909444755671132 ], [ 35.991521112709336, 59.909414781267294 ], [ 35.991398242834798, 59.909421743818605 ], [ 35.991283992962046, 59.909445374404704 ], [ 35.991186919241095, 59.909483845603162 ], [ 35.991114486944184, 59.909534174362818 ], [ 35.990403688879326, 59.910209023827569 ], [ 35.989139384175417, 59.910482066993943 ], [ 35.989050000557256, 59.910507855952972 ], [ 35.988974685033831, 59.910543202906624 ], [ 35.988917702190349, 59.910586296620465 ], [ 35.988881882193255, 59.910634886091316 ], [ 35.988638593096766, 59.911133947773635 ], [ 35.987950656697592, 59.911297888786699 ], [ 35.987860770358452, 59.911326372114559 ], [ 35.987786918931306, 59.911364585207593 ], [ 35.987733009071292, 59.911410540564191 ], [ 35.987702221680365, 59.911461536620784 ], [ 35.987436008864904, 59.9122172036612 ], [ 35.98742989077698, 59.912268476709016 ], [ 35.98744700037895, 59.912319043789012 ], [ 35.987486587636049, 59.912366394893347 ], [ 35.987546656053496, 59.912407933679376 ], [ 35.987623956380673, 59.912441517062518 ], [ 35.987714357132056, 59.912465451619468 ], [ 35.987813194423552, 59.912478498084397 ], [ 35.987915451836784, 59.912479864154591 ] ] ] ] } },
{ "type": "Feature", "properties": { "nid": 10785.0, "title": "Бор Черные пески", "sig": "regional", "start_date": "1983-10-31", "created_at": "2024-10-10", "updated_at": "2026-06-24", "area": 182.72, "subj_title": "Вологодская область", "federal_ti": "Северо-Западный федеральный округ", "agency_tit": "Министерство природных ресурсов и экологии Вологодской области", "management": null, "category_t": "памятник природы", "status_tit": "действующий" }, "geometry": { "type": "MultiPolygon", "coordinates": [ [ [ [ 36.068607136810101, 61.017911287775846 ], [ 36.06873511663246, 61.017617241842395 ], [ 36.068648887836048, 61.017307774334469 ], [ 36.06847722164661, 61.017122662381141 ], [ 36.068029117350072, 61.016756786696533 ], [ 36.067984468708403, 61.016615521189529 ], [ 36.068013399898632, 61.016541191323078 ], [ 36.068579254229348, 61.016598339641796 ], [ 36.069910356977573, 61.01656845157293 ], [ 36.071268996067481, 61.016345941312288 ], [ 36.071493102624743, 61.016333947054171 ], [ 36.072453449067602, 61.016541224598029 ], [ 36.07382026479354, 61.016524352417079 ], [ 36.074747012564721, 61.016352840911047 ], [ 36.075489023399875, 61.016103066803282 ], [ 36.075896840766738, 61.015716564268175 ], [ 36.076045923180963, 61.015406094016214 ], [ 36.07608833790664, 61.015130861000621 ], [ 36.075956309336391, 61.014862319840326 ], [ 36.075651313257652, 61.014544017392659 ], [ 36.074979170752272, 61.0141849603678 ], [ 36.074428738895335, 61.013995852726559 ], [ 36.073775258221758, 61.013915107096686 ], [ 36.072286569070059, 61.013867476303162 ], [ 36.070361628686378, 61.014041385401804 ], [ 36.068844448112941, 61.014094699011302 ], [ 36.068175966747617, 61.014091252809244 ], [ 36.066310621737948, 61.014099924971731 ], [ 36.065932556642338, 61.014183487278267 ], [ 36.065705153170427, 61.014093983150971 ], [ 36.064742058399418, 61.013732307300302 ], [ 36.062928056584717, 61.01380490417317 ], [ 36.061429499172213, 61.013843524659073 ], [ 36.059787023252682, 61.013843724308558 ], [ 36.059453750690182, 61.013769505958123 ], [ 36.059191113579175, 61.013672227191705 ], [ 36.059570437725711, 61.012581654419975 ], [ 36.058373226943047, 61.011863004374341 ], [ 36.056752848265482, 61.010597681637869 ], [ 36.056747036846446, 61.009501740812873 ], [ 36.057682439692996, 61.008280929121725 ], [ 36.058040465195454, 61.007987373318748 ], [ 36.059531428732612, 61.007353092271543 ], [ 36.05931025126722, 61.00705929365165 ], [ 36.059462458825578, 61.006959551642183 ], [ 36.060970227094451, 61.006938955368639 ], [ 36.063565729874711, 61.006358059876739 ], [ 36.06534956483074, 61.006366697864948 ], [ 36.066015978654661, 61.006309766282854 ], [ 36.066587266689169, 61.006143797298584 ], [ 36.067007110689758, 61.005884262848603 ], [ 36.067203922822955, 61.005573619926793 ], [ 36.067160020618644, 61.00524954023426 ], [ 36.066585836767096, 61.004518701676886 ], [ 36.066234413187765, 61.004243453372837 ], [ 36.065697176183903, 61.004044927131865 ], [ 36.06504448061844, 61.00395300742553 ], [ 36.064850326881242, 61.003948812088197 ], [ 36.064616805321464, 61.003624825925144 ], [ 36.05805077322475, 61.00318024337372 ], [ 36.058275097418004, 61.003488210812456 ], [ 36.059652063791873, 61.003562802381566 ], [ 36.061104977912578, 61.003670027649839 ], [ 36.062291510145258, 61.003752223886174 ], [ 36.062654731930479, 61.003867334410131 ], [ 36.062497281324625, 61.004007215860497 ], [ 36.062097236798195, 61.004062132061897 ], [ 36.061450649428075, 61.004441511966384 ], [ 36.060504290141068, 61.004525684912608 ], [ 36.059972112723017, 61.004744700407734 ], [ 36.059517733856516, 61.005412860715118 ], [ 36.059209105416066, 61.005498385342364 ], [ 36.058782479627887, 61.005406838854697 ], [ 36.057924428369859, 61.005107809777769 ], [ 36.058063155090672, 61.004905002763856 ], [ 36.057579407963487, 61.004766192406017 ], [ 36.056866977629056, 61.004625456599683 ], [ 36.056414106925672, 61.004405218026527 ], [ 36.056257254368965, 61.004328985194661 ], [ 36.056178052874998, 61.004160830857806 ], [ 36.056529995363171, 61.004044546718603 ], [ 36.057118512609463, 61.003984900982566 ], [ 36.057565504444653, 61.003882976318486 ], [ 36.057741214885311, 61.003739261957556 ], [ 36.057673370929479, 61.003507167621869 ], [ 36.056783756165594, 61.003369521886086 ], [ 36.055909133999485, 61.003314109258895 ], [ 36.055288501063607, 61.003329537128593 ], [ 36.054651483379409, 61.003687130057187 ], [ 36.052431996139887, 61.003189966843649 ], [ 36.051693308299711, 61.002997967882088 ], [ 36.050215619655255, 61.003627087720069 ], [ 36.05089044663697, 61.004259260756449 ], [ 36.052379086325914, 61.005177382230549 ], [ 36.053966412220284, 61.005714960077498 ], [ 36.054621894784759, 61.005539482561225 ], [ 36.055487192779879, 61.005446500755568 ], [ 36.05663424657336, 61.005472445297301 ], [ 36.057667435403978, 61.005602820913616 ], [ 36.058809606778084, 61.00564671412473 ], [ 36.05970091406607, 61.005596953736571 ], [ 36.060708534271612, 61.00519288294538 ], [ 36.06173310220106, 61.004947679192178 ], [ 36.062929466721698, 61.004776752245498 ], [ 36.064864848234322, 61.004846205088477 ], [ 36.065367934382834, 61.00546935792471 ], [ 36.063168939095419, 61.00545870995164 ], [ 36.060539977038502, 61.006047084205761 ], [ 36.058511623612723, 61.006074752747786 ], [ 36.05723248369236, 61.006913653842204 ], [ 36.057360343005598, 61.007083508797038 ], [ 36.056600348427473, 61.007406842052255 ], [ 36.056007452382175, 61.007892699888366 ], [ 36.05489758015937, 61.009341387195434 ], [ 36.054905332315393, 61.010854903031536 ], [ 36.056863582688379, 61.01238399422612 ], [ 36.057608627836089, 61.012831264851172 ], [ 36.057348214748451, 61.01357972742268 ], [ 36.05706343542937, 61.013693516842523 ], [ 36.057018251691147, 61.01390970217119 ], [ 36.057323749591546, 61.014109312994542 ], [ 36.058495579707419, 61.014543486792654 ], [ 36.059383333774008, 61.014741168570254 ], [ 36.061478877348463, 61.014740965323469 ], [ 36.063053072241637, 61.01470035104051 ], [ 36.064178423595536, 61.014655325582972 ], [ 36.064557007600001, 61.01479747512353 ], [ 36.065291893106576, 61.015086790623066 ], [ 36.066249741232753, 61.015099465667944 ], [ 36.066720307896041, 61.014995445583502 ], [ 36.068174872272721, 61.014988705164797 ], [ 36.068901437251668, 61.014992466129556 ], [ 36.070598287980765, 61.014932805105047 ], [ 36.072396621806831, 61.014770330886208 ], [ 36.073653543976036, 61.014810604326087 ], [ 36.074104730249239, 61.015035817948778 ], [ 36.074245233131194, 61.015202376888332 ], [ 36.074096133629837, 61.015512845341725 ], [ 36.073456992646243, 61.01563109539893 ], [ 36.072823428358674, 61.015638934789195 ], [ 36.071787395871809, 61.015415349838683 ], [ 36.070867347150504, 61.015464582324789 ], [ 36.069565359054252, 61.015677806185963 ], [ 36.068727089283925, 61.015696645184207 ], [ 36.067697099341842, 61.015592634992295 ], [ 36.06746041216843, 61.015490336210242 ], [ 36.066792268948234, 61.015645999863168 ], [ 36.066406518246367, 61.015838094152905 ], [ 36.066108586342352, 61.016599281232004 ], [ 36.066255762193855, 61.017065210990843 ], [ 36.066887514347449, 61.017581160142583 ], [ 36.065918919322826, 61.017321015052971 ], [ 36.065101744949736, 61.017252159359828 ], [ 36.063589956711326, 61.017054018028659 ], [ 36.062892831938825, 61.016768857397025 ], [ 36.059957910629237, 61.017259748738574 ], [ 36.05854910195967, 61.017301050103534 ], [ 36.056866953347367, 61.017271386865161 ], [ 36.054983924968326, 61.017179813397817 ], [ 36.056515425446712, 61.016853867612028 ], [ 36.056835987890679, 61.016720830002491 ], [ 36.057187522086622, 61.015979026910699 ], [ 36.056159765161226, 61.016048307983162 ], [ 36.054967987183034, 61.015966436402103 ], [ 36.054241277413205, 61.015721545613005 ], [ 36.053719647244066, 61.015044844444169 ], [ 36.05370734541782, 61.014244726613008 ], [ 36.053930908784594, 61.014012260857321 ], [ 36.054078179064902, 61.013364472892292 ], [ 36.053721837992612, 61.012567883101482 ], [ 36.052876859279827, 61.011561226069894 ], [ 36.052390469045058, 61.01117812207287 ], [ 36.051641325686774, 61.010569387167656 ], [ 36.050905715326678, 61.009890596873724 ], [ 36.050880640429398, 61.009613110157076 ], [ 36.05092750140323, 61.009160802429264 ], [ 36.051058763751087, 61.008996620397895 ], [ 36.050489741108834, 61.008974140944012 ], [ 36.049881571877215, 61.009013459303851 ], [ 36.048215665021075, 61.009224952869431 ], [ 36.047257655916269, 61.009119176409058 ], [ 36.046945586669665, 61.008988849356051 ], [ 36.04688018707116, 61.008814177632367 ], [ 36.047055839955185, 61.00862641267895 ], [ 36.047356271075209, 61.00860376774984 ], [ 36.048069043151997, 61.008680744321062 ], [ 36.048474167948655, 61.008543734405976 ], [ 36.048616229355673, 61.008253962050908 ], [ 36.048525217964595, 61.008061705883144 ], [ 36.048017949968596, 61.007589816317122 ], [ 36.047569539003177, 61.007357954006515 ], [ 36.046997456867295, 61.007350638021684 ], [ 36.046032131777615, 61.007506843965864 ], [ 36.045126217700954, 61.007917521176815 ], [ 36.044400970228764, 61.007880871105492 ], [ 36.044093780703577, 61.007967971344961 ], [ 36.04392544200573, 61.008413362386925 ], [ 36.042322162138241, 61.009004802429828 ], [ 36.041542877102245, 61.009157424575676 ], [ 36.040405834561788, 61.009320947403978 ], [ 36.038718433908741, 61.009185359317023 ], [ 36.040021706236921, 61.009791705622881 ], [ 36.040919485046338, 61.010104076142326 ], [ 36.041882308222107, 61.010413063412322 ], [ 36.042810528183502, 61.010718938128647 ], [ 36.043906392566157, 61.011151719776194 ], [ 36.044765345844205, 61.011506746039679 ], [ 36.045560934689547, 61.011792716061159 ], [ 36.046840757195348, 61.012338415685527 ], [ 36.04784144722516, 61.012778785812486 ], [ 36.049399816748291, 61.01349018102718 ], [ 36.050588287019991, 61.01410887592408 ], [ 36.051646156844804, 61.014685957391166 ], [ 36.052301368713358, 61.015089705325799 ], [ 36.053006579290354, 61.01570739478062 ], [ 36.053783098011699, 61.016307313631771 ], [ 36.054341451996606, 61.016884620828769 ], [ 36.054458312601184, 61.017035673657567 ], [ 36.054993347165407, 61.017714925303729 ], [ 36.05546685281319, 61.018105248158854 ], [ 36.056741056354838, 61.018167152092587 ], [ 36.058571421334186, 61.018199489015373 ], [ 36.060321668410438, 61.018148102652965 ], [ 36.062503466861699, 61.017783193739554 ], [ 36.062711772330601, 61.017868468355289 ], [ 36.064701716611125, 61.018129323909356 ], [ 36.065295957142894, 61.018179379275111 ], [ 36.065992097157725, 61.018366351026415 ], [ 36.066584566924398, 61.018466484240989 ], [ 36.067210890770184, 61.01846471527454 ], [ 36.067809817669108, 61.018359033242973 ], [ 36.068287142737631, 61.018167751041069 ], [ 36.068607136810101, 61.017911287775846 ] ] ], [ [ [ 36.052062836131142, 61.002180184667957 ], [ 36.050580693144632, 61.001054547329652 ], [ 36.049444691119788, 61.000144165421091 ], [ 36.049305431100947, 60.999973537049229 ], [ 36.0472099019156, 60.997747345363848 ], [ 36.046342029161515, 60.997793706314653 ], [ 36.04496037462178, 60.996686573426821 ], [ 36.044601543326735, 60.996571040221497 ], [ 36.044556382071562, 60.996673605202886 ], [ 36.044656041343387, 60.997235759722692 ], [ 36.044619640384262, 60.997604745262933 ], [ 36.045137226302124, 60.997850542568628 ], [ 36.044857126155591, 60.9983304477921 ], [ 36.044116964326626, 60.998592701791949 ], [ 36.043456792696986, 60.999890672616615 ], [ 36.043659602408866, 61.000275924194732 ], [ 36.044312306967583, 61.000377370419471 ], [ 36.045521201742247, 61.000244780672233 ], [ 36.046734284659692, 61.000428516662915 ], [ 36.04702630172261, 61.000771433554974 ], [ 36.04729953014936, 61.00102341819639 ], [ 36.047724575828674, 61.001114468258258 ], [ 36.047920442774398, 61.001016731736954 ], [ 36.047765332204499, 61.000742326097622 ], [ 36.047833532291861, 61.000600547077724 ], [ 36.048023184022888, 61.000578307742877 ], [ 36.048744073380476, 61.000701020236072 ], [ 36.049229161396845, 61.00064897017397 ], [ 36.049421288961469, 61.000572604242436 ], [ 36.049788813103412, 61.000931658569357 ], [ 36.049408008672849, 61.001127904129653 ], [ 36.04926301008004, 61.001322199959702 ], [ 36.048923614033754, 61.001354327340479 ], [ 36.048676366121583, 61.001475588327942 ], [ 36.048645221699815, 61.001623063653639 ], [ 36.048878635340941, 61.001904269966239 ], [ 36.049193658860418, 61.002050106727211 ], [ 36.049690751926846, 61.002137474065364 ], [ 36.050206582368048, 61.002475966292991 ], [ 36.050824946314378, 61.002458237058136 ], [ 36.05137297788081, 61.002164710932824 ], [ 36.052106403787661, 61.002539989928778 ], [ 36.052584342193825, 61.002525377744178 ], [ 36.052882104125956, 61.002466383117266 ], [ 36.052062836131142, 61.002180184667957 ] ] ], [ [ [ 36.040233171923489, 60.998835444100614 ], [ 36.040342596933442, 60.998260590254219 ], [ 36.040766465400225, 60.997631733917544 ], [ 36.041192040780231, 60.996635544095227 ], [ 36.041494088881279, 60.996198104858806 ], [ 36.042061644729301, 60.996045265976413 ], [ 36.042310424186894, 60.995593928617083 ], [ 36.043028056200001, 60.995204868410106 ], [ 36.043022508282313, 60.995028948427368 ], [ 36.04275476392138, 60.994804997452839 ], [ 36.04241547219646, 60.994560043711189 ], [ 36.04200654056956, 60.994189901642812 ], [ 36.041283100734681, 60.993555349899609 ], [ 36.04042332637556, 60.992969032395074 ], [ 36.040011989062236, 60.992715830971001 ], [ 36.040081192792968, 60.992602052342981 ], [ 36.040351710663053, 60.992554312731507 ], [ 36.040660956937749, 60.992921321561923 ], [ 36.04096919687111, 60.993138819001445 ], [ 36.041243990118232, 60.992996650575158 ], [ 36.039716627420603, 60.991665182702199 ], [ 36.038825130375642, 60.992028023174896 ], [ 36.038452102382784, 60.992234798897016 ], [ 36.038227527278707, 60.992483127794273 ], [ 36.038166983119936, 60.992764337704209 ], [ 36.038283447123547, 60.993032881562371 ], [ 36.038561325944606, 60.993271674947998 ], [ 36.038944674557229, 60.993507571617315 ], [ 36.039717228167717, 60.994034533866795 ], [ 36.040384076364205, 60.994619402563551 ], [ 36.04083084876482, 60.995023785419491 ], [ 36.040852340763081, 60.995039412039382 ], [ 36.040639575556156, 60.995154789661953 ], [ 36.040479400004472, 60.995445158267621 ], [ 36.039970184976191, 60.995582252718968 ], [ 36.039404917902793, 60.996400892087635 ], [ 36.03897804480107, 60.997400311375436 ], [ 36.038521619077642, 60.99807738306491 ], [ 36.038444146080614, 60.998484387444705 ], [ 36.037349575822418, 60.998199276275727 ], [ 36.035986898776507, 60.997734645137932 ], [ 36.03503961678507, 60.997264378848165 ], [ 36.034319303892914, 60.996794369764523 ], [ 36.033459465681965, 60.99650533395419 ], [ 36.033362491785738, 60.996739556085792 ], [ 36.03308736399083, 60.997217175232606 ], [ 36.032836820063373, 60.997330163356516 ], [ 36.033631413359217, 60.997848644999124 ], [ 36.034785207571417, 60.998421475370932 ], [ 36.036378265744524, 60.998964622719299 ], [ 36.03809873986512, 60.999412789968453 ], [ 36.040711668808619, 60.999555523169029 ], [ 36.040233171923489, 60.998835444100614 ] ] ] ] } },
{ "type": "Feature", "properties": { "nid": 10375.0, "title": "Озеро Большое-Волково", "sig": "regional", "start_date": "1982-07-05", "created_at": "2024-10-10", "updated_at": "2026-06-24", "area": 142.87, "subj_title": "Вологодская область", "federal_ti": "Северо-Западный федеральный округ", "agency_tit": "Министерство природных ресурсов и экологии Вологодской области", "management": null, "category_t": "памятник природы", "status_tit": "действующий" }, "geometry": { "type": "MultiPolygon", "coordinates": [ [ [ [ 36.274536729986266, 59.570002683876908 ], [ 36.274703833015622, 59.569990089771011 ], [ 36.274867577077202, 59.569969435940884 ], [ 36.275026906366804, 59.569940905848284 ], [ 36.275180058213266, 59.569904870013879 ], [ 36.277298655009076, 59.569342321591016 ], [ 36.278493122859516, 59.568951755918995 ], [ 36.279766386609587, 59.568491890288676 ], [ 36.281777160088033, 59.567704825217675 ], [ 36.283601254994096, 59.566562492864939 ], [ 36.284361201008771, 59.565373590918675 ], [ 36.284028868237833, 59.564076088640782 ], [ 36.284329419866999, 59.563466867202344 ], [ 36.284647573027257, 59.562618587977624 ], [ 36.284599890972338, 59.561346869262756 ], [ 36.28392316012588, 59.560347705382469 ], [ 36.283283391415523, 59.559712691387745 ], [ 36.28271980607434, 59.559449059626566 ], [ 36.282631881156533, 59.559334111879927 ], [ 36.280350194106347, 59.557918495342442 ], [ 36.279661486088848, 59.557583196607411 ], [ 36.278949177162986, 59.557202695248343 ], [ 36.276621068907389, 59.556450823347006 ], [ 36.274757028814008, 59.555982608410822 ], [ 36.273061711429023, 59.555677347931415 ], [ 36.271464508280594, 59.555641811220752 ], [ 36.270763003809748, 59.555570450016425 ], [ 36.270104980660506, 59.555613836009911 ], [ 36.268479512719523, 59.555662528902737 ], [ 36.267507428325302, 59.555674141848328 ], [ 36.266392688971557, 59.555847119249336 ], [ 36.265376955981871, 59.556194319612288 ], [ 36.264477053873115, 59.556441780663825 ], [ 36.263380155270113, 59.556916787280109 ], [ 36.261747958601568, 59.557731496611424 ], [ 36.260500070122305, 59.558464748049865 ], [ 36.260203917077263, 59.558872724596704 ], [ 36.258816426836802, 59.559994505642052 ], [ 36.258462834992031, 59.560566343162357 ], [ 36.257879442082753, 59.561735646183294 ], [ 36.25781357123946, 59.56229712890957 ], [ 36.257811676367908, 59.562383853232411 ], [ 36.257826225600006, 59.562470308657964 ], [ 36.257857203647177, 59.562555687595072 ], [ 36.257904238190179, 59.562639096117543 ], [ 36.258176864071167, 59.563045518635917 ], [ 36.258189352956435, 59.563556129412014 ], [ 36.258204165689847, 59.563663498571756 ], [ 36.258244238580907, 59.563769115852203 ], [ 36.258309012251289, 59.563871637666125 ], [ 36.258397391326696, 59.563969454227092 ], [ 36.258824099852518, 59.564375311071906 ], [ 36.258908842968872, 59.564527274913992 ], [ 36.259014822676079, 59.564688010743289 ], [ 36.259165208207946, 59.565017176101946 ], [ 36.25923560264112, 59.565134388341505 ], [ 36.259336831229916, 59.565245688437926 ], [ 36.259466901076792, 59.565348843374565 ], [ 36.259542209405595, 59.565396818608455 ], [ 36.259684107136025, 59.565473518188462 ], [ 36.260415802747275, 59.566155004649893 ], [ 36.261222221228707, 59.566829798356657 ], [ 36.262847769209372, 59.567922480038582 ], [ 36.263917920176027, 59.568607132113634 ], [ 36.265343763803791, 59.569318378940174 ], [ 36.267895812242102, 59.569938256445525 ], [ 36.268088804954573, 59.569978221417955 ], [ 36.268289862787121, 59.570006382788492 ], [ 36.268495971212239, 59.57002239791553 ], [ 36.268704466438123, 59.570025922358589 ], [ 36.270085004919217, 59.570008197620382 ], [ 36.271252961655016, 59.570019278167315 ], [ 36.272163375939208, 59.570058067725824 ], [ 36.273308783074071, 59.570065303671015 ], [ 36.274536729986266, 59.570002683876908 ] ], [ [ 36.272248548931543, 59.569160925636353 ], [ 36.271343649290145, 59.569122375297525 ], [ 36.270079105366563, 59.569110391831259 ], [ 36.268659690092754, 59.569128597706765 ], [ 36.266373733061478, 59.568573349080957 ], [ 36.265236138337286, 59.568005961406172 ], [ 36.264247040568648, 59.567373121072883 ], [ 36.262688233974991, 59.566325425278308 ], [ 36.261949689126993, 59.565707362604883 ], [ 36.261120173357483, 59.564934854859793 ], [ 36.260888374898748, 59.564814569636837 ], [ 36.260719053241871, 59.564443768365365 ], [ 36.260599542335171, 59.56426246144359 ], [ 36.260474168748033, 59.564037917815824 ], [ 36.259958091892592, 59.563547003991232 ], [ 36.259941996725956, 59.562891531319281 ], [ 36.259579137367432, 59.56235050187432 ], [ 36.25963508599056, 59.561873721795003 ], [ 36.260165302886598, 59.560811071174157 ], [ 36.260435738019055, 59.560373701185526 ], [ 36.261799886355846, 59.559270700682482 ], [ 36.262048585773755, 59.558928058982914 ], [ 36.263039305020072, 59.558345833393659 ], [ 36.264575594388361, 59.557579028249719 ], [ 36.265483227968787, 59.557186013723715 ], [ 36.266294170939375, 59.556963000742087 ], [ 36.267161903399312, 59.556666423217045 ], [ 36.267792087135255, 59.556568627340432 ], [ 36.268552376690991, 59.556559520805415 ], [ 36.270271210448186, 59.556508068792468 ], [ 36.270701601697731, 59.556479670000947 ], [ 36.271250697162088, 59.556535534087786 ], [ 36.272719835951818, 59.556568189370637 ], [ 36.274066676835837, 59.556810749116949 ], [ 36.27575168799018, 59.557234006044723 ], [ 36.277816589863896, 59.557900820966253 ], [ 36.278407588339689, 59.558216564842773 ], [ 36.279048928165651, 59.558528794168694 ], [ 36.28108498158678, 59.559792034974578 ], [ 36.281219682942208, 59.559968033198338 ], [ 36.281852418054825, 59.560264048647063 ], [ 36.282291328582119, 59.560699655065214 ], [ 36.28283680787257, 59.561505128359151 ], [ 36.282875615417481, 59.562542338957947 ], [ 36.282601225066628, 59.563273762074616 ], [ 36.282231511075565, 59.564023043029167 ], [ 36.282555657317907, 59.565288908056864 ], [ 36.282019963550624, 59.566126996164087 ], [ 36.280532884185448, 59.56705818298893 ], [ 36.278712640176359, 59.567770650195548 ], [ 36.277500482661303, 59.568208533697025 ], [ 36.276407572551591, 59.568565853231689 ], [ 36.274359728119123, 59.569109594132598 ], [ 36.273231135608562, 59.569167175025264 ], [ 36.272248548931543, 59.569160925636353 ] ] ] ] } },
{ "type": "Feature", "properties": { "nid": 10504.0, "title": "Старый парк (с.Михайловское)", "sig": "regional", "start_date": "1963-01-29", "created_at": "2024-10-10", "updated_at": "2026-06-24", "area": 6.23, "subj_title": "Вологодская область", "federal_ti": "Северо-Западный федеральный округ", "agency_tit": "Министерство природных ресурсов и экологии Вологодской области", "management": null, "category_t": "памятник природы", "status_tit": "действующий" }, "geometry": { "type": "MultiPolygon", "coordinates": [ [ [ [ 36.422736856221093, 58.816370025956076 ], [ 36.422703071389776, 58.81630660216814 ], [ 36.422603459782003, 58.816027258351475 ], [ 36.422459159063123, 58.815718769305917 ], [ 36.422354816122038, 58.815402467849765 ], [ 36.422102642623031, 58.814795297764938 ], [ 36.422074016302986, 58.814626978852168 ], [ 36.422029713000995, 58.814413247773352 ], [ 36.422025541046025, 58.814136670271289 ], [ 36.422044598579525, 58.813889203823848 ], [ 36.422086403564833, 58.813637902667267 ], [ 36.422141220840842, 58.81337412431656 ], [ 36.422226784138957, 58.813025297979252 ], [ 36.422312312363481, 58.812668213167669 ], [ 36.419425074907451, 58.812891929419159 ], [ 36.419421509994834, 58.812818604994781 ], [ 36.4199046581736, 58.812485506900757 ], [ 36.420052498624102, 58.811962184207616 ], [ 36.419533823627205, 58.811615095360537 ], [ 36.418520945985051, 58.811656565798046 ], [ 36.418242124674464, 58.811724516773211 ], [ 36.418179943749571, 58.811860859391288 ], [ 36.418236358221513, 58.813135323736383 ], [ 36.418625199893192, 58.814816850917119 ], [ 36.418937488574386, 58.814799038944656 ], [ 36.419098449234184, 58.81544974161244 ], [ 36.41906921407314, 58.815886259043786 ], [ 36.419067622273133, 58.816334708680024 ], [ 36.41915494014853, 58.816504250670782 ], [ 36.41945815736824, 58.816552126079898 ], [ 36.422736856221093, 58.816370025956076 ] ], [ [ 36.419415275894437, 58.815889764601131 ], [ 36.419445422068748, 58.815441391407262 ], [ 36.419237487120483, 58.814601214174843 ], [ 36.418927966552587, 58.814618919127987 ], [ 36.418581982072965, 58.813122405874488 ], [ 36.418521622275193, 58.81183593737876 ], [ 36.419374607652173, 58.811801558095624 ], [ 36.419688768721869, 58.81201176742929 ], [ 36.419575101609837, 58.812414108824214 ], [ 36.419072385082643, 58.812760623903841 ], [ 36.419088993762209, 58.813099512732492 ], [ 36.42193556027803, 58.813364649958764 ], [ 36.421802424642351, 58.813376412191815 ], [ 36.421705796985123, 58.813891490799847 ], [ 36.421679159066116, 58.814133533435992 ], [ 36.421690906010667, 58.814415534749287 ], [ 36.421763832934687, 58.814797585640235 ], [ 36.422120338582943, 58.815721057181243 ], [ 36.422324086287738, 58.816212113098672 ], [ 36.419411069765204, 58.816371900143224 ], [ 36.419415275894437, 58.815889764601131 ] ] ] ] } },
{ "type": "Feature", "properties": { "nid": 10505.0, "title": "Сосновая аллея", "sig": "regional", "start_date": "1963-01-29", "created_at": "2024-10-10", "updated_at": "2026-06-24", "area": 4.9, "subj_title": "Вологодская область", "federal_ti": "Северо-Западный федеральный округ", "agency_tit": "Министерство природных ресурсов и экологии Вологодской области", "management": null, "category_t": "памятник природы", "status_tit": "действующий" }, "geometry": { "type": "MultiPolygon", "coordinates": [ [ [ [ 36.438626752622724, 58.729375938848648 ], [ 36.438900979296932, 58.728850366951058 ], [ 36.439173998181616, 58.728345450682184 ], [ 36.439401069803694, 58.727894001806931 ], [ 36.439632989670883, 58.727456882729129 ], [ 36.439799520731469, 58.727136477666477 ], [ 36.440031071876597, 58.726698822592766 ], [ 36.440267570192361, 58.726245510322187 ], [ 36.440514792024203, 58.725793290727957 ], [ 36.440773565647703, 58.72533398807326 ], [ 36.441024456713471, 58.724877252982985 ], [ 36.441278883913526, 58.724423994671781 ], [ 36.441510524990917, 58.724025030231118 ], [ 36.441758528333594, 58.72357082673242 ], [ 36.442258846368816, 58.722649552235211 ], [ 36.442546633020861, 58.722145423772467 ], [ 36.442849402378151, 58.721606537411965 ], [ 36.443452932906666, 58.720491965332094 ], [ 36.442777769578584, 58.720399500636631 ], [ 36.442739941395359, 58.720506241170241 ], [ 36.442679465585051, 58.720618346159931 ], [ 36.442918485599819, 58.720650806289811 ], [ 36.442614549821769, 58.721211158568273 ], [ 36.442434602674943, 58.721544768376539 ], [ 36.442132649902021, 58.722082032360042 ], [ 36.441844365025581, 58.722587150077054 ], [ 36.441343377894725, 58.723509686323162 ], [ 36.441096354813112, 58.723961905917392 ], [ 36.440865209262135, 58.724360148202422 ], [ 36.44060995378652, 58.724814938059126 ], [ 36.440359054626818, 58.725271582317824 ], [ 36.440100108333525, 58.725731064836957 ], [ 36.439851728174858, 58.726185446401395 ], [ 36.43961472983608, 58.726639658893305 ], [ 36.43938317599293, 58.727077403899216 ], [ 36.439216640435745, 58.727397717231035 ], [ 36.438984219646159, 58.727835737429515 ], [ 36.438757462786832, 58.72828619615121 ], [ 36.438484944824488, 58.728790658262426 ], [ 36.438323305176539, 58.729100522371361 ], [ 36.438095807275829, 58.729068421970283 ], [ 36.437974745937936, 58.729283827586755 ], [ 36.438626752622724, 58.729375938848648 ] ] ], [ [ [ 36.441781881928478, 58.721088626838821 ], [ 36.442079567418261, 58.720539811962894 ], [ 36.442302085772781, 58.720568258418545 ], [ 36.442358369843085, 58.720460941419503 ], [ 36.442397976885275, 58.72034942998237 ], [ 36.441777523813812, 58.720270138556195 ], [ 36.441366598389948, 58.721027846158329 ], [ 36.441188112641441, 58.721358301144853 ], [ 36.440888954062125, 58.721890784332395 ], [ 36.440598824676158, 58.722398695343657 ], [ 36.440095663883938, 58.723325101372502 ], [ 36.439851763248441, 58.723771730780911 ], [ 36.439622267953496, 58.724167535903234 ], [ 36.439364354981137, 58.72462701032844 ], [ 36.439113434237754, 58.725083382092564 ], [ 36.438854314375249, 58.725543402406295 ], [ 36.438602111198634, 58.726004181747768 ], [ 36.438363618186607, 58.726461274768205 ], [ 36.438132058947531, 58.726899376804958 ], [ 36.437735205215681, 58.727659936157295 ], [ 36.437505979717344, 58.72810897395015 ], [ 36.437234925851321, 58.728610550136914 ], [ 36.436906762337394, 58.729140979272906 ], [ 36.437596854411481, 58.729230587721588 ], [ 36.437718608227328, 58.729015176709183 ], [ 36.437487995075053, 58.728982739062289 ], [ 36.43765095582711, 58.728670263322158 ], [ 36.437922498025053, 58.728167695183167 ], [ 36.438148599278577, 58.727718229312977 ], [ 36.43838202191295, 58.727278497704667 ], [ 36.438548397390775, 58.726958366035944 ], [ 36.438779955730517, 58.726520442964215 ], [ 36.439017948719538, 58.726064250165152 ], [ 36.439268820899542, 58.725605633693192 ], [ 36.439527940762048, 58.725145793243925 ], [ 36.439778854310816, 58.7246893288496 ], [ 36.440265926231689, 58.723834769659049 ], [ 36.440510808926831, 58.723386247177736 ], [ 36.441013293428909, 58.722460742269611 ], [ 36.441302760913857, 58.721954181140681 ], [ 36.44160290964674, 58.721420162810425 ], [ 36.441781881928478, 58.721088626838821 ] ] ] ] } },
{ "type": "Feature", "properties": { "nid": 10503.0, "title": "Старый парк (п.Даниловское)", "sig": "regional", "start_date": "1963-01-29", "created_at": "2024-10-10", "updated_at": "2026-06-24", "area": 3.71, "subj_title": "Вологодская область", "federal_ti": "Северо-Западный федеральный округ", "agency_tit": null, "management": null, "category_t": "памятник природы", "status_tit": "действующий" }, "geometry": { "type": "MultiPolygon", "coordinates": [ [ [ [ 36.443433053392873, 58.718866827442298 ], [ 36.444682789079586, 58.717144000695271 ], [ 36.44457564385106, 58.716256826691378 ], [ 36.444317133728923, 58.716264096810789 ], [ 36.444378417130388, 58.716857114264599 ], [ 36.444420151069266, 58.717125175186865 ], [ 36.444060483404762, 58.717630075267934 ], [ 36.44325059084224, 58.718737551696833 ], [ 36.442488679808882, 58.71876096464694 ], [ 36.442396913886625, 58.718520183759665 ], [ 36.442337582013977, 58.718353066341088 ], [ 36.442221930997498, 58.718345697296293 ], [ 36.442447287612417, 58.718897087830499 ], [ 36.443433053392873, 58.718866827442298 ] ] ], [ [ [ 36.443610656007145, 58.715660202056824 ], [ 36.443519357732328, 58.715532001900549 ], [ 36.442876998974491, 58.715726336401474 ], [ 36.442180554089475, 58.715904701640845 ], [ 36.441955621055222, 58.715983199864915 ], [ 36.441772313141875, 58.716056292264227 ], [ 36.44166185031429, 58.716123313340411 ], [ 36.441626146329781, 58.716380687618809 ], [ 36.441674567627388, 58.716614139031442 ], [ 36.44181197684145, 58.716318441942676 ], [ 36.441884419030877, 58.716195303170885 ], [ 36.441951201786708, 58.716154618740852 ], [ 36.442106664890844, 58.716092673438311 ], [ 36.442310385615997, 58.716021503789534 ], [ 36.442999289685638, 58.715845075689842 ], [ 36.443610656007145, 58.715660202056824 ] ] ] ] } },
{ "type": "Feature", "properties": { "nid": 10744.0, "title": "Сосновый бор Шишкина нива", "sig": "regional", "start_date": "1963-01-29", "created_at": "2024-10-10", "updated_at": "2026-06-24", "area": 206.78, "subj_title": "Вологодская область", "federal_ti": "Северо-Западный федеральный округ", "agency_tit": null, "management": null, "category_t": "памятник природы", "status_tit": "действующий" }, "geometry": { "type": "MultiPolygon", "coordinates": [ [ [ [ 36.502147683568914, 58.853491733257052 ], [ 36.502797975246544, 58.852798970196474 ], [ 36.504220536348839, 58.848764251768941 ], [ 36.502716717902388, 58.848035037387262 ], [ 36.502695326628213, 58.848095704753113 ], [ 36.501270063962465, 58.852137877661093 ], [ 36.50078321777147, 58.852232855062354 ], [ 36.500531690884998, 58.852379877129806 ], [ 36.500862674672881, 58.852729298818232 ], [ 36.500964003086438, 58.852836271376979 ], [ 36.478404694820988, 58.850491024741189 ], [ 36.468512613666348, 58.849601275978259 ], [ 36.46634546607055, 58.849783020869879 ], [ 36.464720619561092, 58.850105345085744 ], [ 36.46459531432248, 58.849636272196385 ], [ 36.46451937826685, 58.849352007289497 ], [ 36.464494467046165, 58.849254774388484 ], [ 36.464382444794175, 58.848816732606274 ], [ 36.46428886134202, 58.848729951626126 ], [ 36.464030298159905, 58.848755429419718 ], [ 36.462647693936105, 58.848891662320511 ], [ 36.463099296595431, 58.850582489390554 ], [ 36.463655938271074, 58.85101657955169 ], [ 36.464705498360217, 58.851069574801222 ], [ 36.466798307096383, 58.850654425261652 ], [ 36.46850257903094, 58.85051151489467 ], [ 36.478086134267869, 58.851373497089412 ], [ 36.500744511849909, 58.853728844910428 ], [ 36.502147683568914, 58.853491733257052 ] ] ], [ [ [ 36.46677227172313, 58.843039200898552 ], [ 36.464222443710973, 58.841270149897696 ], [ 36.463865591823776, 58.841408360407684 ], [ 36.463528742657502, 58.841538824157574 ], [ 36.465061914975536, 58.842602526085891 ], [ 36.463476146706967, 58.842613837758556 ], [ 36.461724510178158, 58.845021303990166 ], [ 36.462171216928304, 58.845679364910943 ], [ 36.464078149287324, 58.843058468873387 ], [ 36.46677227172313, 58.843039200898552 ] ] ] ] } },
{ "type": "Feature", "properties": { "nid": 13389.0, "title": "Долина ручья Патров", "sig": "regional", "start_date": "1983-10-31", "created_at": "2024-10-10", "updated_at": "2026-06-24", "area": 18.28, "subj_title": "Вологодская область", "federal_ti": "Северо-Западный федеральный округ", "agency_tit": "Министерство природных ресурсов и экологии Вологодской области", "management": null, "category_t": "памятник природы", "status_tit": "действующий" }, "geometry": { "type": "MultiPolygon", "coordinates": [ [ [ [ 36.522813539413505, 60.913419980148149 ], [ 36.522261771163983, 60.913223998988535 ], [ 36.521570759083424, 60.912807156924927 ], [ 36.520703375560508, 60.912627088369611 ], [ 36.520227915685943, 60.912278511144564 ], [ 36.52025326487643, 60.912069388191853 ], [ 36.519672840629255, 60.911893527564416 ], [ 36.519727727153054, 60.911667589088154 ], [ 36.519080232367003, 60.91152245469771 ], [ 36.518079896670088, 60.911095613971561 ], [ 36.517769045105524, 60.910837031903668 ], [ 36.51715947113285, 60.910665139984417 ], [ 36.516936745034911, 60.910413104081677 ], [ 36.516187523435633, 60.910382849988693 ], [ 36.515899652247299, 60.910432392740901 ], [ 36.515101271007033, 60.909952564859175 ], [ 36.515201110143266, 60.9097677703665 ], [ 36.515070689560844, 60.909684698190453 ], [ 36.515093594394045, 60.90958876930641 ], [ 36.514876446790765, 60.909514486204714 ], [ 36.514805395852477, 60.909120987843501 ], [ 36.51483723005429, 60.909076602703244 ], [ 36.514305709141354, 60.908784052342291 ], [ 36.514271778619843, 60.908313462296626 ], [ 36.514483350426474, 60.908160716044385 ], [ 36.514374312124971, 60.907973737997793 ], [ 36.514527419005333, 60.907868530808237 ], [ 36.514458549822393, 60.907809429161993 ], [ 36.514039543090632, 60.907641273925819 ], [ 36.513510827163088, 60.907318455082802 ], [ 36.513508604938352, 60.907116531203137 ], [ 36.513058566200016, 60.906804994355177 ], [ 36.512981091404406, 60.906503087447661 ], [ 36.512683980581407, 60.906239009622745 ], [ 36.512685248625466, 60.906103747090398 ], [ 36.512019429253428, 60.905981686605728 ], [ 36.511550538926372, 60.905967265077386 ], [ 36.510850506645738, 60.905749140810372 ], [ 36.510470829965016, 60.905722949854407 ], [ 36.510185207081797, 60.905594848623522 ], [ 36.509808005335337, 60.905516043730586 ], [ 36.509423278062002, 60.905474986981226 ], [ 36.509127732958689, 60.905402869447002 ], [ 36.508822861885733, 60.905296262013053 ], [ 36.508528929266838, 60.905093543132679 ], [ 36.50815300815497, 60.905112373137676 ], [ 36.507640492614826, 60.905074553947642 ], [ 36.507207399801814, 60.904975049359209 ], [ 36.50680344682177, 60.904833240661674 ], [ 36.506503951896036, 60.904622659008673 ], [ 36.506049633284135, 60.904324682138551 ], [ 36.505791923558604, 60.904290880220103 ], [ 36.505278071625867, 60.904183145935619 ], [ 36.50486316310468, 60.90406869461475 ], [ 36.504519277642714, 60.90391362001769 ], [ 36.50417846066761, 60.903706916241319 ], [ 36.503909770219877, 60.903428528404042 ], [ 36.503807687275128, 60.903385452676673 ], [ 36.503526544814349, 60.903257664409864 ], [ 36.503335171780911, 60.903155537398256 ], [ 36.503073086853647, 60.902968465822205 ], [ 36.502893261115275, 60.902802353845743 ], [ 36.502839896244382, 60.902656526977282 ], [ 36.503646722118667, 60.902530459113557 ], [ 36.50462096398644, 60.902426535256545 ], [ 36.504662034225646, 60.902512135426889 ], [ 36.504760020758511, 60.902584677441091 ], [ 36.50483754321823, 60.902626040859268 ], [ 36.505040039066728, 60.902718036108631 ], [ 36.505256336810646, 60.902809393738714 ], [ 36.505450882652269, 60.902931241084097 ], [ 36.505589052692812, 60.903053398695597 ], [ 36.50573750917885, 60.903217487197416 ], [ 36.505877539017369, 60.90330319168914 ], [ 36.506098696697677, 60.903378179859246 ], [ 36.506823856036306, 60.903496795041228 ], [ 36.507290514245994, 60.903640939278084 ], [ 36.507593203563651, 60.903829147597271 ], [ 36.508018688112145, 60.904111619256007 ], [ 36.508182788305191, 60.904206933903033 ], [ 36.508334012005207, 60.90419858819444 ], [ 36.508756369610921, 60.904192349597452 ], [ 36.509286441716085, 60.904226181193451 ], [ 36.509722386279293, 60.904377715159562 ], [ 36.509977362965117, 60.904504420642681 ], [ 36.510107261940732, 60.904626453248383 ], [ 36.510511041351663, 60.904682450434905 ], [ 36.511127785618953, 60.904797597831006 ], [ 36.511297214295148, 60.904873574356152 ], [ 36.511505886687466, 60.904888059736308 ], [ 36.512142279342868, 60.905086262221403 ], [ 36.512747459228017, 60.905110746264086 ], [ 36.51364140063032, 60.90504332139232 ], [ 36.514535808780693, 60.905333184578971 ], [ 36.51452901260398, 60.906011302180055 ], [ 36.514765915614696, 60.906221865846582 ], [ 36.514829404153829, 60.906468944686182 ], [ 36.51534854589886, 60.90684083233873 ], [ 36.515359873759337, 60.907008315781283 ], [ 36.515893051223486, 60.907222227623876 ], [ 36.516497946922868, 60.907741316308872 ], [ 36.516388249418355, 60.908141943595979 ], [ 36.516490297289579, 60.908316763707816 ], [ 36.516242295745535, 60.908495622674984 ], [ 36.51661882929568, 60.908702848058176 ], [ 36.516772892155416, 60.908933748094178 ], [ 36.517388875596282, 60.909123725379786 ], [ 36.517250839554769, 60.909422151011647 ], [ 36.517850154061534, 60.90955426681613 ], [ 36.517852470715127, 60.9095820729545 ], [ 36.518266547363446, 60.909628638950721 ], [ 36.519132631366006, 60.909969475710916 ], [ 36.518948664249649, 60.910132620823958 ], [ 36.519113560342696, 60.910179182323574 ], [ 36.519519150988167, 60.910516598062706 ], [ 36.520093726944076, 60.910761699293175 ], [ 36.521715510362696, 60.911125165693974 ], [ 36.521640636406403, 60.911432743726301 ], [ 36.522028514904207, 60.911550212272623 ], [ 36.52211480215658, 60.911944582976261 ], [ 36.522716176110798, 60.912069481721332 ], [ 36.523543695385399, 60.912568441780294 ], [ 36.523833832865243, 60.912671531965763 ], [ 36.524344055134179, 60.912297350142737 ], [ 36.52418454598017, 60.912240703645729 ], [ 36.523433073377817, 60.911787600017867 ], [ 36.523357190382164, 60.911747132324486 ], [ 36.523271871699706, 60.911711579426019 ], [ 36.523178236086892, 60.911681292058184 ], [ 36.523077770123166, 60.911656708190712 ], [ 36.522973894829533, 60.911635200004632 ], [ 36.522944790070198, 60.911502668713354 ], [ 36.522909027629673, 60.91141784285935 ], [ 36.522840422847423, 60.911337921907716 ], [ 36.522742210584731, 60.911266291806093 ], [ 36.522624697072274, 60.911202340116049 ], [ 36.522636889181229, 60.911118515207477 ], [ 36.52262595072721, 60.91105594667475 ], [ 36.522590598377576, 60.910984491940894 ], [ 36.522531583066268, 60.910916797272527 ], [ 36.522450803262132, 60.91085464422661 ], [ 36.522350157434005, 60.910799815259452 ], [ 36.522232450567287, 60.910753725004554 ], [ 36.522100670209909, 60.910717519198315 ], [ 36.5206004562462, 60.910381272577808 ], [ 36.520238757912523, 60.91022708381302 ], [ 36.520060630993498, 60.910078753232021 ], [ 36.520053528147962, 60.909954139572051 ], [ 36.52000847661008, 60.909830159034748 ], [ 36.51989144063765, 60.909714864149805 ], [ 36.519711824441288, 60.90962048299906 ], [ 36.518680661783257, 60.909214690905458 ], [ 36.518314757320354, 60.909164100443043 ], [ 36.518309408152838, 60.909103198354103 ], [ 36.518295036087238, 60.909042539981371 ], [ 36.518263929436948, 60.90898307860634 ], [ 36.51821631483125, 60.908926250446257 ], [ 36.518152769634746, 60.908872855897741 ], [ 36.518074807406606, 60.908824143219803 ], [ 36.517983933611788, 60.908781178109045 ], [ 36.517881829083301, 60.908744664734677 ], [ 36.517546583408254, 60.908641257987831 ], [ 36.517435954206057, 60.908475385230972 ], [ 36.517405405135491, 60.908458640753842 ], [ 36.51749377881498, 60.908394822163466 ], [ 36.517326805288, 60.908108907899923 ], [ 36.517411275010481, 60.907800634691675 ], [ 36.517418843704831, 60.907728062100531 ], [ 36.517402462553775, 60.907655750312813 ], [ 36.517362193610495, 60.90758576417187 ], [ 36.517299196101192, 60.907519890630617 ], [ 36.516694292307932, 60.907000807341539 ], [ 36.516598451557456, 60.906933554240304 ], [ 36.516478944248028, 60.906875894207289 ], [ 36.516267017209259, 60.90679089478413 ], [ 36.516245132207239, 60.906737559590837 ], [ 36.516212777297994, 60.906685378227785 ], [ 36.516167773424172, 60.906635439773879 ], [ 36.516110515388156, 60.906588551820384 ], [ 36.515716070040753, 60.906306063074496 ], [ 36.515658225646746, 60.906081292817575 ], [ 36.515451427441576, 60.905897439915051 ], [ 36.515457210082332, 60.905326671688719 ], [ 36.515426870553824, 60.905219188315073 ], [ 36.515344766947571, 60.905118358125875 ], [ 36.515215315834325, 60.905030163411475 ], [ 36.515046227101891, 60.904959663757658 ], [ 36.514151825246699, 60.904669803268959 ], [ 36.514001739189091, 60.904630400372859 ], [ 36.513839547357406, 60.904605085356593 ], [ 36.513670437940505, 60.904594807004912 ], [ 36.513500317685661, 60.904599883677854 ], [ 36.512721851932092, 60.904658584226468 ], [ 36.512438230939772, 60.904645803061555 ], [ 36.511833841558719, 60.904457606433532 ], [ 36.511710672209915, 60.904449061974773 ], [ 36.511622126759903, 60.904409305645103 ], [ 36.510802653719672, 60.904256385823714 ], [ 36.510731901356337, 60.904238313047856 ], [ 36.510323526409756, 60.904035426893572 ], [ 36.509634325563866, 60.903795859191682 ], [ 36.508802578576308, 60.90374272814455 ], [ 36.508609915915024, 60.903745625760166 ], [ 36.508327323747153, 60.903557993007141 ], [ 36.507917974834811, 60.903303411123709 ], [ 36.507222922100368, 60.903088733058773 ], [ 36.506524436653592, 60.902974508367045 ], [ 36.506415619585361, 60.902854296888449 ], [ 36.506222744684067, 60.902683703590249 ], [ 36.505928107896011, 60.902499204075191 ], [ 36.505516281351447, 60.902320829842608 ], [ 36.50524649732813, 60.901888799128933 ], [ 36.504794941433545, 60.901817239174413 ], [ 36.504203874609296, 60.901812633746196 ], [ 36.503133923292069, 60.90194424772902 ], [ 36.502248317705892, 60.902128400105759 ], [ 36.501738750143375, 60.902360777727878 ], [ 36.503211728138922, 60.903915612915391 ], [ 36.504315888767394, 60.904433373301693 ], [ 36.50486774425115, 60.904585626725463 ], [ 36.505505434628276, 60.90471797365575 ], [ 36.505753438870272, 60.90488306130441 ], [ 36.506136318036795, 60.905152107883616 ], [ 36.506737503133422, 60.905363239921769 ], [ 36.50736933532675, 60.905508364419639 ], [ 36.508078368921758, 60.905560671687788 ], [ 36.508159661339448, 60.905616726430935 ], [ 36.508649655157626, 60.905788073361059 ], [ 36.509113583025623, 60.905901265631073 ], [ 36.509677007388113, 60.905976950775823 ], [ 36.509846624921977, 60.906053018132454 ], [ 36.509955693800407, 60.906094961613334 ], [ 36.510076302779339, 60.90612847574873 ], [ 36.510206031783127, 60.906152681001558 ], [ 36.510341552420869, 60.906167241924834 ], [ 36.510522897114178, 60.906179680448084 ], [ 36.511054018728139, 60.906345251032683 ], [ 36.511155652011894, 60.906372707334747 ], [ 36.511263721743546, 60.906393656142477 ], [ 36.51137601289286, 60.906407842048452 ], [ 36.511490530763517, 60.906416447661115 ], [ 36.511847897062971, 60.906429691976875 ], [ 36.512088572729617, 60.90664364518824 ], [ 36.512144315408023, 60.906860622819622 ], [ 36.512165105035763, 60.906914504800731 ], [ 36.512199111999564, 60.906966676271281 ], [ 36.512245948691763, 60.907016512202468 ], [ 36.512305040445419, 60.907063208600384 ], [ 36.512588872778394, 60.907259619635894 ], [ 36.512589427660139, 60.907320825695699 ], [ 36.512600673682293, 60.907388237976996 ], [ 36.51263251058208, 60.907453978418523 ], [ 36.512684345706141, 60.907516701634613 ], [ 36.512754841762721, 60.907574894965599 ], [ 36.513415737346577, 60.907972342249984 ], [ 36.513480069449827, 60.9080827250379 ], [ 36.513421727730702, 60.908140403057295 ], [ 36.513379523446417, 60.908201466124922 ], [ 36.513355816417963, 60.908264820665124 ], [ 36.513350939394513, 60.908329206727672 ], [ 36.513384208014941, 60.908790558037992 ], [ 36.513401154839578, 60.908869686686828 ], [ 36.513446403328999, 60.908946100282492 ], [ 36.513518772673365, 60.909017383245782 ], [ 36.513615621563872, 60.909081400586317 ], [ 36.51390162216228, 60.909238841299668 ], [ 36.513996103137792, 60.90976168195624 ], [ 36.514114920667225, 60.909802386171329 ], [ 36.51411229464685, 60.909813085405744 ], [ 36.514195354232356, 60.909865891797665 ], [ 36.514180053167081, 60.909963470937619 ], [ 36.514206944694926, 60.910060568940253 ], [ 36.514276445201972, 60.910152603759805 ], [ 36.514385281155967, 60.910235023927378 ], [ 36.515183658799003, 60.910714857205036 ], [ 36.515394370853699, 60.910807675334112 ], [ 36.515653216422947, 60.910864784981975 ], [ 36.515935518109806, 60.910880801008318 ], [ 36.516309118970803, 60.910838002272158 ], [ 36.516591986331264, 60.910921415291213 ], [ 36.518316782593615, 60.911698652570919 ], [ 36.518573465293336, 60.911902786084845 ], [ 36.518756783998526, 60.911942662923707 ], [ 36.518802726764591, 60.912041416578298 ], [ 36.518893045677657, 60.91213258265276 ], [ 36.519022995015341, 60.912211615973476 ], [ 36.519186001632811, 60.912274525349225 ], [ 36.51930097006391, 60.912309329112425 ], [ 36.519324079942521, 60.912366243607444 ], [ 36.519354904205613, 60.912422295652618 ], [ 36.519400594262201, 60.912476176734337 ], [ 36.51946019143486, 60.912526725827874 ], [ 36.519935645014186, 60.912875305750894 ], [ 36.520017762110164, 60.912926860286504 ], [ 36.520114063313535, 60.912972028736313 ], [ 36.520223047655691, 60.91301001699884 ], [ 36.520341923641013, 60.913039854705687 ], [ 36.520998032133654, 60.913176035445872 ], [ 36.521620695738697, 60.913551729029209 ], [ 36.52230400962253, 60.913793883181299 ], [ 36.522813539413505, 60.913419980148149 ] ] ] ] } },
{ "type": "Feature", "properties": { "nid": 13387.0, "title": "Участок долины реки Тагажмы", "sig": "regional", "start_date": "1983-10-31", "created_at": "2024-10-10", "updated_at": "2026-06-24", "area": 868.6, "subj_title": "Вологодская область", "federal_ti": "Северо-Западный федеральный округ", "agency_tit": "Министерство природных ресурсов и экологии Вологодской области", "management": null, "category_t": "памятник природы", "status_tit": "действующий" }, "geometry": { "type": "MultiPolygon", "coordinates": [ [ [ [ 36.584695333622911, 60.861680892859098 ], [ 36.5898972767381, 60.861478867356013 ], [ 36.592876069675015, 60.862084434848953 ], [ 36.594697759793966, 60.864905767287482 ], [ 36.600326102967472, 60.872580944055478 ], [ 36.597665688021266, 60.872984389817915 ], [ 36.594574395292277, 60.872880078353099 ], [ 36.592231260264612, 60.873085381885055 ], [ 36.591652115752709, 60.874013330251145 ], [ 36.593260028927375, 60.87524753644481 ], [ 36.59573962618299, 60.876249133890596 ], [ 36.598082369106237, 60.879008209861176 ], [ 36.598079895970606, 60.88114595502195 ], [ 36.596448204721014, 60.883340715401864 ], [ 36.596433680669968, 60.884843552687968 ], [ 36.595360338908669, 60.886656365598974 ], [ 36.593582746146978, 60.887595417894374 ], [ 36.59352463375501, 60.888613570060372 ], [ 36.591569733356657, 60.890424476408597 ], [ 36.588451639032087, 60.891519311067505 ], [ 36.586642937821466, 60.891990899360671 ], [ 36.585059977236313, 60.893666635806767 ], [ 36.581569664308745, 60.895094906704735 ], [ 36.578707729278449, 60.895489995966734 ], [ 36.57789304782608, 60.895775527119042 ], [ 36.576606053226953, 60.896894593111149 ], [ 36.576062681048086, 60.899715152132735 ], [ 36.572049574228629, 60.901906272956282 ], [ 36.568297017193743, 60.90257068668803 ], [ 36.565497092217186, 60.903075954591806 ], [ 36.56283090722075, 60.903053763820296 ], [ 36.561639521346983, 60.903249224272422 ], [ 36.561281667615049, 60.904093245207257 ], [ 36.556491826236929, 60.906147916393408 ], [ 36.556986133203623, 60.90684491076415 ], [ 36.557290372952529, 60.906966761706883 ], [ 36.557413819292485, 60.906948247363921 ], [ 36.562961679438096, 60.904568417298762 ], [ 36.563221942338942, 60.903954531076927 ], [ 36.565812261426913, 60.903976121101273 ], [ 36.568931791069467, 60.903413141903158 ], [ 36.57311539406038, 60.902672466561221 ], [ 36.577840326869762, 60.900092551730033 ], [ 36.57840376921876, 60.897167540050063 ], [ 36.5793003870034, 60.896387743299883 ], [ 36.579521003291852, 60.896310485240861 ], [ 36.582451964886438, 60.895905874856389 ], [ 36.586560655250189, 60.894224477178049 ], [ 36.588057369951855, 60.892639947275931 ], [ 36.58942879740124, 60.892282292294098 ], [ 36.592646551897012, 60.891152556745276 ], [ 36.592803503379109, 60.891090758032249 ], [ 36.592960115816879, 60.891012985561005 ], [ 36.593090066953209, 60.890931022249042 ], [ 36.593199714995023, 60.890842215995619 ], [ 36.595353703710593, 60.888846825420828 ], [ 36.595404524399441, 60.887956625198278 ], [ 36.597009001264553, 60.887108917942385 ], [ 36.598273868944091, 60.884972477697822 ], [ 36.598288024273074, 60.88350033697116 ], [ 36.599921011445701, 60.881303750068192 ], [ 36.599923745384729, 60.878830057761149 ], [ 36.597265840446369, 60.875700185015717 ], [ 36.594658248079838, 60.874646834284142 ], [ 36.593659297338881, 60.873880200910719 ], [ 36.593664721150098, 60.873871543137398 ], [ 36.594675136448522, 60.873783013875133 ], [ 36.597882814940128, 60.873891265269819 ], [ 36.600872860194499, 60.873437852275231 ], [ 36.601213700552016, 60.873367156569188 ], [ 36.601518695731386, 60.873264519642014 ], [ 36.601775284901628, 60.873134348171774 ], [ 36.60197314024839, 60.872981657677528 ], [ 36.602104370220665, 60.872812793775601 ], [ 36.602163491651986, 60.872634531958212 ], [ 36.602148349766708, 60.872454067701263 ], [ 36.602059371742769, 60.87227875925749 ], [ 36.596442422979571, 60.864619808057839 ], [ 36.594374041628896, 60.861416720605355 ], [ 36.590194658257026, 60.860567015055878 ], [ 36.584429711662033, 60.860790975023626 ], [ 36.58152570814508, 60.86109222632534 ], [ 36.576105873687304, 60.864002343433576 ], [ 36.575947522860076, 60.864918397366303 ], [ 36.574015205337609, 60.866903362999963 ], [ 36.571043281422469, 60.867524778346016 ], [ 36.567147643149383, 60.870139418699409 ], [ 36.566855485792189, 60.873427633278823 ], [ 36.567900482721257, 60.874348666757712 ], [ 36.567226126984337, 60.875223375258706 ], [ 36.568266421358423, 60.877607669558458 ], [ 36.570585721653913, 60.879721175292147 ], [ 36.574120611277351, 60.880744959912136 ], [ 36.574269324070201, 60.880811590682519 ], [ 36.574356606872072, 60.880920782768101 ], [ 36.57460328191609, 60.881504449071237 ], [ 36.57428224283143, 60.883013830723883 ], [ 36.574353576156795, 60.883395182841582 ], [ 36.573625295271313, 60.883891757898468 ], [ 36.570925210330358, 60.884194088386671 ], [ 36.569787779282763, 60.885029777102716 ], [ 36.567212905151621, 60.885219701328317 ], [ 36.562645717026392, 60.88776010444542 ], [ 36.561718219220609, 60.888494696773023 ], [ 36.559736217752395, 60.890174835400501 ], [ 36.559093029819621, 60.891120706355693 ], [ 36.55718900856607, 60.892414737250469 ], [ 36.556899227217741, 60.893162383237538 ], [ 36.556833154026997, 60.893222741236684 ], [ 36.555820104614327, 60.893390701319966 ], [ 36.553308743303994, 60.893908280942568 ], [ 36.548455570768169, 60.895236248654108 ], [ 36.546139123122195, 60.895366316702322 ], [ 36.541726818937718, 60.89722713092754 ], [ 36.540410458775803, 60.898499355061347 ], [ 36.539345036444445, 60.898780930095995 ], [ 36.536894609598733, 60.899897560724007 ], [ 36.536254026102597, 60.900376949736589 ], [ 36.534205303032479, 60.901011047322129 ], [ 36.532563709347869, 60.902399641930103 ], [ 36.531506826978671, 60.902929613311173 ], [ 36.529857252710201, 60.904011012997998 ], [ 36.52808661260724, 60.905998950891039 ], [ 36.528123512690115, 60.907257981071147 ], [ 36.527772259082667, 60.907998734654036 ], [ 36.525650010139991, 60.910808169061902 ], [ 36.524646933309491, 60.912075088994349 ], [ 36.523833832865243, 60.912671531965763 ], [ 36.524187887860869, 60.912797315643772 ], [ 36.524531192360826, 60.912800216856688 ], [ 36.525329257039743, 60.913184228269706 ], [ 36.525191185924655, 60.9132985842624 ], [ 36.528198134836202, 60.914212790987683 ], [ 36.529017348871719, 60.914496375107767 ], [ 36.529676354979983, 60.914862972948001 ], [ 36.531865758098427, 60.914791653112438 ], [ 36.531781802788146, 60.914159609578469 ], [ 36.531713858108212, 60.913994155006435 ], [ 36.530544126110662, 60.913071329178642 ], [ 36.529425201312158, 60.911807608134772 ], [ 36.529007859225487, 60.91130130511128 ], [ 36.527759836747236, 60.910614801332187 ], [ 36.529541846079496, 60.908255577433124 ], [ 36.529969212909009, 60.907353879378199 ], [ 36.529934826431266, 60.906179106680597 ], [ 36.531463101940751, 60.904463151653303 ], [ 36.532913410725484, 60.903512338923463 ], [ 36.534045594228921, 60.902944470111365 ], [ 36.535575816770688, 60.901650102870121 ], [ 36.537579839038528, 60.901029865635948 ], [ 36.538316579846423, 60.900478413048511 ], [ 36.540431072136414, 60.899514919877852 ], [ 36.541796036158296, 60.899154212596997 ], [ 36.543207876442523, 60.897789456318534 ], [ 36.546915013217472, 60.896226137826147 ], [ 36.549034551603427, 60.896107031614399 ], [ 36.554121081123185, 60.894715284882636 ], [ 36.556476365991671, 60.894229820949633 ], [ 36.558115823786402, 60.893958080900852 ], [ 36.558656924277777, 60.893463623747365 ], [ 36.55892333494409, 60.892776282699444 ], [ 36.560753191806491, 60.891532597651391 ], [ 36.561425910777302, 60.890543326313598 ], [ 36.56330111775253, 60.888953538974825 ], [ 36.564133013128249, 60.888294776582832 ], [ 36.568154365831504, 60.886057865877994 ], [ 36.570870781561496, 60.885857516711219 ], [ 36.57205355912464, 60.884988535992299 ], [ 36.574717553372572, 60.884690318103864 ], [ 36.576249424371611, 60.883645778030434 ], [ 36.576132266091342, 60.883019393930049 ], [ 36.576463921672818, 60.881459125938079 ], [ 36.57612872006456, 60.880665670284586 ], [ 36.575830014743531, 60.880291796029717 ], [ 36.575225638852309, 60.880021041637924 ], [ 36.571967163953616, 60.879077490034312 ], [ 36.570012858906466, 60.877296557190512 ], [ 36.569138689998738, 60.87529335960101 ], [ 36.569922430276108, 60.874276722792658 ], [ 36.568716937636729, 60.873214214264735 ], [ 36.568962582956992, 60.870448254883236 ], [ 36.572234427177243, 60.868252150016858 ], [ 36.57537954792798, 60.867594565736795 ], [ 36.577753346240108, 60.865156189806484 ], [ 36.577887266983964, 60.864380692714974 ], [ 36.582488987277081, 60.861909841366248 ], [ 36.584695333622911, 60.861680892859098 ] ] ], [ [ [ 36.523572905365477, 60.913689669742617 ], [ 36.522813539413505, 60.913419980148149 ], [ 36.521685737407047, 60.914247369021048 ], [ 36.519998282794688, 60.915161619813091 ], [ 36.518049142554041, 60.916397960997251 ], [ 36.516703822423608, 60.91897449797488 ], [ 36.516340274184472, 60.92110034240703 ], [ 36.516645389873013, 60.924222736390334 ], [ 36.518487091706099, 60.924180069854515 ], [ 36.518187446593565, 60.921116335950323 ], [ 36.518528171837822, 60.919123392430777 ], [ 36.519742167567131, 60.916798008221697 ], [ 36.521417096422056, 60.915735583330672 ], [ 36.523146788593571, 60.91479830180036 ], [ 36.524317308397258, 60.913939718143631 ], [ 36.52367873758385, 60.913690519601964 ], [ 36.523572905365477, 60.913689669742617 ] ] ] ] } },
{ "type": "Feature", "properties": { "nid": 10787.0, "title": "Белый ручей", "sig": "regional", "start_date": "1983-10-31", "created_at": "2024-10-10", "updated_at": "2026-06-24", "area": 63.96, "subj_title": "Вологодская область", "federal_ti": "Северо-Западный федеральный округ", "agency_tit": "Департамент природных ресурсов и охраны окружающей среды Вологодской области", "management": null, "category_t": "памятник природы", "status_tit": "действующий" }, "geometry": { "type": "MultiPolygon", "coordinates": [ [ [ [ 36.881601902605894, 60.905800293349046 ], [ 36.883965311949737, 60.904352541336891 ], [ 36.884148001129518, 60.904217172684525 ], [ 36.884277772401447, 60.904067967063213 ], [ 36.884349749641387, 60.903911703562414 ], [ 36.88440250477197, 60.903754106367103 ], [ 36.884661675895813, 60.903627762411475 ], [ 36.885602640149898, 60.903266493054389 ], [ 36.886870030427701, 60.902850006222991 ], [ 36.887884460299745, 60.902391591199148 ], [ 36.888281203414977, 60.902211094566553 ], [ 36.890108388391582, 60.901404760621347 ], [ 36.888647874999606, 60.90083838288524 ], [ 36.8870340092123, 60.901550668428797 ], [ 36.886629304399037, 60.901734649934326 ], [ 36.885721404619289, 60.902144964718502 ], [ 36.884515652075834, 60.90254117363645 ], [ 36.88343539992394, 60.90295587531358 ], [ 36.882774560098028, 60.903278094308746 ], [ 36.882386036786329, 60.903528592370833 ], [ 36.882523165411897, 60.903794083030675 ], [ 36.880159730887044, 60.905241808962501 ], [ 36.879630735270382, 60.905368475774708 ], [ 36.878912560066738, 60.90524945769647 ], [ 36.8785726019442, 60.905060554201384 ], [ 36.878456085779874, 60.903641837700832 ], [ 36.87939787561163, 60.90363963166385 ], [ 36.879995175637021, 60.903565157905859 ], [ 36.880797305251576, 60.903377896572863 ], [ 36.881130948334771, 60.903150116285019 ], [ 36.881148216217355, 60.902613826267213 ], [ 36.881968147911834, 60.902390209840462 ], [ 36.882876857980762, 60.902315961812349 ], [ 36.883765176821612, 60.902216869113374 ], [ 36.884226580292591, 60.901982429345821 ], [ 36.884234792002189, 60.901662901122165 ], [ 36.883806164323175, 60.900930243236303 ], [ 36.8838834061944, 60.900754540889523 ], [ 36.88469727106235, 60.900197698665011 ], [ 36.885337803297148, 60.899554787723446 ], [ 36.884695562350487, 60.899305708791587 ], [ 36.884352167019074, 60.899157334143808 ], [ 36.88330761255645, 60.899537304003559 ], [ 36.883107236410012, 60.899738369030672 ], [ 36.882161673022949, 60.900385184828565 ], [ 36.882004646897087, 60.900742356874446 ], [ 36.881971203808178, 60.900850664926395 ], [ 36.881964896862655, 60.900960142097063 ], [ 36.881986028232802, 60.901069166908712 ], [ 36.882034345209036, 60.901176127776239 ], [ 36.882201209918094, 60.901461250636373 ], [ 36.881347433137705, 60.901531001154922 ], [ 36.880261865093189, 60.901827069663682 ], [ 36.880059616558242, 60.901891090601509 ], [ 36.879876124283896, 60.901967401674426 ], [ 36.879714651909808, 60.902054804985426 ], [ 36.879578080863894, 60.902151654775196 ], [ 36.879469092025147, 60.902255951850861 ], [ 36.879388919263363, 60.902366337336787 ], [ 36.879338931346751, 60.902480284137994 ], [ 36.879306136669015, 60.902595586217501 ], [ 36.879301951224249, 60.902725236980245 ], [ 36.879161522986067, 60.902742780055405 ], [ 36.878418766612981, 60.902744636256102 ], [ 36.878060099893844, 60.902765407897448 ], [ 36.877716655099732, 60.902819867243238 ], [ 36.877401609996468, 60.902905908980699 ], [ 36.877127175578835, 60.903020272168021 ], [ 36.876903670668014, 60.90315845659768 ], [ 36.876739907720719, 60.903315260591 ], [ 36.8766420848645, 60.903484609227519 ], [ 36.876613620422404, 60.903660005804795 ], [ 36.876731525139917, 60.90509639128561 ], [ 36.876770424415724, 60.905247517858811 ], [ 36.876861255942401, 60.905393286271305 ], [ 36.877001444960854, 60.905529322220616 ], [ 36.877186972401034, 60.905652076082617 ], [ 36.877526927825613, 60.905840984074302 ], [ 36.877697166790995, 60.905923945633731 ], [ 36.877888115344433, 60.905995214207962 ], [ 36.878096606073655, 60.906054012782647 ], [ 36.878318901396369, 60.906099031944962 ], [ 36.879037092787769, 60.906218052721101 ], [ 36.87938874659352, 60.906258113921012 ], [ 36.879749481753322, 60.906263975702075 ], [ 36.880105654652425, 60.906235504964741 ], [ 36.880443672037984, 60.906173823163556 ], [ 36.88097267844654, 60.90604715275407 ], [ 36.881150158752973, 60.905998546196145 ], [ 36.881315461339625, 60.905940723385868 ], [ 36.881466765978644, 60.905874332734413 ], [ 36.881601902605894, 60.905800293349046 ] ] ], [ [ [ 36.809588634008435, 60.92354054396111 ], [ 36.810830992556419, 60.923528382429083 ], [ 36.811704738782851, 60.923520828123912 ], [ 36.812582095787263, 60.923511350168837 ], [ 36.812950746779734, 60.92350771510911 ], [ 36.812939542126344, 60.923238553416695 ], [ 36.813815454819576, 60.92323006831316 ], [ 36.814691364814792, 60.923221486982186 ], [ 36.817195777962922, 60.923196960671362 ], [ 36.818071685260236, 60.923188357756658 ], [ 36.818940034655043, 60.923179821391784 ], [ 36.819316238154045, 60.923176096399914 ], [ 36.820192328913038, 60.923167478196717 ], [ 36.82106860313371, 60.923158852798963 ], [ 36.821344905443198, 60.923156154832839 ], [ 36.822220809143175, 60.923147524938486 ], [ 36.823096529381473, 60.923138892346174 ], [ 36.823373570933711, 60.923136272621036 ], [ 36.824119377807222, 60.923134426312913 ], [ 36.826737652320958, 60.923098501994446 ], [ 36.826742789248499, 60.922871999643235 ], [ 36.826751524363544, 60.922491172729622 ], [ 36.826750718570963, 60.922434185389534 ], [ 36.826694072973282, 60.922557688386803 ], [ 36.826454686934426, 60.922681036700624 ], [ 36.826076076849631, 60.92277662474163 ], [ 36.825415916911197, 60.922858901017662 ], [ 36.824904232344636, 60.922863744766175 ], [ 36.824024200756412, 60.922824232152777 ], [ 36.822771389388265, 60.922813996968557 ], [ 36.821420388240483, 60.922810691060704 ], [ 36.819740570670945, 60.922773851232421 ], [ 36.819259660904777, 60.923005376297226 ], [ 36.81910056723757, 60.92302024928523 ], [ 36.818712007952968, 60.923023908626647 ], [ 36.818199765806696, 60.923028732590126 ], [ 36.817864261126942, 60.923012505223085 ], [ 36.81736446829575, 60.923033633895272 ], [ 36.817218715171748, 60.922999102626648 ], [ 36.817299171219929, 60.922935606892906 ], [ 36.816901696955938, 60.922598543688025 ], [ 36.816109657734671, 60.922605991873183 ], [ 36.81636924344599, 60.922749045232422 ], [ 36.812557332055405, 60.922806193551139 ], [ 36.811870852557945, 60.922834616624414 ], [ 36.81187855165399, 60.923029313552149 ], [ 36.811483173709689, 60.923135697954251 ], [ 36.811215035445684, 60.92312097605236 ], [ 36.810829687640137, 60.923112647430912 ], [ 36.810455054357419, 60.923132758070494 ], [ 36.810094007132875, 60.923151394721231 ], [ 36.809932559939853, 60.923176869816871 ], [ 36.809714791804367, 60.923158262843742 ], [ 36.809436645884659, 60.923072186032755 ], [ 36.809265170351523, 60.923053773313143 ], [ 36.808752958782179, 60.923096796879861 ], [ 36.80835198795404, 60.923141112772328 ], [ 36.807847104960103, 60.923182987904738 ], [ 36.807542447925812, 60.923177395920277 ], [ 36.807380424267308, 60.923178908579928 ], [ 36.807460196830789, 60.923022707132418 ], [ 36.807291487612247, 60.922896650060522 ], [ 36.806711483348465, 60.922950621074449 ], [ 36.806764505577632, 60.923000029827676 ], [ 36.806895810193623, 60.923056607076944 ], [ 36.807149454983517, 60.923143457304889 ], [ 36.807100904183528, 60.923226306449067 ], [ 36.806723602612351, 60.923249034115827 ], [ 36.806236423672203, 60.923253579289394 ], [ 36.806017899206836, 60.923239102003151 ], [ 36.805662241619302, 60.923258932953559 ], [ 36.805145520849294, 60.923281252328081 ], [ 36.805078039320222, 60.923323616691732 ], [ 36.805029430064337, 60.923475487004282 ], [ 36.80487194258626, 60.92353143562741 ], [ 36.803907159787741, 60.923540420753966 ], [ 36.80331362522378, 60.923470999387291 ], [ 36.803413118121057, 60.923600398339886 ], [ 36.804111353556266, 60.923593719075029 ], [ 36.808715291577585, 60.92354897780325 ], [ 36.809588634008435, 60.92354054396111 ] ] ], [ [ [ 36.826750284198397, 60.92238643858343 ], [ 36.826749068314996, 60.922273088932059 ], [ 36.826087779727402, 60.922285370073951 ], [ 36.82400165115547, 60.922324057109734 ], [ 36.82502220091402, 60.922331902795236 ], [ 36.825595439578024, 60.922326475386683 ], [ 36.825823795431972, 60.922305372794881 ], [ 36.826147851742121, 60.922316663783192 ], [ 36.826447005824832, 60.922313829120071 ], [ 36.826750284198397, 60.92238643858343 ] ] ], [ [ [ 36.808273529300095, 60.922596313369354 ], [ 36.80861703165084, 60.922581793814913 ], [ 36.809083239300207, 60.922597451911031 ], [ 36.809790651417586, 60.922571539744922 ], [ 36.810189498946386, 60.922576424862314 ], [ 36.810404155427591, 60.922586354276973 ], [ 36.810590878066762, 60.922575361863608 ], [ 36.811422310291562, 60.922575566009755 ], [ 36.812491757089106, 60.922518961780838 ], [ 36.813219885989099, 60.922532061305731 ], [ 36.813679378400764, 60.922517788165578 ], [ 36.813806717905891, 60.922529876852479 ], [ 36.814311267251355, 60.922512575695009 ], [ 36.814650497822356, 60.922529945201006 ], [ 36.814998028236573, 60.922514743960448 ], [ 36.815269785372436, 60.922467312816423 ], [ 36.814313787151718, 60.922483112106136 ], [ 36.813178760891276, 60.922499326882587 ], [ 36.811348555091911, 60.922524287565977 ], [ 36.809476752050614, 60.92254656107508 ], [ 36.807637151933193, 60.922576585840943 ], [ 36.807133490218575, 60.922583712068842 ], [ 36.80743873001353, 60.922580862117286 ], [ 36.807635403651147, 60.922579025701623 ], [ 36.808074273708939, 60.92259817406665 ], [ 36.808273529300095, 60.922596313369354 ] ] ], [ [ [ 36.804812070221033, 60.922646556693394 ], [ 36.805474563900191, 60.922622432379512 ], [ 36.805836811719644, 60.922634403255302 ], [ 36.806257436331805, 60.922639725443162 ], [ 36.806842119768191, 60.922611023580032 ], [ 36.807043557114639, 60.922584999897992 ], [ 36.805510821867074, 60.922606655572849 ], [ 36.802688707018376, 60.922644331770641 ], [ 36.802141495633691, 60.922650677387026 ], [ 36.802324702822943, 60.922813136317359 ], [ 36.802339768265881, 60.922839922624519 ], [ 36.802813394422799, 60.922833184004389 ], [ 36.802755074287404, 60.922728534394537 ], [ 36.802673118170048, 60.922655876367742 ], [ 36.804812070221033, 60.922646556693394 ] ] ], [ [ [ 36.79945169174232, 60.921753868946041 ], [ 36.799371420954458, 60.921625096820947 ], [ 36.798531258111211, 60.921697959893095 ], [ 36.797870474942613, 60.921652295017566 ], [ 36.797916254032089, 60.920818941840878 ], [ 36.798278571099331, 60.920687145295688 ], [ 36.798661136402472, 60.920672379327016 ], [ 36.799347622195171, 60.920767525800841 ], [ 36.7998765602552, 60.920629691207466 ], [ 36.800718776250676, 60.920737027991606 ], [ 36.800957753997295, 60.920709318080753 ], [ 36.801006847987821, 60.920353072336582 ], [ 36.802036131062778, 60.920054315754214 ], [ 36.801741178612644, 60.920525760155897 ], [ 36.802298216889369, 60.920629814414553 ], [ 36.802834034763066, 60.920606521074262 ], [ 36.803140092941078, 60.920338535695009 ], [ 36.803646228690695, 60.920324849812118 ], [ 36.803304906296546, 60.920596215742933 ], [ 36.802684126771226, 60.920737881448247 ], [ 36.802696844983586, 60.920817645018474 ], [ 36.80221599727065, 60.921048390371084 ], [ 36.802285472596623, 60.921155540096265 ], [ 36.802560705612223, 60.921224695263618 ], [ 36.802915710291984, 60.9211934788961 ], [ 36.803400199359885, 60.920980380040703 ], [ 36.803972354340829, 60.920647626386994 ], [ 36.804170161124205, 60.920632679654602 ], [ 36.804120844101817, 60.920541319326617 ], [ 36.803979271026719, 60.920279294653881 ], [ 36.803837698850884, 60.920017270880521 ], [ 36.803604239344338, 60.919584400200051 ], [ 36.803531064207391, 60.919448831898251 ], [ 36.802455625227083, 60.919679365910156 ], [ 36.802040213984867, 60.919923414034486 ], [ 36.801444473383924, 60.920078035373194 ], [ 36.800468352832411, 60.920345597171718 ], [ 36.800289503757767, 60.920378491674228 ], [ 36.799345156254105, 60.920351263799944 ], [ 36.798924661144383, 60.920386128717041 ], [ 36.79699593371555, 60.920788782176714 ], [ 36.796994680060607, 60.920827478205752 ], [ 36.79741607179443, 60.922466455762503 ], [ 36.797884151832307, 60.92227085231815 ], [ 36.799040331945946, 60.922065007394337 ], [ 36.799457787347194, 60.921947234877166 ], [ 36.79945169174232, 60.921753868946041 ] ] ] ] } },
{ "type": "Feature", "properties": { "nid": 10628.0, "title": "Озеро Дмитворово", "sig": "regional", "start_date": "1978-08-16", "created_at": "2024-10-10", "updated_at": "2026-06-24", "area": 193.24, "subj_title": "Вологодская область", "federal_ti": "Северо-Западный федеральный округ", "agency_tit": "Департамент сельского хозяйства и продовольственных ресурсов Вологодской области", "management": null, "category_t": "памятник природы", "status_tit": "действующий" }, "geometry": { "type": "MultiPolygon", "coordinates": [ [ [ [ 36.992729768064521, 59.922888451141255 ], [ 36.996111578686559, 59.921871532845152 ], [ 36.998019126181866, 59.920752615241142 ], [ 36.999568744402211, 59.919265786786809 ], [ 37.00048614462002, 59.917671951599445 ], [ 37.000666937129608, 59.916306099047397 ], [ 37.000235408237643, 59.914805299625073 ], [ 36.999084699599386, 59.912997988766342 ], [ 36.99901581962456, 59.912907134756601 ], [ 36.99892779218402, 59.912820544432741 ], [ 36.998821638008337, 59.912739305974341 ], [ 36.998698569383635, 59.912664243160464 ], [ 36.99856015382818, 59.912596270601568 ], [ 36.998407778096627, 59.912536302908208 ], [ 36.99824338382529, 59.912484902156663 ], [ 36.998068904556476, 59.91244271855679 ], [ 36.997745800628365, 59.912375174974507 ], [ 36.996129306122725, 59.910781398243103 ], [ 36.993941680064665, 59.90978306533632 ], [ 36.991300573562796, 59.909069303106044 ], [ 36.987298046367926, 59.908340159770702 ], [ 36.983705156767705, 59.907949543736606 ], [ 36.980944846027967, 59.907856562830254 ], [ 36.979521391898857, 59.907865913081586 ], [ 36.977706033007166, 59.907956487402124 ], [ 36.97451104215105, 59.908455185758385 ], [ 36.97221000438833, 59.909158874682468 ], [ 36.970148614367247, 59.910422361003313 ], [ 36.968413171930479, 59.912323897430092 ], [ 36.967864371443738, 59.914092247859124 ], [ 36.968339914955266, 59.916042388145861 ], [ 36.970106909206656, 59.918397003019429 ], [ 36.97154576332651, 59.919635265155534 ], [ 36.97297443802006, 59.920521291624489 ], [ 36.976258363732654, 59.921805707867279 ], [ 36.979387688790951, 59.922461842440264 ], [ 36.984090457808527, 59.922966656186404 ], [ 36.988180194960194, 59.923253699099128 ], [ 36.992729768064521, 59.922888451141255 ] ], [ [ 36.984401446070024, 59.922082301557118 ], [ 36.979923687428418, 59.921601633708583 ], [ 36.977168209645299, 59.921023857065506 ], [ 36.974234908914063, 59.91987661081707 ], [ 36.973021092149843, 59.919123790130982 ], [ 36.971726670949295, 59.918009905133196 ], [ 36.970088038732165, 59.915826525673758 ], [ 36.969668647989856, 59.914107069585782 ], [ 36.970140938653572, 59.912584853708204 ], [ 36.971677157874694, 59.910901578245387 ], [ 36.973399389270583, 59.909845970215542 ], [ 36.975252071825821, 59.909279375742756 ], [ 36.978063198757809, 59.908840538959858 ], [ 36.979621489140584, 59.908762787173039 ], [ 36.980896567722588, 59.908754452256339 ], [ 36.983454926703644, 59.908840635187346 ], [ 36.986802124218791, 59.909204553047843 ], [ 36.990568655818997, 59.909890698896788 ], [ 36.992901945968178, 59.910521299018896 ], [ 36.994685270109301, 59.911335151296392 ], [ 36.996451772431499, 59.913076865605028 ], [ 36.997382330630217, 59.913271328709001 ], [ 36.998487648686194, 59.915007469918983 ], [ 36.998870955030725, 59.916340817374994 ], [ 36.998715446960489, 59.917515835587501 ], [ 36.997901495757617, 59.918929713735444 ], [ 36.996529113228171, 59.920246335600091 ], [ 36.994942940264643, 59.921176817356404 ], [ 36.992106944380168, 59.922029585097455 ], [ 36.988162408168762, 59.922346230094611 ], [ 36.984401446070024, 59.922082301557118 ] ] ] ] } },
{ "type": "Feature", "properties": { "nid": 10626.0, "title": "Васькин бор", "sig": "regional", "start_date": "1978-08-16", "created_at": "2024-10-10", "updated_at": "2026-06-24", "area": 388.12, "subj_title": "Вологодская область", "federal_ti": "Северо-Западный федеральный округ", "agency_tit": "Министерство природных ресурсов и экологии Вологодской области", "management": null, "category_t": "памятник природы", "status_tit": "действующий" }, "geometry": { "type": "MultiPolygon", "coordinates": [ [ [ [ 37.77076236229334, 59.795769322196634 ], [ 37.771473957157582, 59.795486831652106 ], [ 37.771824094706339, 59.795488904589433 ], [ 37.772353551675216, 59.795431894766281 ], [ 37.772567627194405, 59.79520345617469 ], [ 37.772945925214451, 59.794997979073614 ], [ 37.773725058264965, 59.794881220092407 ], [ 37.774397320380217, 59.794771905699058 ], [ 37.774888201829242, 59.794749306635367 ], [ 37.775509139635226, 59.79467155035195 ], [ 37.775945055420145, 59.79453821506673 ], [ 37.776290985041101, 59.794344745713587 ], [ 37.777112557098974, 59.794178577979153 ], [ 37.778206847668052, 59.793987704968799 ], [ 37.77949610855871, 59.793976593844896 ], [ 37.780949222328893, 59.793772541269952 ], [ 37.781855210150006, 59.793527665769311 ], [ 37.782736227395162, 59.793345741912603 ], [ 37.784226170201741, 59.793040344736305 ], [ 37.784812492202938, 59.792931912577899 ], [ 37.785031237901478, 59.792868376374642 ], [ 37.785083796080464, 59.792766530850876 ], [ 37.785068715349098, 59.792608459712824 ], [ 37.784650600744783, 59.791540175738703 ], [ 37.784704792092661, 59.791001731844624 ], [ 37.78517905227158, 59.790177770288039 ], [ 37.785317185439908, 59.790001738789371 ], [ 37.785349826333565, 59.78993729876747 ], [ 37.785469382206365, 59.789911514305103 ], [ 37.785716668789398, 59.789907297384033 ], [ 37.786076826584463, 59.789787940261419 ], [ 37.787079597645452, 59.789252397580242 ], [ 37.787293162349719, 59.789188379340445 ], [ 37.787554590771883, 59.789188549312243 ], [ 37.787783384595684, 59.789136018112906 ], [ 37.787935495027227, 59.788963207086503 ], [ 37.788088615397442, 59.788917865966937 ], [ 37.788153836930178, 59.78885352487044 ], [ 37.788155578916985, 59.788792764874344 ], [ 37.788110246790609, 59.788711176579675 ], [ 37.78820822163226, 59.788553761047396 ], [ 37.788491538653773, 59.788366899013333 ], [ 37.788617223406277, 59.788040617780439 ], [ 37.789000402946385, 59.787120337933409 ], [ 37.788928392431558, 59.786826304590463 ], [ 37.788351308266435, 59.786511394385514 ], [ 37.788052343940706, 59.786299704767721 ], [ 37.78773012584481, 59.786241016809633 ], [ 37.787076328609828, 59.786307599016645 ], [ 37.786347342655915, 59.78616557987776 ], [ 37.78559485022231, 59.785883837569209 ], [ 37.785151429594976, 59.785534951876677 ], [ 37.784413023242621, 59.785004729584777 ], [ 37.783811970346335, 59.784612373362492 ], [ 37.782995365244055, 59.783992192785661 ], [ 37.782577777642473, 59.783334841429962 ], [ 37.782616304598946, 59.782703938236352 ], [ 37.782798814813638, 59.782618381233462 ], [ 37.783026857703476, 59.782441801148359 ], [ 37.783029559266936, 59.782176744861019 ], [ 37.782730474432014, 59.78204322611419 ], [ 37.78242596398723, 59.781998721364062 ], [ 37.78118922530269, 59.781774716430157 ], [ 37.781515625246065, 59.782044030108061 ], [ 37.78164418423188, 59.782198546226077 ], [ 37.781260946235811, 59.782875098107453 ], [ 37.781203617153373, 59.783223135739327 ], [ 37.781319886004098, 59.783385749353045 ], [ 37.78156819061968, 59.783900379199267 ], [ 37.781484496112789, 59.784171603936549 ], [ 37.781808628865285, 59.785090523109311 ], [ 37.782242996017594, 59.785413156692009 ], [ 37.783153945398453, 59.785546924551106 ], [ 37.783573643708856, 59.785741286031673 ], [ 37.784015289973809, 59.786128138403065 ], [ 37.785046104594244, 59.786643098300495 ], [ 37.785668216914864, 59.786880011203721 ], [ 37.786312259203555, 59.786898026422925 ], [ 37.78694097884329, 59.786768288425932 ], [ 37.787413596860169, 59.787103333552167 ], [ 37.786713804698472, 59.788301565964673 ], [ 37.786063999554067, 59.788682338019655 ], [ 37.78544818878305, 59.788837730077375 ], [ 37.784808849948604, 59.789102583117881 ], [ 37.78352161702918, 59.789864090355636 ], [ 37.782892788571466, 59.791530920815482 ], [ 37.783128755387899, 59.792074648226617 ], [ 37.784215560899547, 59.792353323847017 ], [ 37.784110558755451, 59.792489690746777 ], [ 37.782496498714629, 59.792965630859321 ], [ 37.779999873695374, 59.793471753119086 ], [ 37.778246573420802, 59.793524938125579 ], [ 37.777333275010783, 59.793622713317745 ], [ 37.773916416909287, 59.79420409714151 ], [ 37.772226135727742, 59.794256586072777 ], [ 37.771523927987062, 59.794535096217885 ], [ 37.770835061688892, 59.794852011011635 ], [ 37.770017380098182, 59.795009725118867 ], [ 37.769289312352043, 59.795250100411963 ], [ 37.768910934292357, 59.795267511286795 ], [ 37.768279949260425, 59.795255863267641 ], [ 37.767801220350172, 59.795306604816098 ], [ 37.767324693879686, 59.795498915842458 ], [ 37.766645283952869, 59.795622783065141 ], [ 37.765445166561328, 59.795543997957282 ], [ 37.763820036765424, 59.795322360039037 ], [ 37.763260042417187, 59.795049450871588 ], [ 37.762554543157819, 59.794745955761421 ], [ 37.762200801126255, 59.794730911902199 ], [ 37.761372842982496, 59.794258550192133 ], [ 37.760122939122475, 59.793463282404723 ], [ 37.759970067864515, 59.793375112871317 ], [ 37.759920497233338, 59.793618434343429 ], [ 37.7607526291307, 59.794319638440754 ], [ 37.761864011315254, 59.794888134080288 ], [ 37.762605668716787, 59.795032788232717 ], [ 37.762588469182667, 59.795150364697747 ], [ 37.76261269332133, 59.795263701758572 ], [ 37.762712899380972, 59.79537273556349 ], [ 37.762846507160752, 59.795470212180703 ], [ 37.763056724588346, 59.795521648005838 ], [ 37.763285784611405, 59.795552101748285 ], [ 37.764172957715971, 59.795887377100932 ], [ 37.764682355306604, 59.796161595681255 ], [ 37.765262858694143, 59.796283100384926 ], [ 37.766004381197369, 59.796314092821305 ], [ 37.766381384193657, 59.796340665989121 ], [ 37.766755277334376, 59.796423950405128 ], [ 37.767094318148452, 59.796481891026644 ], [ 37.767793240665689, 59.79646863591897 ], [ 37.768450270963392, 59.796327394693655 ], [ 37.769143284934842, 59.796155305822872 ], [ 37.769363113417114, 59.796024837576326 ], [ 37.769663549033737, 59.795966389737259 ], [ 37.770082431659034, 59.795953884664186 ], [ 37.77076236229334, 59.795769322196634 ] ] ], [ [ [ 37.757776232887011, 59.79043364269863 ], [ 37.757568996711989, 59.79010807822538 ], [ 37.757318256732333, 59.790182507017285 ], [ 37.757151197769694, 59.790302859689412 ], [ 37.757100063217543, 59.790446352817078 ], [ 37.75714137537431, 59.790551625657152 ], [ 37.757278671273802, 59.790664837712249 ], [ 37.757505253664704, 59.790760545363071 ], [ 37.759627952268374, 59.791755425772457 ], [ 37.757776232887011, 59.79043364269863 ] ] ] ] } },
{ "type": "Feature", "properties": { "nid": 32140.0, "title": "Девятинский перекоп", "sig": "regional", "start_date": "1983-10-31", "created_at": "2024-10-10", "updated_at": "2026-06-24", "area": 36.67, "subj_title": "Вологодская область", "federal_ti": "Северо-Западный федеральный округ", "agency_tit": null, "management": null, "category_t": "памятник природы", "status_tit": "действующий" }, "geometry": { "type": "MultiPolygon", "coordinates": [ [ [ [ 36.794507535694372, 60.920023029239594 ], [ 36.795336713318818, 60.92001446679437 ], [ 36.795833848653324, 60.920020639740933 ], [ 36.796094661039945, 60.920028009685026 ], [ 36.796982317080442, 60.919968364848323 ], [ 36.797577530678659, 60.919828040032201 ], [ 36.798119901912116, 60.919689727898785 ], [ 36.798673524563696, 60.919617639142906 ], [ 36.799637054606535, 60.919461952107554 ], [ 36.800292118986249, 60.91933919105098 ], [ 36.800922103072764, 60.919235238415681 ], [ 36.801029415575215, 60.919207225433297 ], [ 36.801112149606176, 60.919163643387613 ], [ 36.801161091611277, 60.919109335127864 ], [ 36.801171129843908, 60.919050273051816 ], [ 36.801122461232751, 60.918768174611728 ], [ 36.801763593315343, 60.918361190017087 ], [ 36.802353963165039, 60.918103399352553 ], [ 36.80275894227151, 60.918054575158692 ], [ 36.803928010569393, 60.91813452758656 ], [ 36.804820271138794, 60.91816552991542 ], [ 36.805581316125036, 60.918132228020042 ], [ 36.806923247609973, 60.91776059937235 ], [ 36.808356016916832, 60.917365039764938 ], [ 36.81133115231097, 60.916779376966808 ], [ 36.811460714040891, 60.916736337212328 ], [ 36.811541831990091, 60.916671042834537 ], [ 36.811559851705965, 60.91659521110028 ], [ 36.811511445696851, 60.916522603435574 ], [ 36.810993280615548, 60.916090167127649 ], [ 36.810674783914294, 60.916180569677685 ], [ 36.811192946297581, 60.916613007784235 ], [ 36.808195323355669, 60.917203097045451 ], [ 36.805468596898379, 60.91795699961601 ], [ 36.804816880694652, 60.917985511722165 ], [ 36.80396690085194, 60.917955911436309 ], [ 36.802739607746844, 60.91787201278332 ], [ 36.802176273316547, 60.917939900805955 ], [ 36.801492009748642, 60.918238685267283 ], [ 36.800743117301181, 60.918713985961851 ], [ 36.800803711822027, 60.919065263850996 ], [ 36.800166585319801, 60.919170358625315 ], [ 36.799512622609605, 60.919292930824263 ], [ 36.798567787673441, 60.919445660888698 ], [ 36.79798518436894, 60.91952151870327 ], [ 36.797411596767915, 60.91966774756866 ], [ 36.796874115148455, 60.919794434165972 ], [ 36.796070504350439, 60.919848453743313 ], [ 36.794506806344195, 60.919843524559155 ], [ 36.793565756654516, 60.919848358415152 ], [ 36.792650432971243, 60.919865154153676 ], [ 36.792680880418459, 60.919401736201337 ], [ 36.791944287998668, 60.919263755018456 ], [ 36.791171802736699, 60.918951707355582 ], [ 36.790567462818331, 60.918525462879977 ], [ 36.790176299097084, 60.918114307229651 ], [ 36.790061982674501, 60.917762890844926 ], [ 36.790135672223634, 60.917448248637918 ], [ 36.791053950179844, 60.916902245942083 ], [ 36.791167896081731, 60.916741341040208 ], [ 36.79099285563592, 60.916563713244948 ], [ 36.790522655896041, 60.916423809311532 ], [ 36.789435475367036, 60.916394415869782 ], [ 36.788471823915692, 60.916403282285835 ], [ 36.78747546861814, 60.916353202638341 ], [ 36.786595205004858, 60.916158889721139 ], [ 36.786035842879983, 60.915862896755456 ], [ 36.785047192973764, 60.915225191989173 ], [ 36.784453020790465, 60.914991173104326 ], [ 36.783842193162847, 60.914888796081229 ], [ 36.782803712721318, 60.914839606762584 ], [ 36.780873567960953, 60.91494854344068 ], [ 36.779998902627426, 60.915064958880905 ], [ 36.778347553097255, 60.915410778784562 ], [ 36.775710009709364, 60.916355157764485 ], [ 36.775589399831112, 60.916598954078609 ], [ 36.778532034625869, 60.915567514429419 ], [ 36.78012084709956, 60.915234739192051 ], [ 36.780943796918848, 60.915125256625444 ], [ 36.782807178708481, 60.915020071918939 ], [ 36.783763294740424, 60.915065349186705 ], [ 36.78427170487543, 60.91515062470171 ], [ 36.784780140191458, 60.915350874943087 ], [ 36.785752338799576, 60.915977962313256 ], [ 36.786374750594405, 60.916307304838412 ], [ 36.787377929947688, 60.916528761992929 ], [ 36.788456303415842, 60.916582935354363 ], [ 36.789428805095433, 60.9165739879993 ], [ 36.790409505894168, 60.916600501811907 ], [ 36.790707557408034, 60.916689217233731 ], [ 36.790770118746138, 60.916752545693605 ], [ 36.790726945892004, 60.91681334885714 ], [ 36.789819943635678, 60.917355477273631 ], [ 36.789796131386538, 60.917378403690506 ], [ 36.789779007395445, 60.91740270607022 ], [ 36.789690092324065, 60.917766853257824 ], [ 36.789820126198038, 60.918167040776495 ], [ 36.790246076595338, 60.9186147682571 ], [ 36.790897238816683, 60.919074060119968 ], [ 36.791755512207317, 60.919420683118162 ], [ 36.792303964656412, 60.919523420769394 ], [ 36.792282011305929, 60.919859397593306 ], [ 36.792307861418855, 60.91993141170547 ], [ 36.792390438068416, 60.919992401927963 ], [ 36.792489939958955, 60.920023975326373 ], [ 36.792591460827396, 60.920045836945967 ], [ 36.793574591594279, 60.920027786653186 ], [ 36.794507535694372, 60.920023029239594 ] ] ], [ [ [ 36.787176748008676, 60.914063509823272 ], [ 36.786075231386974, 60.913637864296149 ], [ 36.785893003559408, 60.913582901330003 ], [ 36.785689692025812, 60.913549942076315 ], [ 36.78460226508264, 60.913440002654177 ], [ 36.781898815777879, 60.91337931460383 ], [ 36.779478247323418, 60.913684882651403 ], [ 36.778643232199556, 60.913729123900097 ], [ 36.778680253690936, 60.914178549300786 ], [ 36.779644604814848, 60.914127382372932 ], [ 36.781995312134086, 60.91383061778896 ], [ 36.784486626656644, 60.913886607780896 ], [ 36.785502264318211, 60.913989307660586 ], [ 36.786741899719061, 60.914468351333547 ], [ 36.794219632130471, 60.915565301197887 ], [ 36.801563093062441, 60.917032877865196 ], [ 36.802912515900061, 60.917279544815308 ], [ 36.803974170971394, 60.917408873620772 ], [ 36.804710231891868, 60.917420508150073 ], [ 36.8054590757759, 60.917316503354122 ], [ 36.805580550801942, 60.917287905812366 ], [ 36.801900128388361, 60.916615165257845 ], [ 36.79452832172484, 60.915141945344665 ], [ 36.787176748008676, 60.914063509823272 ] ] ] ] } },
{ "type": "Feature", "properties": { "nid": 43224.0, "title": "Озеро Черное", "sig": "regional", "start_date": "1991-11-26", "created_at": "2024-10-10", "updated_at": "2026-06-24", "area": 307.09, "subj_title": "Вологодская область", "federal_ti": "Северо-Западный федеральный округ", "agency_tit": "Департамент природных ресурсов и охраны окружающей среды Вологодской области", "management": null, "category_t": "памятник природы", "status_tit": "действующий" }, "geometry": { "type": "MultiPolygon", "coordinates": [ [ [ [ 36.310929372192959, 60.309266565000144 ], [ 36.313000385859311, 60.309000596800274 ], [ 36.315057225310852, 60.308477885646084 ], [ 36.316684291347144, 60.307790314371687 ], [ 36.31833622723525, 60.30679336821953 ], [ 36.319142061157379, 60.305920764132111 ], [ 36.319574519948276, 60.305295172334525 ], [ 36.319872828668281, 60.304603935423472 ], [ 36.321307759945341, 60.301094035261713 ], [ 36.321729720050712, 60.300180915816782 ], [ 36.321831094329696, 60.299632364442232 ], [ 36.321985603253154, 60.299373955044132 ], [ 36.322179981820852, 60.299004106154769 ], [ 36.322412072559246, 60.298899087822804 ], [ 36.322475095249615, 60.298619040736298 ], [ 36.322757184696457, 60.298494793999737 ], [ 36.323280993023559, 60.298413211100979 ], [ 36.323540487903358, 60.298128877845613 ], [ 36.324163588578926, 60.297665426618323 ], [ 36.32433429878904, 60.297588589442 ], [ 36.324445145627124, 60.297534538388391 ], [ 36.324414619938921, 60.29747493761846 ], [ 36.32428333600734, 60.297444735686156 ], [ 36.324161128033779, 60.29729358033461 ], [ 36.324086557149087, 60.297046105793299 ], [ 36.324090008747078, 60.296924376259142 ], [ 36.323981527125966, 60.296825915783529 ], [ 36.324009879152754, 60.29670179675071 ], [ 36.324204428591656, 60.296600855045597 ], [ 36.324322282947151, 60.296491473203105 ], [ 36.32425116096249, 60.296343968199722 ], [ 36.324211800334467, 60.2962624293678 ], [ 36.324311199702265, 60.296206290987698 ], [ 36.324408843593403, 60.296152407208012 ], [ 36.324395638847818, 60.296106349328738 ], [ 36.32471129638941, 60.296049218996416 ], [ 36.325090051265022, 60.296151936862543 ], [ 36.32529116935217, 60.296206503227722 ], [ 36.325503480401437, 60.296183903264705 ], [ 36.325673823688192, 60.296137850781349 ], [ 36.325864710188398, 60.296172640155362 ], [ 36.325851625951941, 60.296231058316835 ], [ 36.325922041069532, 60.296256856269054 ], [ 36.326018879168089, 60.296230081653107 ], [ 36.326040067195493, 60.296162640593536 ], [ 36.326181262555394, 60.296138119678631 ], [ 36.326225440851601, 60.295819944035372 ], [ 36.325998421390182, 60.295740667897689 ], [ 36.32553111297068, 60.295792940991589 ], [ 36.325238463684343, 60.295828754693446 ], [ 36.324979869025924, 60.295721836993323 ], [ 36.324823379795305, 60.295443875434671 ], [ 36.324427779718405, 60.295094872830305 ], [ 36.324595766781385, 60.294796440003893 ], [ 36.325021127223408, 60.294561491220009 ], [ 36.325030158215384, 60.294415853209216 ], [ 36.325303421715716, 60.294195701870308 ], [ 36.325257156992393, 60.294105138341649 ], [ 36.325038332153497, 60.294027696820933 ], [ 36.32448659987682, 60.293911715753268 ], [ 36.323628821113346, 60.293860612677292 ], [ 36.323254927972698, 60.293755708559274 ], [ 36.322792755581361, 60.293626094668696 ], [ 36.320908991556905, 60.293498178698144 ], [ 36.31975650226093, 60.293501536766655 ], [ 36.319400527212736, 60.298045732824505 ], [ 36.319044910094703, 60.299967953658324 ], [ 36.318655928128749, 60.300809695711052 ], [ 36.317216788024496, 60.304329105304134 ], [ 36.316955487306075, 60.304934583764179 ], [ 36.316619389073708, 60.305420759060951 ], [ 36.316016565412326, 60.306073531068762 ], [ 36.314741515608603, 60.306842902877861 ], [ 36.313538648989606, 60.307351195201647 ], [ 36.312030186444133, 60.307734581585862 ], [ 36.310430177410922, 60.307940038901847 ], [ 36.308891306988414, 60.308028982751523 ], [ 36.301774438339805, 60.307787127174322 ], [ 36.299743850098764, 60.307614950169977 ], [ 36.29716419607098, 60.307258058712591 ], [ 36.287849453589558, 60.300103637073335 ], [ 36.286210743131448, 60.298553564695396 ], [ 36.285057945368067, 60.29702026467362 ], [ 36.28482464684015, 60.296350805745249 ], [ 36.284897053056739, 60.295467473645147 ], [ 36.285824898000783, 60.294195251309986 ], [ 36.287155447665953, 60.293409153909522 ], [ 36.288544483841008, 60.292934171574927 ], [ 36.290052780011933, 60.292617559852658 ], [ 36.291430753626571, 60.292511956961391 ], [ 36.292694525032459, 60.292425917022626 ], [ 36.293875124437591, 60.292173113098841 ], [ 36.294919690591428, 60.291417617828984 ], [ 36.297475844434814, 60.290039868145584 ], [ 36.301911689273197, 60.289464909977767 ], [ 36.305278488411659, 60.289187232604888 ], [ 36.306436842186656, 60.289123380739625 ], [ 36.308025867799699, 60.289153910924426 ], [ 36.309406294764869, 60.289373385073816 ], [ 36.312167481444305, 60.289948449361646 ], [ 36.314884175964096, 60.290712380272282 ], [ 36.316705250946711, 60.291460691757663 ], [ 36.316734737918011, 60.291345454429347 ], [ 36.31656138819767, 60.291285688184132 ], [ 36.316277894009772, 60.29117826776303 ], [ 36.315962854302427, 60.291012957082444 ], [ 36.315253651634862, 60.290367742077819 ], [ 36.315154669552498, 60.290255936562403 ], [ 36.31519626859307, 60.289993339021521 ], [ 36.315405028219629, 60.289580242634258 ], [ 36.314713912717082, 60.289212358763507 ], [ 36.313847396140602, 60.288873574256229 ], [ 36.313364396349982, 60.288737853968939 ], [ 36.310346222999954, 60.288109174798763 ], [ 36.308500580337693, 60.287815804256127 ], [ 36.306339158725336, 60.287774267268787 ], [ 36.304906398411731, 60.287853231341728 ], [ 36.30134574680892, 60.288146894164015 ], [ 36.296790913569964, 60.288737221745578 ], [ 36.296424397568046, 60.288798879265016 ], [ 36.29607942842307, 60.288885814928562 ], [ 36.295762833787933, 60.288996196817209 ], [ 36.295481071694269, 60.289127835081672 ], [ 36.292793437867033, 60.290576382094514 ], [ 36.292082048048258, 60.29109088963304 ], [ 36.29195968988796, 60.291117062602552 ], [ 36.291039520657534, 60.291179730060662 ], [ 36.289306379585923, 60.29131252665195 ], [ 36.287233596953115, 60.291747688804946 ], [ 36.285314889770518, 60.292403755029454 ], [ 36.283438603608829, 60.293512199128827 ], [ 36.28220399272027, 60.295204807755852 ], [ 36.282102833379213, 60.296439154243728 ], [ 36.282428259356834, 60.297373340307558 ], [ 36.283729141286983, 60.299103757332716 ], [ 36.28550413860529, 60.300782982249018 ], [ 36.294885214181477, 60.307988715606882 ], [ 36.295027855651199, 60.308088084397752 ], [ 36.295188072571648, 60.308180622837654 ], [ 36.295364398148649, 60.308265531429299 ], [ 36.295555734309858, 60.308342276874725 ], [ 36.295760071969937, 60.308410064173302 ], [ 36.29597595512638, 60.308468361825589 ], [ 36.296201744315226, 60.308516819995418 ], [ 36.296435436746151, 60.308554820848485 ], [ 36.299149302898172, 60.308930357949805 ], [ 36.301452224740558, 60.309125598068078 ], [ 36.308956113933675, 60.309380613424764 ], [ 36.310929372192959, 60.309266565000144 ] ] ] ] } },
{ "type": "Feature", "properties": { "nid": 43222.0, "title": "Озеро Кодозеро", "sig": "regional", "start_date": "1991-11-26", "created_at": "2024-10-10", "updated_at": "2026-06-24", "area": 233.31, "subj_title": "Вологодская область", "federal_ti": "Северо-Западный федеральный округ", "agency_tit": null, "management": null, "category_t": "памятник природы", "status_tit": "действующий" }, "geometry": { "type": "MultiPolygon", "coordinates": [ [ [ [ 35.662576837051581, 60.24783545973883 ], [ 35.662177467915967, 60.247317202926737 ], [ 35.66310988861062, 60.246479104926898 ], [ 35.663189144963212, 60.246057196982235 ], [ 35.663184372261128, 60.245981899445269 ], [ 35.664837008721122, 60.244233165028717 ], [ 35.664990659691334, 60.24402902342085 ], [ 35.665076029635202, 60.243815157443734 ], [ 35.665090793805234, 60.243597222933644 ], [ 35.665034792122121, 60.243380965659171 ], [ 35.664627604280668, 60.242428046717109 ], [ 35.664672884246379, 60.241900526887939 ], [ 35.664275001690157, 60.239980866423977 ], [ 35.664194647265333, 60.239766065151969 ], [ 35.664045367000256, 60.239560568265809 ], [ 35.663831333749215, 60.239369756409303 ], [ 35.663557983014698, 60.239198740429671 ], [ 35.660664013233763, 60.237661817938701 ], [ 35.660385780979198, 60.237533342589856 ], [ 35.660074045381059, 60.237425538158213 ], [ 35.659734950607628, 60.237340463191977 ], [ 35.659375362083438, 60.237279726578251 ], [ 35.657694317838661, 60.23706021465734 ], [ 35.657364903367743, 60.236951250999603 ], [ 35.657014605739612, 60.236858997644788 ], [ 35.656639486822996, 60.236793061151047 ], [ 35.656248937338781, 60.236755137639634 ], [ 35.653069691813016, 60.236565386983202 ], [ 35.651054506260607, 60.236132257297982 ], [ 35.650497096563925, 60.235827787322691 ], [ 35.649995745207661, 60.23561347438249 ], [ 35.649404896019291, 60.235466002654036 ], [ 35.646080793993633, 60.234876161605754 ], [ 35.645538533376794, 60.234792723405633 ], [ 35.644970079106024, 60.234763241830294 ], [ 35.644072659126095, 60.234757506853597 ], [ 35.642720433101658, 60.234827654872568 ], [ 35.641520368770152, 60.234967334874788 ], [ 35.640457488822221, 60.235179520019003 ], [ 35.639607715823615, 60.235375397756556 ], [ 35.638688999897568, 60.235644824749045 ], [ 35.638006069124962, 60.235872533990396 ], [ 35.637193858110209, 60.236156060553931 ], [ 35.636553029998481, 60.236409494003112 ], [ 35.636001983005258, 60.236624720654497 ], [ 35.635254333420903, 60.23689939788909 ], [ 35.634531660707751, 60.237204930863022 ], [ 35.633628038103659, 60.237625637313492 ], [ 35.632718808226571, 60.238194523258805 ], [ 35.632075910774809, 60.238806142289832 ], [ 35.631703195746063, 60.239333940908814 ], [ 35.63137630657144, 60.239929025904004 ], [ 35.631232179421716, 60.240484598285768 ], [ 35.631195091380505, 60.241110469772536 ], [ 35.631222267094131, 60.24173513706711 ], [ 35.631337234625839, 60.242234454156922 ], [ 35.631406018373241, 60.242745287964844 ], [ 35.631449770390759, 60.243208478388723 ], [ 35.631420376049675, 60.243659865210752 ], [ 35.631378201442999, 60.244272816137702 ], [ 35.631336212996011, 60.244889178193212 ], [ 35.6313001312962, 60.245411742757874 ], [ 35.631205105331503, 60.246047433942067 ], [ 35.631486226208551, 60.2460471722394 ], [ 35.631786429800059, 60.246096622361385 ], [ 35.631936809936001, 60.246233313017171 ], [ 35.632425295591077, 60.246555853969653 ], [ 35.633202931270432, 60.246975506414678 ], [ 35.633578572693118, 60.2471492122665 ], [ 35.633901880767326, 60.247190743857914 ], [ 35.633873878576821, 60.24675976714969 ], [ 35.633904836838894, 60.246154721263572 ], [ 35.634004959261631, 60.245484738929747 ], [ 35.634042914249278, 60.244934707271113 ], [ 35.63408485233424, 60.244318704045099 ], [ 35.634126973880882, 60.243704674831065 ], [ 35.634159982597282, 60.243198715348619 ], [ 35.63410988316474, 60.242668752960761 ], [ 35.634034984926757, 60.24211277858204 ], [ 35.633926915195161, 60.241643795624839 ], [ 35.633903905141267, 60.241115702028189 ], [ 35.633934879591209, 60.240590714689908 ], [ 35.634037848368166, 60.240193761133341 ], [ 35.634289943626179, 60.239734783133869 ], [ 35.634566036393608, 60.239343731827937 ], [ 35.63499911481744, 60.238931756895212 ], [ 35.63562394219133, 60.238540749656075 ], [ 35.636335013650125, 60.238209728995969 ], [ 35.636937967713202, 60.237954796376933 ], [ 35.637642888708513, 60.237695754755464 ], [ 35.638231991413413, 60.237465775625189 ], [ 35.638816028237265, 60.23723472180513 ], [ 35.639537905050418, 60.236982748854913 ], [ 35.640131942335415, 60.236784710945798 ], [ 35.64086797717556, 60.236568802608289 ], [ 35.641531978118451, 60.236415766774371 ], [ 35.64233800359613, 60.236254821403058 ], [ 35.643171096868791, 60.236157844808872 ], [ 35.644196000245358, 60.236104708365758 ], [ 35.644977033563407, 60.236109716690244 ], [ 35.64849484326259, 60.236733998175623 ], [ 35.649444771958819, 60.237252963653532 ], [ 35.652003514950415, 60.237802920668386 ], [ 35.652478984717561, 60.237922286784276 ], [ 35.6527879611956, 60.237904545858271 ], [ 35.655926351420135, 60.238091824278456 ], [ 35.656246768173958, 60.238263086672312 ], [ 35.658687425684313, 60.238581893639669 ], [ 35.661581384673354, 60.240118859298079 ], [ 35.661958919168967, 60.241940983789561 ], [ 35.66190734394894, 60.242541029445121 ], [ 35.662385794968657, 60.243660747445681 ], [ 35.660456893970661, 60.245701737245547 ], [ 35.660476906584172, 60.246015767014235 ], [ 35.660404888874659, 60.246398803562101 ], [ 35.660304939121829, 60.24679882830344 ], [ 35.660199043950918, 60.247095818617304 ], [ 35.659970799612886, 60.247468843012868 ], [ 35.659895910368107, 60.247643744963042 ], [ 35.659534863143563, 60.247612808284643 ], [ 35.659359901838165, 60.24755981843105 ], [ 35.659242955797936, 60.247468725201664 ], [ 35.65915186976315, 60.247334798162562 ], [ 35.659109802175799, 60.246954726679455 ], [ 35.658940924784027, 60.246556720016756 ], [ 35.658634899880894, 60.246179736805566 ], [ 35.658295877952575, 60.245923768167522 ], [ 35.658070994381028, 60.245784742871763 ], [ 35.657870856554958, 60.245648750089913 ], [ 35.657751897831986, 60.245490791367089 ], [ 35.657720955757661, 60.245304756709352 ], [ 35.657752019240434, 60.244976773059818 ], [ 35.657762829091446, 60.244859726295481 ], [ 35.657687956034515, 60.244765814590821 ], [ 35.65757986112186, 60.244726769624876 ], [ 35.657412964037235, 60.244704826166988 ], [ 35.65717702599909, 60.244715786204722 ], [ 35.656984841777209, 60.244745739024772 ], [ 35.657884560424286, 60.247679137782136 ], [ 35.659257031986613, 60.248172558017295 ], [ 35.659337336948681, 60.248538865376524 ], [ 35.659700719712589, 60.248779463701439 ], [ 35.660989040811728, 60.248875508598019 ], [ 35.661293035045674, 60.248797079621667 ], [ 35.661574754871197, 60.248700178570566 ], [ 35.661829511223111, 60.248586427821571 ], [ 35.662053517056336, 60.248457533388596 ], [ 35.662242809058569, 60.248315652745362 ], [ 35.662394684767037, 60.24816303419685 ], [ 35.662506626080074, 60.248002102315347 ], [ 35.662576837051581, 60.24783545973883 ] ] ], [ [ [ 35.659145894667454, 60.253258875297021 ], [ 35.659920922312885, 60.252856861255339 ], [ 35.660688776965628, 60.252314832663551 ], [ 35.661230694041485, 60.251772811266378 ], [ 35.661473142271859, 60.251376885634954 ], [ 35.661550069380382, 60.251216791022273 ], [ 35.661587073784567, 60.251053139590915 ], [ 35.661583625783855, 60.250888535777456 ], [ 35.661539914235838, 60.250725310624759 ], [ 35.661456306963146, 60.250566068569341 ], [ 35.661334259068951, 60.250412962588314 ], [ 35.66117540372209, 60.250268502689437 ], [ 35.660982456875047, 60.250134661985221 ], [ 35.660784903700517, 60.25002667409187 ], [ 35.66056517864024, 60.249929924126874 ], [ 35.660091209841646, 60.249780070094339 ], [ 35.659579448832687, 60.249667761857879 ], [ 35.659498666330528, 60.249593602862653 ], [ 35.659170011786792, 60.249427380269523 ], [ 35.658555648924221, 60.249847837607774 ], [ 35.657149799923502, 60.249492387763681 ], [ 35.655678964113065, 60.249413862559891 ], [ 35.654262905109135, 60.248954725380436 ], [ 35.654020886754658, 60.249051757732609 ], [ 35.653715761173601, 60.24912074832406 ], [ 35.653426800906281, 60.24922077811658 ], [ 35.653326879032413, 60.249429711312288 ], [ 35.653388005951854, 60.249631788076726 ], [ 35.653601925888324, 60.249784741173009 ], [ 35.653865920975647, 60.249954706744454 ], [ 35.653920760734707, 60.250165764138885 ], [ 35.653818891828564, 60.25032973303091 ], [ 35.654459925885021, 60.250381737227549 ], [ 35.654915966698695, 60.250407766305543 ], [ 35.65555994873278, 60.250420809173185 ], [ 35.65612397743979, 60.250390742139189 ], [ 35.656662892578595, 60.250301725444437 ], [ 35.656898881878078, 60.250293726874176 ], [ 35.657134797433116, 60.25031875770469 ], [ 35.657298850861423, 60.250401737250563 ], [ 35.657431794042225, 60.250523784245388 ], [ 35.657665828215549, 60.250745734228403 ], [ 35.657879857869311, 60.250868792061283 ], [ 35.658129817237459, 60.250934826581158 ], [ 35.658354893263883, 60.250956813206521 ], [ 35.658881920264548, 60.250984745249966 ], [ 35.658704823069286, 60.251273806241315 ], [ 35.658354923840818, 60.251623769321675 ], [ 35.657823791434964, 60.251998740749457 ], [ 35.657254822752002, 60.252293771440563 ], [ 35.656645869311603, 60.252568814699202 ], [ 35.655973723208938, 60.252795710054151 ], [ 35.655093856196686, 60.253012801899445 ], [ 35.654492906722453, 60.25314575137547 ], [ 35.654354789741944, 60.252815746949352 ], [ 35.65423479410066, 60.252618743260527 ], [ 35.6541319692152, 60.252482757673313 ], [ 35.654031890859237, 60.252415700624212 ], [ 35.653856889084352, 60.252354714898303 ], [ 35.653307220751799, 60.252253542966784 ], [ 35.654784902201641, 60.25455482624443 ], [ 35.656247442665517, 60.254231272655254 ], [ 35.657343336725766, 60.253960865401766 ], [ 35.65832613744147, 60.253629058734241 ], [ 35.659145894667454, 60.253258875297021 ] ] ], [ [ [ 35.650480226181685, 60.254002932089811 ], [ 35.649420879670004, 60.252701767772514 ], [ 35.649337854258754, 60.252776773029822 ], [ 35.64915483502778, 60.252809760162449 ], [ 35.647368831806318, 60.252884674588238 ], [ 35.64706884495137, 60.252937668938436 ], [ 35.646881826435333, 60.253023788916884 ], [ 35.64680977635026, 60.25314877759417 ], [ 35.646765890333704, 60.253454779114918 ], [ 35.646606874907491, 60.253423749806352 ], [ 35.645865862319852, 60.253473738622276 ], [ 35.64521286458222, 60.252923661997542 ], [ 35.644665899611773, 60.25275172601151 ], [ 35.643651745831562, 60.252576796182375 ], [ 35.642354925239772, 60.252445675028071 ], [ 35.64087986441438, 60.252245733254149 ], [ 35.639506807393388, 60.251962684230648 ], [ 35.638170849205494, 60.251565699197847 ], [ 35.637062853867796, 60.25104576964673 ], [ 35.636193829981437, 60.250468772715863 ], [ 35.635429907164678, 60.249812720880527 ], [ 35.634779855606034, 60.249118715856234 ], [ 35.63452391124968, 60.248807794144561 ], [ 35.634316433157039, 60.24887658688516 ], [ 35.633885696567802, 60.248987254758163 ], [ 35.632979072026721, 60.249280238592284 ], [ 35.63264182536011, 60.249448196876934 ], [ 35.63242449789243, 60.249624876786811 ], [ 35.632439158640409, 60.249783102608255 ], [ 35.632440854761789, 60.249811283763897 ], [ 35.633025143395798, 60.250435244191358 ], [ 35.63392947196774, 60.251211940079138 ], [ 35.635034002217594, 60.251945240980248 ], [ 35.636526582735769, 60.252645701338231 ], [ 35.638286391403987, 60.253168613940538 ], [ 35.640001004642833, 60.253522080779575 ], [ 35.641727783010936, 60.253756146429161 ], [ 35.642934510419479, 60.253878180833553 ], [ 35.643269319923313, 60.253935928100745 ], [ 35.643532719659447, 60.254157791748852 ], [ 35.644038016341533, 60.254467353685591 ], [ 35.644703626171577, 60.254689828872685 ], [ 35.645470976304701, 60.254805691229819 ], [ 35.646272846015222, 60.254804934000674 ], [ 35.647157200644472, 60.254786969143467 ], [ 35.648007069870516, 60.254651446707037 ], [ 35.649381920139668, 60.254151310334855 ], [ 35.649947034328363, 60.254099100193521 ], [ 35.650480226181685, 60.254002932089811 ] ] ] ] } },
{ "type": "Feature", "properties": { "nid": 10571.0, "title": "Озеро Окунево", "sig": "regional", "start_date": "1996-05-16", "created_at": "2024-10-10", "updated_at": "2026-06-24", "area": 67.0, "subj_title": "Вологодская область", "federal_ti": "Северо-Западный федеральный округ", "agency_tit": "Министерство природных ресурсов и экологии Вологодской области", "management": null, "category_t": "памятник природы", "status_tit": "действующий" }, "geometry": { "type": "MultiPolygon", "coordinates": [ [ [ [ 38.291535033215375, 59.609467606245154 ], [ 38.293108178599709, 59.60876346316347 ], [ 38.294216998615745, 59.608342045349282 ], [ 38.296177217604679, 59.607027787802323 ], [ 38.296193888337427, 59.604326059799973 ], [ 38.295167019042879, 59.603021611158624 ], [ 38.292649318411463, 59.601324573370491 ], [ 38.291031377795996, 59.600599243160715 ], [ 38.289104895075013, 59.600143463150452 ], [ 38.285873437609204, 59.599886366762576 ], [ 38.282211477377928, 59.599794910207102 ], [ 38.279982794570458, 59.600608607801171 ], [ 38.277044937873768, 59.602798737571845 ], [ 38.276739693582158, 59.603728041216293 ], [ 38.276674462156841, 59.604934044670586 ], [ 38.277169607291682, 59.60638016441321 ], [ 38.277660667705788, 59.607329528335228 ], [ 38.279409825703056, 59.608701223782639 ], [ 38.281955872965341, 59.609538738122403 ], [ 38.284348459913645, 59.609974115213383 ], [ 38.287289142280258, 59.610071875117107 ], [ 38.291535033215375, 59.609467606245154 ] ], [ [ 38.284712912870809, 59.609086654325779 ], [ 38.282747876213705, 59.608729083880277 ], [ 38.280691911802471, 59.608052819781967 ], [ 38.279302133686713, 59.606962929595682 ], [ 38.278901890410054, 59.606189247336076 ], [ 38.278449758050051, 59.604868890586985 ], [ 38.278506618585766, 59.603814387823888 ], [ 38.278727937244696, 59.603140550995811 ], [ 38.281271478995734, 59.601244354743358 ], [ 38.282743433562757, 59.600706908197431 ], [ 38.285692166660333, 59.600780575263506 ], [ 38.288582854815047, 59.601010515722905 ], [ 38.290050149095286, 59.60135767741501 ], [ 38.291341789592074, 59.601936689726642 ], [ 38.29360962888142, 59.603465407702579 ], [ 38.294421748165284, 59.604497199886062 ], [ 38.294408002927177, 59.606725436629738 ], [ 38.29254361299752, 59.606759663927527 ], [ 38.293403802843386, 59.607254327925027 ], [ 38.292954594179321, 59.607699835878925 ], [ 38.291988778959137, 59.608066949929984 ], [ 38.290666076778166, 59.608658923270873 ], [ 38.287102440325555, 59.609166156193339 ], [ 38.284712912870809, 59.609086654325779 ] ] ] ] } },
{ "type": "Feature", "properties": { "nid": 10749.0, "title": "Валун Двугорбый", "sig": "regional", "start_date": "1963-01-29", "created_at": "2024-10-10", "updated_at": "2026-06-24", "area": 0.1, "subj_title": "Вологодская область", "federal_ti": "Северо-Западный федеральный округ", "agency_tit": "Министерство природных ресурсов и экологии Вологодской области", "management": null, "category_t": "памятник природы", "status_tit": "действующий" }, "geometry": { "type": "MultiPolygon", "coordinates": [ [ [ [ 38.981597155384577, 59.467476757346603 ], [ 38.981574432214416, 59.46569337744755 ], [ 38.978790959435401, 59.465702533445324 ], [ 38.978813535116721, 59.467485914243696 ], [ 38.981597155384577, 59.467476757346603 ] ], [ [ 38.980178039585041, 59.466540608962077 ], [ 38.980238536079753, 59.466541667464121 ], [ 38.980296902080511, 59.466548701061861 ], [ 38.980350894678224, 59.466561439059319 ], [ 38.980375657510763, 59.466569826136727 ], [ 38.98039844003614, 59.466579392225341 ], [ 38.980419264737463, 59.466590145419048 ], [ 38.980437711631218, 59.466601869880549 ], [ 38.980453797804664, 59.466614577301065 ], [ 38.980467199501838, 59.466628009575174 ], [ 38.980477929313167, 59.466642181991283 ], [ 38.980485770502064, 59.466656806766373 ], [ 38.980490732061803, 59.466671899188945 ], [ 38.980492712368971, 59.466687153489495 ], [ 38.980491714121456, 59.466702586755169 ], [ 38.980487757104463, 59.466717886021797 ], [ 38.980480837720677, 59.466733066577937 ], [ 38.980471095364919, 59.466747821754723 ], [ 38.980458521044049, 59.466762166840667 ], [ 38.980443368366934, 59.466775811354744 ], [ 38.980425622045004, 59.466788768786834 ], [ 38.980405640008428, 59.466800778333443 ], [ 38.980383403371548, 59.466811851685755 ], [ 38.980359361795244, 59.466821764912694 ], [ 38.980306309888469, 59.466837963501412 ], [ 38.980248523051038, 59.466848752667943 ], [ 38.980188222608547, 59.466853716925641 ], [ 38.980127725214508, 59.466852665618212 ], [ 38.980069354717095, 59.466845640114336 ], [ 38.980015354025511, 59.466832909311506 ], [ 38.979990586696367, 59.466824525831385 ], [ 38.979967798775078, 59.466814963340028 ], [ 38.979946968677837, 59.466804211944961 ], [ 38.97992851548878, 59.466792490181426 ], [ 38.979912423020096, 59.466779785458918 ], [ 38.979899014128364, 59.466766354983456 ], [ 38.979888277122491, 59.466752184365987 ], [ 38.979880427839646, 59.466737561389493 ], [ 38.979875459085349, 59.466722469866276 ], [ 38.979873470684311, 59.466707214666371 ], [ 38.979874460837891, 59.466691782300082 ], [ 38.979878409760936, 59.466676483033439 ], [ 38.979885321050908, 59.466661301577972 ], [ 38.979895055312738, 59.466646545501803 ], [ 38.979907622438986, 59.466632198617226 ], [ 38.97992276882087, 59.466618552304496 ], [ 38.979940508847562, 59.466605592174503 ], [ 38.979960484588844, 59.466593579929963 ], [ 38.979982715829856, 59.466582503879643 ], [ 38.980006752909503, 59.466572587954687 ], [ 38.980059797621713, 59.466556382171468 ], [ 38.980117579063169, 59.466545585810294 ], [ 38.980178039585041, 59.466540608962077 ] ] ] ] } },
{ "type": "Feature", "properties": { "nid": 11033.0, "title": "Чудотворный источник", "sig": "regional", "start_date": "2006-02-06", "created_at": "2024-10-10", "updated_at": "2026-06-24", "area": 78.58, "subj_title": "Вологодская область", "federal_ti": "Северо-Западный федеральный округ", "agency_tit": "Министерство природных ресурсов и экологии Вологодской области", "management": null, "category_t": "памятник природы", "status_tit": "действующий" }, "geometry": { "type": "MultiPolygon", "coordinates": [ [ [ [ 39.085497290967396, 59.688095428061736 ], [ 39.085832131947477, 59.688061298790103 ], [ 39.087873494966004, 59.687746953359351 ], [ 39.089057575646791, 59.687693896056594 ], [ 39.090392966362458, 59.687930318829331 ], [ 39.090881586915884, 59.687931269412715 ], [ 39.091352077136833, 59.687864790627771 ], [ 39.091769006434674, 59.687736058072801 ], [ 39.092100750149655, 59.687554714278789 ], [ 39.092322139855014, 59.687334509879904 ], [ 39.092416404993287, 59.687092119206113 ], [ 39.092376563227958, 59.6868458848299 ], [ 39.092123949061147, 59.686286717857904 ], [ 39.092026387907651, 59.686160015972121 ], [ 39.09145062214867, 59.685674709420468 ], [ 39.091245985014389, 59.685568286347511 ], [ 39.091009335612512, 59.685480305671703 ], [ 39.090747106793685, 59.685413345749453 ], [ 39.090294503188943, 59.685320508734662 ], [ 39.089522757169668, 59.68502136004787 ], [ 39.088644663620471, 59.684820394845538 ], [ 39.087569634731032, 59.684770494163146 ], [ 39.086636769771239, 59.684851326127955 ], [ 39.085852634691491, 59.68504123416578 ], [ 39.085100482201646, 59.685277863782574 ], [ 39.084796648946337, 59.685228475713743 ], [ 39.084652360817977, 59.684562393739668 ], [ 39.084609256312312, 59.684441927752907 ], [ 39.084534262746217, 59.684325631922547 ], [ 39.084194811841257, 59.683900370405929 ], [ 39.083212991386624, 59.683043803928555 ], [ 39.082931692443822, 59.682891629645155 ], [ 39.082766670445665, 59.682828928012768 ], [ 39.081892745254144, 59.682548729840157 ], [ 39.081628362559059, 59.682500161053788 ], [ 39.081352253603768, 59.682473273123207 ], [ 39.081071352161359, 59.682468843962162 ], [ 39.080792403147029, 59.682486846590848 ], [ 39.080522500413217, 59.682526895200212 ], [ 39.080268727919645, 59.682587970858329 ], [ 39.080036921366968, 59.682668615764157 ], [ 39.079935628926307, 59.682639403086178 ], [ 39.079971489392896, 59.68244824319202 ], [ 39.079973836623417, 59.682293393425532 ], [ 39.079923676036969, 59.682140729011621 ], [ 39.079822317945798, 59.681994644937099 ], [ 39.079672849722385, 59.681859527195563 ], [ 39.079577827355024, 59.681788638135295 ], [ 39.079559477587971, 59.68132302223983 ], [ 39.079525088412247, 59.681224691266664 ], [ 39.079469259398991, 59.681128870301272 ], [ 39.079392898863368, 59.68103681209935 ], [ 39.079284621388354, 59.680924416628663 ], [ 39.079347008257969, 59.680569242876395 ], [ 39.079337047366998, 59.680466594258057 ], [ 39.079306155654706, 59.680364926800117 ], [ 39.079252583040443, 59.680265685712982 ], [ 39.079177058874343, 59.680170212785228 ], [ 39.079080134440801, 59.680079583606073 ], [ 39.078963426720911, 59.679995228996788 ], [ 39.078828199262141, 59.679918218251302 ], [ 39.078310408298869, 59.679680365556578 ], [ 39.078096383141705, 59.679615340975367 ], [ 39.077866633338601, 59.679566176837739 ], [ 39.077436509187685, 59.679495916403596 ], [ 39.077270294688496, 59.679479976819664 ], [ 39.077101901131975, 59.679472125738194 ], [ 39.076413834331156, 59.679490056421102 ], [ 39.076076725260805, 59.679533147436963 ], [ 39.075915904895282, 59.679566913382523 ], [ 39.074910127400642, 59.679847227567677 ], [ 39.074167544596662, 59.679329838601355 ], [ 39.073886286123354, 59.679084562003091 ], [ 39.07394137769262, 59.678861370955687 ], [ 39.074954757156483, 59.67842143520123 ], [ 39.075132557621593, 59.678304750863738 ], [ 39.075270215048526, 59.678174941820266 ], [ 39.075364234671831, 59.678035432689228 ], [ 39.075577942368284, 59.677604793226791 ], [ 39.075619566589864, 59.676714807042863 ], [ 39.075250504607254, 59.676006797775642 ], [ 39.074890520381359, 59.675628809122415 ], [ 39.074776043879467, 59.675526487857312 ], [ 39.074636141744683, 59.67543252668991 ], [ 39.074472969651993, 59.675348621741655 ], [ 39.074089332356941, 59.675216676808361 ], [ 39.073650999194399, 59.67513943403781 ], [ 39.072292867322119, 59.67507779090748 ], [ 39.071913669980056, 59.675082440402498 ], [ 39.071545042369962, 59.675127708676989 ], [ 39.07120381170671, 59.675211646000832 ], [ 39.070905536261641, 59.67533023959902 ], [ 39.070664151929229, 59.675478229336981 ], [ 39.070490381326181, 59.675648838823001 ], [ 39.070392267089638, 59.675834228666865 ], [ 39.070392289572681, 59.676179366884469 ], [ 39.070441731600795, 59.676884617930973 ], [ 39.070416502919436, 59.676917301992042 ], [ 39.070373182576468, 59.676847726841274 ], [ 39.069712944397054, 59.676114466409672 ], [ 39.069246654909364, 59.675526299898976 ], [ 39.069138452977363, 59.675334994314703 ], [ 39.069021749754079, 59.675213736924604 ], [ 39.068870242767666, 59.675102670651874 ], [ 39.068687695680744, 59.675004293813274 ], [ 39.068478051121303, 59.674920923961608 ], [ 39.068246126757508, 59.674854338157338 ], [ 39.067997093691069, 59.674806130898375 ], [ 39.06676103399468, 59.674660109776433 ], [ 39.066441032727653, 59.674636146441173 ], [ 39.066117762424931, 59.674641904800232 ], [ 39.065801868361689, 59.674677346182769 ], [ 39.065503978725808, 59.674741170169064 ], [ 39.065234000448918, 59.674831185111259 ], [ 39.065000760376954, 59.674944573433486 ], [ 39.064812009766626, 59.675077533701355 ], [ 39.06467424891764, 59.675225554016265 ], [ 39.064170464895199, 59.675926151970494 ], [ 39.063889296354091, 59.676468882033468 ], [ 39.063832347684865, 59.676667750016804 ], [ 39.063775934112236, 59.677562815571655 ], [ 39.063608602655052, 59.678517290340821 ], [ 39.063278616215321, 59.679003569059645 ], [ 39.063017408127052, 59.67926373483369 ], [ 39.062809403031679, 59.67935834890887 ], [ 39.06264492332474, 59.679443816878809 ], [ 39.062389891780242, 59.679643996073715 ], [ 39.062303901304169, 59.679755099218603 ], [ 39.062247803393568, 59.679871021830365 ], [ 39.062222632268856, 59.679989607334662 ], [ 39.062228710786542, 59.680108878122368 ], [ 39.062463977031086, 59.68076502438651 ], [ 39.062419686319629, 59.681247581710686 ], [ 39.062304332978719, 59.681714888331605 ], [ 39.061922049163407, 59.682208997447447 ], [ 39.061785696652741, 59.682417328996671 ], [ 39.062105893971982, 59.684044017317703 ], [ 39.062153221694011, 59.684179015449395 ], [ 39.062243301387404, 59.684311872295211 ], [ 39.062371571690846, 59.684434526332481 ], [ 39.062535706058149, 59.684545730201471 ], [ 39.064607002111643, 59.685744130787164 ], [ 39.065915430253092, 59.686356653636828 ], [ 39.06619848737045, 59.686464692791489 ], [ 39.066354490967171, 59.6865075248026 ], [ 39.070210595043072, 59.687216603363716 ], [ 39.070480327805051, 59.68725404303985 ], [ 39.070758598730485, 59.687269545553249 ], [ 39.071037946144486, 59.687262782651473 ], [ 39.071861449046821, 59.687152695740494 ], [ 39.075047605862494, 59.687470502661704 ], [ 39.078900903154306, 59.687588160065737 ], [ 39.08025172443768, 59.687412612402291 ], [ 39.081055889218078, 59.687462144362662 ], [ 39.081895096082008, 59.687661342397185 ], [ 39.082275578555254, 59.687706476672695 ], [ 39.083412745202168, 59.687717302711512 ], [ 39.084502765790148, 59.688000741141487 ], [ 39.084820169815139, 59.688064616389113 ], [ 39.085155708669163, 59.688096551314963 ], [ 39.085497290967396, 59.688095428061736 ] ], [ [ 39.083850531576957, 59.686821756019413 ], [ 39.08248763419715, 59.686815260216221 ], [ 39.081563510647634, 59.686589211123362 ], [ 39.080091881635205, 59.686498484817363 ], [ 39.078851614910263, 59.686690910057628 ], [ 39.075275637960488, 59.686578337420485 ], [ 39.071779636820963, 59.686229630693056 ], [ 39.070813746057695, 59.686372417852958 ], [ 39.067121591088721, 59.68569798927097 ], [ 39.065882011445865, 59.685117700821415 ], [ 39.063872324348431, 59.683955074367368 ], [ 39.063627109803456, 59.68270985687456 ], [ 39.063790194661919, 59.682613532288833 ], [ 39.06373229091264, 59.682332890750509 ], [ 39.063942223255133, 59.682061614751881 ], [ 39.064370264576212, 59.68181030819931 ], [ 39.063977392143094, 59.681401989910057 ], [ 39.064464000013743, 59.681289407380405 ], [ 39.06399608994775, 59.68002585271109 ], [ 39.064450352801707, 59.679819326101203 ], [ 39.0649173275728, 59.679354050149449 ], [ 39.065357512439391, 59.678705313399682 ], [ 39.065548296416921, 59.677616818061885 ], [ 39.065606226246523, 59.676696342162643 ], [ 39.065866510731041, 59.676193815392431 ], [ 39.066342113597841, 59.675532367624825 ], [ 39.067271623187018, 59.675650696822338 ], [ 39.067488920077778, 59.675666177752085 ], [ 39.067548427318229, 59.675796189143 ], [ 39.068080935686787, 59.676467758780241 ], [ 39.068712793061138, 59.67716945480668 ], [ 39.06907864716203, 59.677758379445841 ], [ 39.069561565114327, 59.677973964926707 ], [ 39.07033664312172, 59.677983282802423 ], [ 39.071183255902724, 59.677855693285764 ], [ 39.071878707036888, 59.677492532654398 ], [ 39.072228386830773, 59.677037481095041 ], [ 39.07216521665157, 59.676136693154021 ], [ 39.072145801187951, 59.675972324063657 ], [ 39.073291636400086, 59.676018479069732 ], [ 39.07357780517173, 59.676318851733818 ], [ 39.073839256976271, 59.676820660845017 ], [ 39.073808239358918, 59.677483414428181 ], [ 39.073642693955321, 59.677816915418461 ], [ 39.073051587560883, 59.678052564774184 ], [ 39.07253111931589, 59.678299779411468 ], [ 39.072227707842615, 59.678557617740012 ], [ 39.072051041422576, 59.679273192104283 ], [ 39.072677603588716, 59.679819869291677 ], [ 39.073635877993517, 59.680487477415326 ], [ 39.074568575679393, 59.681367560264832 ], [ 39.074681422609729, 59.681364416234992 ], [ 39.07526783184511, 59.680927619114527 ], [ 39.075578574591695, 59.680696044586959 ], [ 39.076244241978372, 59.680481807189842 ], [ 39.076677500266612, 59.680377741239916 ], [ 39.07702331837163, 59.680368812770666 ], [ 39.077291015068447, 59.68041522318417 ], [ 39.077391055652868, 59.680489684351635 ], [ 39.077388047420641, 59.68061455611705 ], [ 39.07755967403989, 59.680635769325463 ], [ 39.077545755232556, 59.680744079176058 ], [ 39.077455374266265, 59.680979530680972 ], [ 39.077632300590381, 59.681258789961369 ], [ 39.077797056389208, 59.681429843712465 ], [ 39.07779859063259, 59.681527500194143 ], [ 39.077334596214826, 59.681619216653694 ], [ 39.077122134978701, 59.681733620310524 ], [ 39.077049646923847, 59.682012355286133 ], [ 39.077194909017976, 59.682185463088828 ], [ 39.077656774740539, 59.682217539208231 ], [ 39.078068428615268, 59.682262471136319 ], [ 39.078204221747619, 59.682363625980699 ], [ 39.078173271579367, 59.682528914178178 ], [ 39.077881276100186, 59.682631790325054 ], [ 39.077236172611428, 59.682676749232755 ], [ 39.076764826235888, 59.682764902578342 ], [ 39.076667052842367, 59.682982430594855 ], [ 39.076916292752848, 59.683288060695595 ], [ 39.077155096031042, 59.683471295763852 ], [ 39.077315722143048, 59.683503235186308 ], [ 39.077635967126348, 59.683502935712042 ], [ 39.078044494058304, 59.683438280752227 ], [ 39.078370568447156, 59.683402321360234 ], [ 39.078769910603057, 59.683385903336948 ], [ 39.079043511349141, 59.683433452292142 ], [ 39.079345534269173, 59.683583575221974 ], [ 39.079598858900397, 59.683696103792322 ], [ 39.08000609260727, 59.683729557673132 ], [ 39.080464966285312, 59.683649341743873 ], [ 39.081156008942791, 59.683365412284111 ], [ 39.081784227660137, 59.683576504752061 ], [ 39.082593732614839, 59.684292853432616 ], [ 39.082888065432023, 59.684661571874173 ], [ 39.082999566077262, 59.68517680696425 ], [ 39.082822398734891, 59.685434606621982 ], [ 39.082404559323095, 59.685741404942071 ], [ 39.083650100571838, 59.685984813648403 ], [ 39.084432040406512, 59.686112058724689 ], [ 39.085016050250658, 59.686207073897492 ], [ 39.08548500173162, 59.686200854186268 ], [ 39.086051390259627, 59.686036969830461 ], [ 39.08670938642922, 59.685828995312079 ], [ 39.087180510672169, 59.685714865948455 ], [ 39.087639510255364, 59.685675106920819 ], [ 39.088184767413225, 59.685700430930282 ], [ 39.088604757104008, 59.685796551369876 ], [ 39.089404917203353, 59.686106719449697 ], [ 39.090080005887728, 59.686245141300382 ], [ 39.090425755644276, 59.686548283876377 ], [ 39.090643907790245, 59.687041711306101 ], [ 39.089312605392593, 59.686781307211731 ], [ 39.087532805694593, 59.686861131935856 ], [ 39.085314917449637, 59.687202582933011 ], [ 39.083850531576957, 59.686821756019413 ] ] ] ] } },
{ "type": "Feature", "properties": { "nid": 10497.0, "title": "Старый парк (с.Никольское)", "sig": "regional", "start_date": "1963-01-29", "created_at": "2024-10-10", "updated_at": "2026-06-24", "area": 11.99, "subj_title": "Вологодская область", "federal_ti": "Северо-Западный федеральный округ", "agency_tit": "Министерство природных ресурсов и экологии Вологодской области", "management": null, "category_t": "памятник природы", "status_tit": "действующий" }, "geometry": { "type": "MultiPolygon", "coordinates": [ [ [ [ 39.359820365317773, 59.846205503181586 ], [ 39.359842321366209, 59.846198724991332 ], [ 39.359577504298557, 59.845982229396547 ], [ 39.35859975237684, 59.845401452615121 ], [ 39.356658161944779, 59.844029210379922 ], [ 39.354741659899837, 59.842610736696315 ], [ 39.35622696220468, 59.84217473997245 ], [ 39.359148669775436, 59.841659534560037 ], [ 39.360359002566099, 59.841663763172278 ], [ 39.360085675213888, 59.842380766559302 ], [ 39.36027198686287, 59.842810395183726 ], [ 39.360592444086194, 59.843284077997964 ], [ 39.361327623671052, 59.843947658957461 ], [ 39.36157433288929, 59.844277904401956 ], [ 39.361768027972289, 59.844452647172076 ], [ 39.361987777314255, 59.844613044856317 ], [ 39.362323417791686, 59.844792926352632 ], [ 39.362510228564354, 59.844911787049497 ], [ 39.362580192222254, 59.84488397821319 ], [ 39.362391026125117, 59.844763604856666 ], [ 39.362057373149405, 59.844584789956279 ], [ 39.36184379855262, 59.844428931150446 ], [ 39.361655394181241, 59.844259003350473 ], [ 39.361408684063683, 59.843928758805362 ], [ 39.361344666723141, 59.843870986357096 ], [ 39.361422622656043, 59.843849141824577 ], [ 39.360767871240448, 59.843258134355615 ], [ 39.361001554678182, 59.843192515322471 ], [ 39.360702189254823, 59.842750119922229 ], [ 39.360540811309527, 59.842377877037563 ], [ 39.360897796296456, 59.841441244817744 ], [ 39.359074369586658, 59.841434865027146 ], [ 39.356039184660801, 59.841970062368652 ], [ 39.354104185360029, 59.842538061582438 ], [ 39.356292190032718, 59.844157388053198 ], [ 39.357538830252963, 59.84503858606206 ], [ 39.357829575674543, 59.84493447334745 ], [ 39.35852924193113, 59.845428994352794 ], [ 39.359505003653169, 59.846008616404674 ], [ 39.359764721564822, 59.846220834823832 ], [ 39.359820365317773, 59.846205503181586 ] ] ] ] } },
{ "type": "Feature", "properties": { "nid": 10607.0, "title": "Урочище Северные орхидеи", "sig": "regional", "start_date": "1982-07-05", "created_at": "2024-10-10", "updated_at": "2026-06-24", "area": 252.54, "subj_title": "Вологодская область", "federal_ti": "Северо-Западный федеральный округ", "agency_tit": null, "management": null, "category_t": "памятник природы", "status_tit": "действующий" }, "geometry": { "type": "MultiPolygon", "coordinates": [ [ [ [ 39.396264413671929, 60.494694744267164 ], [ 39.396637574764441, 60.49466652803801 ], [ 39.396999159783547, 60.494613074134229 ], [ 39.397342287116999, 60.494535592144011 ], [ 39.397660621940304, 60.494435468822012 ], [ 39.399152518074402, 60.493891137066484 ], [ 39.399618001769504, 60.493546388255353 ], [ 39.399787096797233, 60.493354491816483 ], [ 39.399894236629905, 60.493152040934092 ], [ 39.400014949030826, 60.493155400801299 ], [ 39.400358909136507, 60.493214872068847 ], [ 39.400754208839821, 60.493199159114063 ], [ 39.40078439638296, 60.493302813174459 ], [ 39.401052337695369, 60.493648097981506 ], [ 39.401347462815295, 60.49393352121519 ], [ 39.401770661287173, 60.494176571092055 ], [ 39.40229828184038, 60.494363393555936 ], [ 39.402900752068206, 60.494483407183665 ], [ 39.403543504729093, 60.494529831086986 ], [ 39.404190256675179, 60.494499934024923 ], [ 39.40480447924346, 60.49439547686994 ], [ 39.405351206792943, 60.494222336691664 ], [ 39.406539630299839, 60.49373847624986 ], [ 39.408550229309803, 60.493696657774713 ], [ 39.408882946990559, 60.493488349607844 ], [ 39.410716559421871, 60.493386873705454 ], [ 39.411317697753695, 60.493318911039069 ], [ 39.411872541684602, 60.493186172004414 ], [ 39.412348213799191, 60.492997665110352 ], [ 39.412782687970825, 60.492799460826639 ], [ 39.413145269438814, 60.492696232145583 ], [ 39.413499708444931, 60.492587939382084 ], [ 39.413817257260803, 60.492453943994462 ], [ 39.414089639425463, 60.492297711970018 ], [ 39.414310750341023, 60.492122335177768 ], [ 39.414475071767299, 60.491932336308423 ], [ 39.414578358004974, 60.491732230857963 ], [ 39.41461854960653, 60.491526610764645 ], [ 39.41471523931699, 60.490955679760987 ], [ 39.41471228864139, 60.490714976215358 ], [ 39.414622304276065, 60.490478245874492 ], [ 39.414448405069997, 60.490253278666039 ], [ 39.414196058901148, 60.490047219703555 ], [ 39.413878602715492, 60.489869046919132 ], [ 39.413502649228064, 60.489721139918856 ], [ 39.412658699339659, 60.489507325203064 ], [ 39.41262705309618, 60.489041700314381 ], [ 39.412600589645649, 60.489017906951005 ], [ 39.413240609266886, 60.489101908126713 ], [ 39.414852645833093, 60.489078368372198 ], [ 39.415352571763947, 60.489120364013729 ], [ 39.415860435111142, 60.489139329816382 ], [ 39.416371217657741, 60.489110883360752 ], [ 39.416862198931476, 60.489035711728881 ], [ 39.417444575606844, 60.488915785335401 ], [ 39.417828898185292, 60.488818235873048 ], [ 39.418177345907964, 60.488692106855403 ], [ 39.418481083835104, 60.488540329173027 ], [ 39.418732207825315, 60.488366724045235 ], [ 39.418924838110968, 60.488175816860625 ], [ 39.419053826073366, 60.487972310174129 ], [ 39.419116213842365, 60.487761248283164 ], [ 39.419110147015829, 60.487548028918582 ], [ 39.419098070919404, 60.487484202234327 ], [ 39.419484091417864, 60.487369313842919 ], [ 39.419949039117, 60.487335407603148 ], [ 39.420407814769014, 60.487281614654982 ], [ 39.420844256657283, 60.487188654432998 ], [ 39.421241354105341, 60.487059866120077 ], [ 39.421590247891793, 60.486897284881927 ], [ 39.421875821312256, 60.486707024309908 ], [ 39.422089507424964, 60.486495151230422 ], [ 39.422226760157002, 60.486268520276155 ], [ 39.422477019898729, 60.486436700693325 ], [ 39.422768139438233, 60.486588728387275 ], [ 39.423104458903822, 60.486716853000537 ], [ 39.423476791720702, 60.486817724558534 ], [ 39.423872872035595, 60.486888371701184 ], [ 39.424286130300864, 60.486928119936984 ], [ 39.425118798194148, 60.486938729239114 ], [ 39.425303904751559, 60.487044234104289 ], [ 39.425436968441488, 60.486986905021816 ], [ 39.42548100374551, 60.487034724672966 ], [ 39.425750438831862, 60.487090131904203 ], [ 39.425789444227625, 60.487167245172365 ], [ 39.426108271879393, 60.487394835703292 ], [ 39.426514876060814, 60.48758541013877 ], [ 39.426991758662886, 60.487731002284086 ], [ 39.42751874429478, 60.487825370844348 ], [ 39.429089576622857, 60.489112089351629 ], [ 39.42943604763564, 60.489344517335788 ], [ 39.429874898807718, 60.489535226669531 ], [ 39.430385879205119, 60.489675376117873 ], [ 39.430945893338439, 60.489758564306442 ], [ 39.43152882129823, 60.489781013183404 ], [ 39.432108251794538, 60.48974164176353 ], [ 39.432657126025724, 60.489642244194378 ], [ 39.433150644286968, 60.48948747176955 ], [ 39.434333153852151, 60.489021620251727 ], [ 39.436317310095944, 60.488642345567932 ], [ 39.438550238602772, 60.487756331689525 ], [ 39.440032822257074, 60.486555934608866 ], [ 39.440890763797881, 60.486075314424397 ], [ 39.44139738428202, 60.485658876156378 ], [ 39.441571438171472, 60.485180842422096 ], [ 39.44139045500566, 60.484703384253969 ], [ 39.440877799171233, 60.48428872574425 ], [ 39.440100436885814, 60.483990809128713 ], [ 39.439159285572707, 60.483848448247429 ], [ 39.438177064020458, 60.483880119671937 ], [ 39.437281512831703, 60.484081834009601 ], [ 39.434414764629878, 60.485069414621925 ], [ 39.432061194768494, 60.483511937226282 ], [ 39.432719045247886, 60.477370642341441 ], [ 39.432717961564833, 60.477136565899968 ], [ 39.432636599000034, 60.476905984223947 ], [ 39.43247550703915, 60.476685802308097 ], [ 39.432239414317671, 60.476482631068727 ], [ 39.431935583760321, 60.476302795437832 ], [ 39.431573255001858, 60.47615161670393 ], [ 39.431163462723816, 60.476033782133513 ], [ 39.430719013272039, 60.475952076926987 ], [ 39.425412309930323, 60.47514643905707 ], [ 39.42612040823041, 60.472077536749111 ], [ 39.428619918274762, 60.471783305555284 ], [ 39.428945859563953, 60.471734127028519 ], [ 39.429256722819666, 60.471665301012983 ], [ 39.429547990747317, 60.471577843742644 ], [ 39.429814609157063, 60.471473135676817 ], [ 39.430052802694824, 60.471352818078287 ], [ 39.430258806798633, 60.471218801106929 ], [ 39.430429221131817, 60.471073080358572 ], [ 39.430561565364137, 60.470918095693726 ], [ 39.431634620241709, 60.469402665201009 ], [ 39.432084195829134, 60.469240915835776 ], [ 39.435105756025955, 60.469628125237939 ], [ 39.435674130257098, 60.469670039041269 ], [ 39.436247786206529, 60.469652227068806 ], [ 39.436801109383843, 60.469575488817902 ], [ 39.437309459264327, 60.469443130196453 ], [ 39.437750277253649, 60.46926122522553 ], [ 39.438104143391683, 60.469037711321498 ], [ 39.438355148671349, 60.468782570059709 ], [ 39.438493066901685, 60.468507267796312 ], [ 39.439061434837519, 60.466747498698282 ], [ 39.439108231959487, 60.466491023741924 ], [ 39.43905650925069, 60.466234847360504 ], [ 39.438906879149329, 60.465988028424917 ], [ 39.438664870687369, 60.465759954958109 ], [ 39.43833925225487, 60.465558648013371 ], [ 39.437941863426424, 60.465391744633436 ], [ 39.43748741081555, 60.465265251390392 ], [ 39.436992737824767, 60.465183542586587 ], [ 39.427158930940095, 60.46396200873987 ], [ 39.424291227658216, 60.463852036042788 ], [ 39.418799619207221, 60.46284872538854 ], [ 39.418105483781225, 60.462754603242487 ], [ 39.417385071064352, 60.462751838726533 ], [ 39.416688048814592, 60.462842446321993 ], [ 39.41606331766814, 60.463020001272184 ], [ 39.415554002815156, 60.4632726469153 ], [ 39.415197068190302, 60.463582376125927 ], [ 39.415017024815995, 60.463927576396706 ], [ 39.41502650277107, 60.464283933656759 ], [ 39.416009170387042, 60.46797001100736 ], [ 39.413077899425673, 60.471346758446302 ], [ 39.405218801406697, 60.469632417702094 ], [ 39.404536799633775, 60.469533569618712 ], [ 39.403826090601733, 60.469525195131837 ], [ 39.403091086384677, 60.469616332427947 ], [ 39.402510941826669, 60.469775586174542 ], [ 39.400817904223054, 60.470384432595658 ], [ 39.39876760644006, 60.470535985447547 ], [ 39.39794862263102, 60.47066406779264 ], [ 39.397251103056128, 60.470911555823818 ], [ 39.396744039206226, 60.471253960102331 ], [ 39.396477814699551, 60.471657125276288 ], [ 39.396479037777503, 60.472081209580324 ], [ 39.396747347812038, 60.472484123843401 ], [ 39.397256439633168, 60.472825822154157 ], [ 39.39795542959957, 60.473072337118808 ], [ 39.399003645202235, 60.4733300900118 ], [ 39.397629773395458, 60.473622900276766 ], [ 39.395431061394554, 60.473067981702165 ], [ 39.394899143880536, 60.472966787287589 ], [ 39.394335974925468, 60.472922332899493 ], [ 39.393766516112002, 60.472936705864456 ], [ 39.393215656177738, 60.473009210107129 ], [ 39.382879947551714, 60.474947496429984 ], [ 39.382462086556181, 60.47504659092759 ], [ 39.382084357807059, 60.47517927060705 ], [ 39.381757751019556, 60.475341519995304 ], [ 39.381491239629156, 60.475528704886024 ], [ 39.381292869870208, 60.47573547970881 ], [ 39.381168490933248, 60.475955884656514 ], [ 39.381121211774648, 60.476183439214523 ], [ 39.381152867910714, 60.476411668264063 ], [ 39.382597565825158, 60.482040349582633 ], [ 39.384037590862306, 60.486978198685094 ], [ 39.384146229864768, 60.487206664256277 ], [ 39.384340754122654, 60.487429027927462 ], [ 39.384608162137113, 60.487627689066748 ], [ 39.384942379887093, 60.487799902043989 ], [ 39.390570759033494, 60.490227179440929 ], [ 39.390674322262328, 60.490440052566541 ], [ 39.390546799295514, 60.491473845741552 ], [ 39.390410138317407, 60.491711658866102 ], [ 39.390060274162465, 60.492850786035085 ], [ 39.390490590768302, 60.493773629849315 ], [ 39.390641498806296, 60.494001733893064 ], [ 39.390872028321603, 60.494213000829511 ], [ 39.3911749100942, 60.494400744199133 ], [ 39.391540527673378, 60.494558922356518 ], [ 39.391957290596622, 60.494682579137866 ], [ 39.392411816052629, 60.494767850156336 ], [ 39.392890017960099, 60.494811862977251 ], [ 39.393376395604314, 60.494813368442351 ], [ 39.396264413671929, 60.494694744267164 ] ], [ [ 39.415680565305991, 60.487754944934913 ], [ 39.415688342643072, 60.487637224578407 ], [ 39.415561576905418, 60.487467332751351 ], [ 39.41528005672938, 60.487415216139475 ], [ 39.414518966777052, 60.48773644498111 ], [ 39.413557420638597, 60.487750478901653 ], [ 39.413183756825099, 60.487701466749449 ], [ 39.412959945245454, 60.487541355049629 ], [ 39.412796470081211, 60.4875092924201 ], [ 39.412453769925719, 60.487338279138442 ], [ 39.412621339703207, 60.487216295995431 ], [ 39.412623691430383, 60.487181546191543 ], [ 39.412721240892722, 60.487142319562565 ], [ 39.412952656240236, 60.487164161397104 ], [ 39.413146840554418, 60.48733209270209 ], [ 39.414340029568848, 60.487499303650097 ], [ 39.414534752576913, 60.48747515505454 ], [ 39.414701670345949, 60.487376779115209 ], [ 39.414578009068002, 60.487282350300411 ], [ 39.414310987762065, 60.487241805265285 ], [ 39.413459202979986, 60.487196427273489 ], [ 39.413284328009524, 60.486933767679417 ], [ 39.412470026070991, 60.486895321661954 ], [ 39.413872581754383, 60.486043717643611 ], [ 39.414959395359965, 60.486015675882932 ], [ 39.415288034615287, 60.485802172332576 ], [ 39.415429775863629, 60.485510176853317 ], [ 39.415341112602448, 60.485397839838576 ], [ 39.414994510288579, 60.485264376849656 ], [ 39.414671829041822, 60.485325706116605 ], [ 39.413980580439606, 60.485898244208769 ], [ 39.413833545781699, 60.485895875394476 ], [ 39.413352208837523, 60.485668408070751 ], [ 39.412440201853997, 60.485607167836683 ], [ 39.411919471006961, 60.485395748015534 ], [ 39.411839551853973, 60.485578377840064 ], [ 39.412161358060409, 60.485737410353352 ], [ 39.412977141182296, 60.485819020231745 ], [ 39.412878370440637, 60.486140892987962 ], [ 39.41243631678276, 60.486159815623182 ], [ 39.411406368209491, 60.486322732308381 ], [ 39.410747675964615, 60.485256830638363 ], [ 39.40891681905611, 60.484447366153169 ], [ 39.408658451026845, 60.484182455556038 ], [ 39.408060183330967, 60.481893687244046 ], [ 39.407199004230847, 60.481224442354275 ], [ 39.403083069827964, 60.479808990392755 ], [ 39.402199812371627, 60.479338930947051 ], [ 39.402037169979558, 60.479086859970771 ], [ 39.402252639447902, 60.478260275091763 ], [ 39.403007043840148, 60.47727236622687 ], [ 39.404898927843412, 60.475479423836518 ], [ 39.405545490931843, 60.474800409611348 ], [ 39.405569043276891, 60.47444473763472 ], [ 39.405501096798332, 60.47408076671416 ], [ 39.405269393667766, 60.473781572162011 ], [ 39.405418921246387, 60.47375638035281 ], [ 39.404944188923366, 60.473148638299158 ], [ 39.403683325924924, 60.472971905329366 ], [ 39.402556220893018, 60.472577278318894 ], [ 39.401648659258392, 60.472476533565313 ], [ 39.399171448803479, 60.47186735799233 ], [ 39.401882902973739, 60.471666882021175 ], [ 39.404116503274167, 60.470863743367183 ], [ 39.414498328235432, 60.473128272252154 ], [ 39.418810275274154, 60.468160570154332 ], [ 39.41772407500622, 60.464087620647319 ], [ 39.423701415388166, 60.465179706078736 ], [ 39.426717535585965, 60.46529535889384 ], [ 39.436381729433435, 60.466495793746034 ], [ 39.435790754340019, 60.468325083136207 ], [ 39.431520212088287, 60.46777776563151 ], [ 39.429341163763858, 60.468562251446933 ], [ 39.427987470045878, 60.470473806321237 ], [ 39.423627462337663, 60.470986928903805 ], [ 39.422446096710182, 60.476104530000221 ], [ 39.430000458554503, 60.477251451593347 ], [ 39.429284879693625, 60.483926619118336 ], [ 39.43380847318263, 60.486920151044323 ], [ 39.438843365429129, 60.485185575554063 ], [ 39.437827583876071, 60.485754655752928 ], [ 39.436468823377652, 60.486854756841758 ], [ 39.434937207786049, 60.487462424251639 ], [ 39.432957633588096, 60.487840839183541 ], [ 39.431448289706964, 60.488435393578705 ], [ 39.430941430003145, 60.487916633146263 ], [ 39.430915183289244, 60.487733524882444 ], [ 39.43105910899083, 60.48763429278852 ], [ 39.431691416925496, 60.487983036388187 ], [ 39.431943063421784, 60.487925185698941 ], [ 39.431842645122117, 60.487710527419097 ], [ 39.431239188338047, 60.487271839024345 ], [ 39.431181722558613, 60.486984012802097 ], [ 39.431379294618914, 60.486777078799321 ], [ 39.43136640463603, 60.486603667025804 ], [ 39.431059010964752, 60.486510375853342 ], [ 39.430750998559908, 60.486743170760903 ], [ 39.43054039981979, 60.487214608867248 ], [ 39.430117463050635, 60.487254467719644 ], [ 39.429917937662879, 60.48716800330088 ], [ 39.428895406697848, 60.486453196957655 ], [ 39.428246528754464, 60.48646500775407 ], [ 39.42816465897198, 60.486302910351171 ], [ 39.428573262346326, 60.486237840803888 ], [ 39.42889405321813, 60.486046704292164 ], [ 39.428789959389285, 60.485923795746757 ], [ 39.428473138125014, 60.485770605229376 ], [ 39.428191940805554, 60.48581823062699 ], [ 39.428319931419878, 60.486051380766753 ], [ 39.427903817807127, 60.486074043682322 ], [ 39.427520801943608, 60.485995424949067 ], [ 39.427446407325988, 60.485914594782905 ], [ 39.427428760828839, 60.485685476303829 ], [ 39.427454232327143, 60.485638546082214 ], [ 39.427905343057311, 60.485457234663834 ], [ 39.42808832541607, 60.48543691358288 ], [ 39.429055904206791, 60.485541032592728 ], [ 39.429330810768477, 60.485523244902005 ], [ 39.429700903374162, 60.485037203604236 ], [ 39.429661888985152, 60.484758411072001 ], [ 39.429552090756545, 60.484646492242 ], [ 39.429061146354968, 60.48449085916598 ], [ 39.428024729857555, 60.48463832909578 ], [ 39.427361847671307, 60.484635418889631 ], [ 39.427224735233487, 60.484650052657969 ], [ 39.426999796803329, 60.484760045140135 ], [ 39.426988171267283, 60.484935862600146 ], [ 39.427313613432652, 60.485334841429967 ], [ 39.427303282920313, 60.485491173279172 ], [ 39.427053962970206, 60.485493259706338 ], [ 39.426754478836301, 60.485220397303642 ], [ 39.426484893563156, 60.485199370254925 ], [ 39.426148949114854, 60.48501084627371 ], [ 39.425881493436343, 60.485008024201129 ], [ 39.425573131195215, 60.485140910724631 ], [ 39.42543052120174, 60.485059629998098 ], [ 39.425441241120552, 60.484897191752161 ], [ 39.42525078179829, 60.484707352062792 ], [ 39.424987587107637, 60.484727567923066 ], [ 39.424715500819893, 60.485093219676514 ], [ 39.424677002641715, 60.48557536870846 ], [ 39.424599384853877, 60.485590776793046 ], [ 39.424493517561928, 60.485475686054244 ], [ 39.424462181584595, 60.484926318994603 ], [ 39.424622492034523, 60.484529985970255 ], [ 39.425396182388049, 60.483595854765042 ], [ 39.425427852013911, 60.481827644630243 ], [ 39.425033192627893, 60.481679264586532 ], [ 39.424616650937878, 60.481650221880379 ], [ 39.423609889584895, 60.481430004890967 ], [ 39.423277804127508, 60.481261194049004 ], [ 39.422024875847505, 60.481056847395728 ], [ 39.422052388806883, 60.480923200945142 ], [ 39.422602260386157, 60.480655365752668 ], [ 39.42332434764068, 60.48063116589578 ], [ 39.423635471699818, 60.480291020714226 ], [ 39.423494872590481, 60.480175349013344 ], [ 39.422599660446167, 60.47993527589243 ], [ 39.422011383318868, 60.479896398200367 ], [ 39.421664906010783, 60.480071620309211 ], [ 39.421654878569939, 60.480226693107554 ], [ 39.421425596414331, 60.480357349312385 ], [ 39.421274825073283, 60.480682798672369 ], [ 39.421322608751552, 60.480843867250833 ], [ 39.421268968688132, 60.481054603587268 ], [ 39.421152388671935, 60.481149518935297 ], [ 39.420990275980607, 60.481146987343784 ], [ 39.420832578960528, 60.481017422016585 ], [ 39.420848689415656, 60.480770219969827 ], [ 39.420715052857581, 60.48062900932149 ], [ 39.420534513057476, 60.480590245843359 ], [ 39.420737935207676, 60.48013897503386 ], [ 39.421006464676793, 60.480000165575341 ], [ 39.421204072709941, 60.479671627943453 ], [ 39.420921901424776, 60.479626975704534 ], [ 39.420521868589503, 60.479853346754737 ], [ 39.420417305314572, 60.479982648580503 ], [ 39.419818272295565, 60.480282478054107 ], [ 39.419851182086568, 60.480526847236384 ], [ 39.419691151325765, 60.480622402901759 ], [ 39.419422916834314, 60.480602698755717 ], [ 39.419263976951122, 60.480637123005003 ], [ 39.419190663318602, 60.480717931587421 ], [ 39.419139750898971, 60.480969937812567 ], [ 39.41899811936787, 60.48115521793914 ], [ 39.418726525009276, 60.481043984392542 ], [ 39.418315721893237, 60.481099882653602 ], [ 39.418659446376516, 60.481296901630841 ], [ 39.418665198440294, 60.48151891996234 ], [ 39.418443731393268, 60.481684254025247 ], [ 39.418430252354426, 60.481989779804664 ], [ 39.418963386651114, 60.482359421849985 ], [ 39.420276752070599, 60.482163902941927 ], [ 39.420068566211519, 60.482478686342446 ], [ 39.419684606059896, 60.482634312223922 ], [ 39.419489452276586, 60.482851894199698 ], [ 39.419780743586607, 60.48308003871302 ], [ 39.421296672303747, 60.483594051624372 ], [ 39.421341275979266, 60.483785567649988 ], [ 39.421050157339039, 60.484114178127015 ], [ 39.419853069763519, 60.484525076571174 ], [ 39.419488956750108, 60.484519282239262 ], [ 39.419806319406284, 60.484959797157096 ], [ 39.42006900508067, 60.485110579289973 ], [ 39.419718410676296, 60.485481040617678 ], [ 39.419549594438422, 60.486003708604414 ], [ 39.418977137285196, 60.485948198850451 ], [ 39.418285608094486, 60.486153931359013 ], [ 39.417029800185276, 60.486174750664354 ], [ 39.415581927663986, 60.486783624964524 ], [ 39.414583045271513, 60.486856338749192 ], [ 39.414474382886617, 60.486976865889787 ], [ 39.414637224028816, 60.487005699953265 ], [ 39.415652021723581, 60.487045434699219 ], [ 39.415891593022756, 60.487107068836323 ], [ 39.415967201725145, 60.487200282667068 ], [ 39.416355331133786, 60.487471248399565 ], [ 39.416393645850235, 60.487673398009051 ], [ 39.415811287161311, 60.487793319905947 ], [ 39.415680565305991, 60.487754944934913 ] ], [ [ 39.392836152166865, 60.492798911340842 ], [ 39.393082421616612, 60.4919971009856 ], [ 39.393372401715112, 60.491491923913323 ], [ 39.39328960203369, 60.491399909778167 ], [ 39.393422600972428, 60.490321112729369 ], [ 39.392973521810745, 60.489398756347676 ], [ 39.392327488423, 60.488821221622217 ], [ 39.389969521776152, 60.487694220911756 ], [ 39.390420502104625, 60.48713301607598 ], [ 39.390404194698021, 60.486776791915588 ], [ 39.389578275317319, 60.486794286427369 ], [ 39.38840872318417, 60.487269171635155 ], [ 39.388393404132451, 60.487500297400963 ], [ 39.38673806520972, 60.486786364299455 ], [ 39.385300836164845, 60.481859744132066 ], [ 39.383848306953951, 60.476206006801924 ], [ 39.394189602168581, 60.474266624205484 ], [ 39.396964024170529, 60.474966813867532 ], [ 39.397938856892893, 60.475023361439128 ], [ 39.399939524689501, 60.474596949689669 ], [ 39.400495159124432, 60.474574382102219 ], [ 39.40391590769314, 60.474011488339656 ], [ 39.40495698897405, 60.473835902005412 ], [ 39.40521001592964, 60.474178582375835 ], [ 39.405241474214847, 60.474351427576487 ], [ 39.405185345727261, 60.474650853254445 ], [ 39.404628597931605, 60.475364203595277 ], [ 39.403083022163912, 60.47675830025554 ], [ 39.401928126282144, 60.478180579870013 ], [ 39.401701964774013, 60.479099142011975 ], [ 39.402110190433113, 60.479645479255623 ], [ 39.404026372319372, 60.480362220939909 ], [ 39.407044148169071, 60.481379814626905 ], [ 39.407764849568309, 60.482018818913488 ], [ 39.408163787029309, 60.484088523166953 ], [ 39.408509910004504, 60.48450832489943 ], [ 39.409174025161285, 60.484867649922251 ], [ 39.410411503088532, 60.485399733810823 ], [ 39.409810671425532, 60.485494438717517 ], [ 39.409573591248432, 60.485601698159996 ], [ 39.409657274064102, 60.485849690710836 ], [ 39.409009637185186, 60.48597700503489 ], [ 39.408951745127126, 60.48612655059997 ], [ 39.409551249390795, 60.486840642881525 ], [ 39.409813389176747, 60.487707604622422 ], [ 39.409844271895793, 60.488902137224038 ], [ 39.409776656367733, 60.48900049517686 ], [ 39.40966301443671, 60.489009394867828 ], [ 39.409015732790003, 60.488705343077271 ], [ 39.408673501181276, 60.488648128208695 ], [ 39.408234667995707, 60.488652566363029 ], [ 39.40774245914735, 60.488516339757425 ], [ 39.407621434681623, 60.488514336067894 ], [ 39.407340202288651, 60.488355749618329 ], [ 39.407284045022834, 60.488075087395536 ], [ 39.407015323998159, 60.488011382119744 ], [ 39.40668693835169, 60.487547481231431 ], [ 39.406383847936418, 60.48733212867495 ], [ 39.406234429175747, 60.487343050941206 ], [ 39.406050116719648, 60.487721115137504 ], [ 39.405971753393885, 60.488067802886981 ], [ 39.40562495772577, 60.488202953903404 ], [ 39.405656522130975, 60.488579544110856 ], [ 39.405169158829779, 60.488813607062461 ], [ 39.405193820038903, 60.488955710737621 ], [ 39.405795057296245, 60.489591721181171 ], [ 39.405772717237255, 60.489931497640661 ], [ 39.405848652393558, 60.490079375862642 ], [ 39.405929732571281, 60.490574484125304 ], [ 39.406038034327985, 60.490687150291933 ], [ 39.406887586093376, 60.490872427720539 ], [ 39.407224597137606, 60.490634476999659 ], [ 39.407583741396699, 60.490738979120728 ], [ 39.407876344817623, 60.490700389211774 ], [ 39.407982417154976, 60.490487256182121 ], [ 39.407883988155668, 60.490369771447938 ], [ 39.407282276056371, 60.490014347684159 ], [ 39.407129129605828, 60.489746515189651 ], [ 39.407197860293188, 60.48949700278461 ], [ 39.407482609934675, 60.489161195033311 ], [ 39.40793151192991, 60.488890212213661 ], [ 39.408258559385153, 60.488792609691352 ], [ 39.408532089084815, 60.488797044248365 ], [ 39.409556637229166, 60.489244789715436 ], [ 39.409798511692138, 60.489297085292435 ], [ 39.409921874395131, 60.489407945620357 ], [ 39.40996749340524, 60.49007991815386 ], [ 39.409761261772985, 60.490109878168525 ], [ 39.409485342574676, 60.490049993212786 ], [ 39.40917292618974, 60.490109538224765 ], [ 39.409125961793841, 60.49019789032053 ], [ 39.409454910415946, 60.490309311825449 ], [ 39.410004142577293, 60.490406121145718 ], [ 39.410313694621493, 60.490609305874955 ], [ 39.410964765111991, 60.490670001119838 ], [ 39.411744978248294, 60.490839540412637 ], [ 39.411996139110663, 60.490843572073345 ], [ 39.411915285562138, 60.49132060486221 ], [ 39.411662276592949, 60.491295041633009 ], [ 39.411005567353243, 60.491104422231452 ], [ 39.410528006662325, 60.49104233933263 ], [ 39.409951980099947, 60.491081504807767 ], [ 39.409824512891134, 60.491235090127468 ], [ 39.410126158995183, 60.491352430970103 ], [ 39.410896358180537, 60.491459390038976 ], [ 39.410684264767156, 60.491721585582852 ], [ 39.410227359705061, 60.491629121786715 ], [ 39.409944775631061, 60.491654728183342 ], [ 39.409725043376227, 60.491827934911427 ], [ 39.409536783795708, 60.492097514788654 ], [ 39.409380915996614, 60.492106148280293 ], [ 39.408815806304574, 60.491554290997897 ], [ 39.408586951326917, 60.491499576244607 ], [ 39.408544768626307, 60.491355969802335 ], [ 39.408669417359867, 60.491267567344543 ], [ 39.409200799777238, 60.49141807788213 ], [ 39.409275049604048, 60.491391481331959 ], [ 39.409282548151225, 60.490938976652615 ], [ 39.409250009780294, 60.490843687186548 ], [ 39.409095445098906, 60.490770634357418 ], [ 39.408716407836096, 60.490787793422101 ], [ 39.407591712987312, 60.49128221460267 ], [ 39.40705522871599, 60.491358631795592 ], [ 39.406861313299146, 60.49146964680692 ], [ 39.406720823907051, 60.49184752124625 ], [ 39.406753820032918, 60.492029421720567 ], [ 39.407222694172162, 60.492292984233977 ], [ 39.40725539172314, 60.49233244558603 ], [ 39.407183085331262, 60.492377697672801 ], [ 39.406964704757513, 60.492382241947105 ], [ 39.406509726043161, 60.492093636911974 ], [ 39.406358296398423, 60.492091197950565 ], [ 39.405880922766521, 60.492319544811323 ], [ 39.405699221042369, 60.492335160639286 ], [ 39.403614213924982, 60.493184040611141 ], [ 39.403441911015534, 60.492962102319318 ], [ 39.403198167761389, 60.492125796668347 ], [ 39.402869811792527, 60.491877388630762 ], [ 39.402318729725778, 60.491786486956983 ], [ 39.400715788003367, 60.491850116689704 ], [ 39.400552953156421, 60.491821984097427 ], [ 39.398759659131144, 60.491772276769311 ], [ 39.397796567957414, 60.491696990024252 ], [ 39.397502122724966, 60.492377138294451 ], [ 39.397296356042148, 60.492614230162758 ], [ 39.397249852099144, 60.492770429811614 ], [ 39.396625302615796, 60.492883265950127 ], [ 39.396565578638729, 60.493160627660984 ], [ 39.396037886139709, 60.493353177007691 ], [ 39.393149985883326, 60.493471795786881 ], [ 39.392836152166865, 60.492798911340842 ] ] ] ] } },
{ "type": "Feature", "properties": { "nid": 10538.0, "title": "Старый парк (с.Куркино)", "sig": "regional", "start_date": "1963-01-29", "created_at": "2024-10-10", "updated_at": "2026-06-24", "area": 6.33, "subj_title": "Вологодская область", "federal_ti": "Северо-Западный федеральный округ", "agency_tit": "Министерство природных ресурсов и экологии Вологодской области", "management": null, "category_t": "памятник природы", "status_tit": "действующий" }, "geometry": { "type": "MultiPolygon", "coordinates": [ [ [ [ 39.637659957940855, 59.361640036058986 ], [ 39.634590028607072, 59.359039998897003 ], [ 39.634475485555349, 59.358999116616111 ], [ 39.63383997603421, 59.359020018659109 ], [ 39.633210010833523, 59.358789955891901 ], [ 39.632620006108539, 59.358550042850354 ], [ 39.632301925793392, 59.358837442793913 ], [ 39.632607497438237, 59.35893033556669 ], [ 39.63306038343012, 59.359171119152002 ], [ 39.633215511986457, 59.359382144170802 ], [ 39.633036495637953, 59.359514250082725 ], [ 39.632663327350819, 59.359501996819866 ], [ 39.632846433816042, 59.359586658997252 ], [ 39.632860749224335, 59.359671734862829 ], [ 39.632938823867782, 59.359804310220909 ], [ 39.632962113610802, 59.359828894088352 ], [ 39.633100788171021, 59.35993726599218 ], [ 39.633396186684813, 59.360129979914788 ], [ 39.6334795529392, 59.360207749688072 ], [ 39.633548286324526, 59.360339503965122 ], [ 39.633603156660513, 59.360411494694922 ], [ 39.633685207206724, 59.360475539914432 ], [ 39.633892037787454, 59.36058155019856 ], [ 39.634001452904897, 59.360682083611437 ], [ 39.634069411074613, 59.36076186696674 ], [ 39.634370622806159, 59.360739434277662 ], [ 39.634628092412697, 59.360839634941392 ], [ 39.634887097161993, 59.361087140059617 ], [ 39.63507713829943, 59.361168240921764 ], [ 39.635733715338858, 59.361189080911522 ], [ 39.635969193823428, 59.361250232112695 ], [ 39.636178317675387, 59.361455148936166 ], [ 39.636184754123292, 59.361656635745305 ], [ 39.636037485641623, 59.361775195169272 ], [ 39.635789332112147, 59.361856889583976 ], [ 39.635841107880985, 59.36191983942922 ], [ 39.636530003856763, 59.361950011683852 ], [ 39.637659957940855, 59.361640036058986 ] ] ] ] } },
{ "type": "Feature", "properties": { "nid": 10499.0, "title": "Старый парк (д.Грибцово)", "sig": "regional", "start_date": "1966-03-24", "created_at": "2024-10-10", "updated_at": "2026-06-24", "area": 2.13, "subj_title": "Вологодская область", "federal_ti": "Северо-Западный федеральный округ", "agency_tit": "Министерство природных ресурсов и экологии Вологодской области", "management": null, "category_t": "памятник природы", "status_tit": "действующий" }, "geometry": { "type": "MultiPolygon", "coordinates": [ [ [ [ 39.708324969222133, 59.109580185277466 ], [ 39.708065065150784, 59.109477104984592 ], [ 39.708490314076919, 59.109167348794287 ], [ 39.708462137417889, 59.108921968773977 ], [ 39.708350922757063, 59.108709110936907 ], [ 39.708373672906866, 59.108643550359702 ], [ 39.70896233134669, 59.108060846331178 ], [ 39.708589664881281, 59.107843589010592 ], [ 39.707725724862485, 59.107545783011624 ], [ 39.707315046752164, 59.107463976181741 ], [ 39.706951792591326, 59.107437498342037 ], [ 39.706554820149002, 59.107575970554748 ], [ 39.706229172038832, 59.10797182783773 ], [ 39.70485893978838, 59.109149964899132 ], [ 39.704161807821315, 59.109515005113572 ], [ 39.706726367627937, 59.110803651767284 ], [ 39.708324969222133, 59.109580185277466 ] ], [ [ 39.705685599311153, 59.109444350776357 ], [ 39.705435091356541, 59.109464625991841 ], [ 39.705216337564082, 59.109354709952058 ], [ 39.705219723511611, 59.109347004560789 ], [ 39.70526919611666, 59.109234386957539 ], [ 39.706619233191248, 59.108073661670332 ], [ 39.706906476652755, 59.107724472006957 ], [ 39.707057260584286, 59.107671865264521 ], [ 39.707204243980861, 59.107682585183341 ], [ 39.707523016773962, 59.107746089010959 ], [ 39.708299895224165, 59.108013879237326 ], [ 39.708437173137213, 59.108093902711623 ], [ 39.707955769643199, 59.108570518214997 ], [ 39.70790439587136, 59.108719018767879 ], [ 39.708029234361838, 59.108958061265689 ], [ 39.708045786384105, 59.109102095785254 ], [ 39.707874731733625, 59.109226706747286 ], [ 39.707546393751208, 59.109190580980666 ], [ 39.707283488642247, 59.10918996314642 ], [ 39.707004277025931, 59.109399568135743 ], [ 39.706827661867294, 59.109530242326954 ], [ 39.70650073941777, 59.109536206630828 ], [ 39.705685599311153, 59.109444350776357 ] ] ] ] } },
{ "type": "Feature", "properties": { "nid": 10516.0, "title": "Старый парк (д.Красково)", "sig": "regional", "start_date": "1963-01-29", "created_at": "2024-10-10", "updated_at": "2026-06-24", "area": 1.1, "subj_title": "Вологодская область", "federal_ti": "Северо-Западный федеральный округ", "agency_tit": null, "management": null, "category_t": "памятник природы", "status_tit": "действующий" }, "geometry": { "type": "MultiPolygon", "coordinates": [ [ [ [ 39.744592558899626, 59.333869386762963 ], [ 39.74445290497777, 59.333755215131255 ], [ 39.742420387690913, 59.334404670439362 ], [ 39.742560038914803, 59.334518842970397 ], [ 39.744592558899626, 59.333869386762963 ] ] ], [ [ [ 39.742552527777093, 59.333426887041341 ], [ 39.74382277520106, 59.333198095915563 ], [ 39.744221520207134, 59.333550583392878 ], [ 39.744449510037043, 59.333483227768916 ], [ 39.744074695091278, 59.333151799715935 ], [ 39.743681283064909, 59.333071462378257 ], [ 39.742403811386964, 59.333319620404311 ], [ 39.741588416772167, 59.33360241491966 ], [ 39.741687519363659, 59.333903602369489 ], [ 39.741937961667759, 59.333885152777732 ], [ 39.741882182117195, 59.33368716972727 ], [ 39.742552527777093, 59.333426887041341 ] ] ] ] } },
{ "type": "Feature", "properties": { "nid": 10542.0, "title": "Старый парк (пос.Можайское (Котельниково))", "sig": "regional", "start_date": "1963-01-29", "created_at": "2024-10-10", "updated_at": "2026-06-24", "area": 4.03, "subj_title": "Вологодская область", "federal_ti": "Северо-Западный федеральный округ", "agency_tit": "Департамент сельского хозяйства и продовольственных ресурсов Вологодской области", "management": null, "category_t": "памятник природы", "status_tit": "действующий" }, "geometry": { "type": "MultiPolygon", "coordinates": [ [ [ [ 39.796489184028758, 59.128624417782817 ], [ 39.796536422717899, 59.128434352363634 ], [ 39.795878656774725, 59.128381320241878 ], [ 39.795313728745718, 59.12827307784044 ], [ 39.795527368993078, 59.127802474304936 ], [ 39.795166831684128, 59.126718082573625 ], [ 39.79483322097655, 59.126081698012101 ], [ 39.791868388215725, 59.126481049161278 ], [ 39.791573391698819, 59.126451638632375 ], [ 39.791449288853755, 59.125787385879342 ], [ 39.790834282076617, 59.125799548310674 ], [ 39.790811184788538, 59.125725881244598 ], [ 39.790146836707315, 59.125798303648942 ], [ 39.790331230102367, 59.126092184107165 ], [ 39.790490977576724, 59.126346796567582 ], [ 39.790573256550708, 59.126477806205955 ], [ 39.790731986891842, 59.126728297972747 ], [ 39.79173203840304, 59.127230568436175 ], [ 39.79487026674957, 59.126900752867641 ], [ 39.795190047682695, 59.12781998410513 ], [ 39.794780012587694, 59.128510003334164 ], [ 39.796375363132654, 59.12887123402038 ], [ 39.796489184028758, 59.128624417782817 ] ] ] ] } },
{ "type": "Feature", "properties": { "nid": 11079.0, "title": "Михальцевская роща", "sig": "regional", "start_date": "1982-07-05", "created_at": "2024-10-10", "updated_at": "2026-06-24", "area": 35.86, "subj_title": "Вологодская область", "federal_ti": "Северо-Западный федеральный округ", "agency_tit": null, "management": null, "category_t": "памятник природы", "status_tit": "действующий" }, "geometry": { "type": "MultiPolygon", "coordinates": [ [ [ [ 39.805375434628779, 59.253274162172985 ], [ 39.805689857401148, 59.253205772328727 ], [ 39.805795853296161, 59.253156538943301 ], [ 39.805687317715687, 59.252388374923726 ], [ 39.805638480031973, 59.252075613199167 ], [ 39.805495450055162, 59.251989998639701 ], [ 39.805091507866955, 59.251854469908032 ], [ 39.804315210378832, 59.251603124684607 ], [ 39.803915970745607, 59.251418797839385 ], [ 39.803581979624823, 59.251154300031089 ], [ 39.803441421884258, 59.250748962095102 ], [ 39.80349258161749, 59.250476175235463 ], [ 39.803660601955357, 59.250287911158352 ], [ 39.804440370826626, 59.249861676575264 ], [ 39.805041755572745, 59.249546957026602 ], [ 39.805263379101795, 59.249343898202483 ], [ 39.805485799430244, 59.249391400392994 ], [ 39.805699751742338, 59.249437457372956 ], [ 39.806315908752367, 59.249381864881329 ], [ 39.806915898649947, 59.249377599396837 ], [ 39.807528418801667, 59.249337567874633 ], [ 39.807961329951581, 59.249241811660461 ], [ 39.807902730127068, 59.249049895436478 ], [ 39.807717393343175, 59.248790973424832 ], [ 39.80797462283072, 59.248693861932331 ], [ 39.8089614722943, 59.248647961434401 ], [ 39.809295452623189, 59.248664571013293 ], [ 39.809432170258617, 59.24858388563797 ], [ 39.809203279308058, 59.248474956154482 ], [ 39.809220750437468, 59.248454406645692 ], [ 39.808872319801871, 59.248411901088552 ], [ 39.807928850935866, 59.24840764639594 ], [ 39.806491374577433, 59.248600994340563 ], [ 39.804935194004145, 59.248736308134241 ], [ 39.805017290415776, 59.248843070251667 ], [ 39.8051301886075, 59.248838928873631 ], [ 39.805204302636639, 59.248842972225525 ], [ 39.805222897019235, 59.248867212551993 ], [ 39.805228501594236, 59.24888143263216 ], [ 39.805238302405876, 59.248952532133828 ], [ 39.805234738392635, 59.248998622388683 ], [ 39.805125393422315, 59.249271162834063 ], [ 39.805096711344333, 59.249268117729613 ], [ 39.805033135570902, 59.249398279307272 ], [ 39.804972256864339, 59.249515935811992 ], [ 39.804791414892058, 59.249631605714221 ], [ 39.804556532658012, 59.249736305686092 ], [ 39.804484111152981, 59.249744994036398 ], [ 39.803909579263859, 59.249979730580264 ], [ 39.803515410008337, 59.25022897858468 ], [ 39.803182554731279, 59.25050609388132 ], [ 39.80308707011239, 59.250731814721618 ], [ 39.803030025215655, 59.250820435714722 ], [ 39.80317748795084, 59.25111312636983 ], [ 39.803483413928568, 59.251267379885846 ], [ 39.803487647936777, 59.251401825833739 ], [ 39.803883786707559, 59.251497035260108 ], [ 39.80451523039374, 59.251746725730968 ], [ 39.80527661982029, 59.251954762302596 ], [ 39.805569892336848, 59.2520790576026 ], [ 39.805709720727172, 59.25315485631171 ], [ 39.805502290298648, 59.253201026606234 ], [ 39.804950924945381, 59.253280499695443 ], [ 39.805046493201246, 59.253329045998825 ], [ 39.805375434628779, 59.253274162172985 ] ] ] ] } },
{ "type": "Feature", "properties": { "nid": 11103.0, "title": "Еловый лес у деревни Кирики-Улита", "sig": "regional", "start_date": "1963-01-29", "created_at": "2024-10-10", "updated_at": "2026-06-24", "area": 47.9, "subj_title": "Вологодская область", "federal_ti": "Северо-Западный федеральный округ", "agency_tit": "Министерство природных ресурсов и экологии Вологодской области", "management": null, "category_t": "памятник природы", "status_tit": "действующий" }, "geometry": { "type": "MultiPolygon", "coordinates": [ [ [ [ 39.853182076192013, 59.16629282385491 ], [ 39.853183785803253, 59.166273413787152 ], [ 39.852973107023438, 59.166273911112285 ], [ 39.853069457689514, 59.166126963688612 ], [ 39.853090648414877, 59.165879588972011 ], [ 39.852606445331332, 59.165579552654357 ], [ 39.850404996693378, 59.165157731943971 ], [ 39.850402576617796, 59.165158474783937 ], [ 39.850152851972723, 59.165350855957399 ], [ 39.850084858729417, 59.16542057679834 ], [ 39.849904235292399, 59.165378930093702 ], [ 39.849922033774988, 59.165354961362517 ], [ 39.849872420875663, 59.165337680889415 ], [ 39.850035635236566, 59.165201558605183 ], [ 39.850062574428421, 59.165165019150486 ], [ 39.850081694914472, 59.165060684303292 ], [ 39.848819432570906, 59.164667414369831 ], [ 39.848065615435985, 59.164231886192745 ], [ 39.848244655166859, 59.164033481360264 ], [ 39.848359811556229, 59.164087186174875 ], [ 39.848421106648907, 59.164048328267882 ], [ 39.849273868094713, 59.164451083350968 ], [ 39.849309957888408, 59.164462214259956 ], [ 39.849340590595943, 59.16446774329188 ], [ 39.849371120780745, 59.164470579753647 ], [ 39.849490571432902, 59.164476028745931 ], [ 39.849592312635309, 59.163926999831347 ], [ 39.849846873834338, 59.163825427701497 ], [ 39.849990527940683, 59.163920503128907 ], [ 39.850082226413797, 59.163835104406701 ], [ 39.850082470130076, 59.163777013598455 ], [ 39.850063533105754, 59.163651154377426 ], [ 39.850214341318974, 59.163607628989048 ], [ 39.850359901088723, 59.163642352712607 ], [ 39.850382153913408, 59.163634409000949 ], [ 39.850443350980008, 59.163634515120911 ], [ 39.850515560245071, 59.163648336801486 ], [ 39.850582139754124, 59.163670473613656 ], [ 39.850623934846908, 59.16369833730856 ], [ 39.850657305090749, 59.163734543114856 ], [ 39.850673988413973, 59.163759513690749 ], [ 39.850679373554378, 59.163767809037317 ], [ 39.850721067923125, 59.163834456894854 ], [ 39.85072386841199, 59.163848345125174 ], [ 39.850748707686876, 59.163917764693274 ], [ 39.850771211422455, 59.164017733331882 ], [ 39.850832297872387, 59.164176121031332 ], [ 39.850846017929541, 59.164403931896125 ], [ 39.850882173373748, 59.164573342585868 ], [ 39.85092656211134, 59.164637269994145 ], [ 39.851032181190369, 59.164706688662925 ], [ 39.851101462262811, 59.16474002203455 ], [ 39.851151647130962, 59.164753974116749 ], [ 39.851337757331798, 59.164778953685911 ], [ 39.851448927026517, 59.164773531673276 ], [ 39.851879416302204, 59.164737259317228 ], [ 39.852109932327672, 59.164734500197184 ], [ 39.852250154621117, 59.164734441741238 ], [ 39.852334625242918, 59.164730363315741 ], [ 39.85233090204963, 59.164738210799953 ], [ 39.852401712868925, 59.164742799141038 ], [ 39.852617061828084, 59.164773410264843 ], [ 39.85275435592893, 59.164792861701358 ], [ 39.852823843845499, 59.164799438443488 ], [ 39.852853084402504, 59.164754523602532 ], [ 39.852956565793022, 59.164648086140453 ], [ 39.852824648738704, 59.164512496254872 ], [ 39.8530131079687, 59.164130302371753 ], [ 39.853465536205704, 59.164096495956699 ], [ 39.853267696147441, 59.163680288814419 ], [ 39.853145104163389, 59.163665717099306 ], [ 39.853248727646822, 59.163544733103102 ], [ 39.853154601004171, 59.163235040764675 ], [ 39.853050880393994, 59.163302876626631 ], [ 39.852900073979413, 59.163254381584629 ], [ 39.852862395083605, 59.163114075654207 ], [ 39.853060300792428, 59.163017285219709 ], [ 39.853173459787513, 59.16285284238495 ], [ 39.853107471133058, 59.162446265183164 ], [ 39.853229954299131, 59.162315574804083 ], [ 39.853286390354803, 59.162112378383711 ], [ 39.853474974590597, 59.161991349421371 ], [ 39.853418437810824, 59.161773573192008 ], [ 39.853540936265347, 59.16146871111232 ], [ 39.853757712448605, 59.16137190898656 ], [ 39.853729498917403, 59.161154208300218 ], [ 39.853559780659509, 59.161173596784231 ], [ 39.853691661740974, 59.160660532657616 ], [ 39.85344676555593, 59.160220108571302 ], [ 39.853522019026109, 59.159895878691998 ], [ 39.853654042200446, 59.1597313360325 ], [ 39.852428938045193, 59.158632692744725 ], [ 39.852730570659496, 59.158027699918584 ], [ 39.852862533579241, 59.158109960906117 ], [ 39.852913627661955, 59.158065277190978 ], [ 39.852893600659286, 59.157984497386799 ], [ 39.852886523894142, 59.157968498447573 ], [ 39.852824759355315, 59.157916416909309 ], [ 39.852466741946735, 59.157819631870659 ], [ 39.852315920243711, 59.157655053238273 ], [ 39.852435337620875, 59.157342859885254 ], [ 39.855011240576459, 59.15432503007623 ], [ 39.855309218345887, 59.154048478654538 ], [ 39.858685318272983, 59.155015108660514 ], [ 39.858841043079842, 59.155051247916902 ], [ 39.85891040688994, 59.1550596170079 ], [ 39.859049229838256, 59.155065131650701 ], [ 39.859065941939832, 59.15506792584425 ], [ 39.859082651343435, 59.15507063100501 ], [ 39.85909639298432, 59.155073454876231 ], [ 39.859107621020087, 59.15507908822952 ], [ 39.859110518635696, 59.155081752021417 ], [ 39.859116015292045, 59.155092918903271 ], [ 39.859115914567951, 59.155104051610863 ], [ 39.859107774804151, 59.155115177123889 ], [ 39.859085478811949, 59.155140091042526 ], [ 39.859054794843068, 59.155165090396785 ], [ 39.859040923699801, 59.155181749438313 ], [ 39.859035403661089, 59.155192847072378 ], [ 39.859032543817023, 59.155209485429573 ], [ 39.859032560904154, 59.15523740668111 ], [ 39.85903526516551, 59.155262427619093 ], [ 39.859024401355214, 59.155284622887223 ], [ 39.859010353944818, 59.155301283727439 ], [ 39.858979807572211, 59.15532071537887 ], [ 39.858954815412567, 59.155334522670266 ], [ 39.858943814005954, 59.155348550295514 ], [ 39.858938153673023, 59.155365125700129 ], [ 39.858938198639123, 59.15538460771365 ], [ 39.858938133887925, 59.155401218191848 ], [ 39.858954853184109, 59.155417927595472 ], [ 39.858976989996279, 59.155434583039714 ], [ 39.858979822860704, 59.155440121064871 ], [ 39.859004892362066, 59.155451180927393 ], [ 39.859040911109332, 59.155465183371689 ], [ 39.859071474569078, 59.155487409216732 ], [ 39.859088335058793, 59.155512377993986 ], [ 39.859088201959139, 59.155531770974619 ], [ 39.859077026084037, 59.155559535744139 ], [ 39.859060465068573, 59.155579005167098 ], [ 39.859035402761776, 59.155595597658866 ], [ 39.859007618207158, 59.155609523660743 ], [ 39.858974237171473, 59.155623417287075 ], [ 39.858960289585866, 59.155628943621018 ], [ 39.858851967144744, 59.155662356133 ], [ 39.858693794383271, 59.155704081078618 ], [ 39.858685335360114, 59.155706859084425 ], [ 39.858613222322504, 59.155731826063111 ], [ 39.858554814053598, 59.155754051008849 ], [ 39.858501927621994, 59.15577900359829 ], [ 39.858465857613389, 59.155795706706655 ], [ 39.858452019745073, 59.155804106374603 ], [ 39.858446497008401, 59.155815114975731 ], [ 39.858446360311454, 59.155820681779218 ], [ 39.858454928152582, 59.155834511553607 ], [ 39.858468640115795, 59.155845685630069 ], [ 39.858516026293728, 59.155887315247575 ], [ 39.858563070729303, 59.155942863672394 ], [ 39.858596540797862, 59.155967934073075 ], [ 39.858618745059168, 59.155981806115612 ], [ 39.858671404861639, 59.156015033367275 ], [ 39.858696515731758, 59.156031748166804 ], [ 39.858704838057974, 59.156034536964448 ], [ 39.858724247226405, 59.15604843688601 ], [ 39.858740829825585, 59.156070714891769 ], [ 39.858746500051097, 59.156081879974977 ], [ 39.858751999405392, 59.15610687303392 ], [ 39.858746411018217, 59.156120754969024 ], [ 39.858735265720092, 59.156140170432693 ], [ 39.858713040774369, 59.156162389982441 ], [ 39.858593710631389, 59.156223474633805 ], [ 39.85854362378938, 59.156248489276543 ], [ 39.858232563582135, 59.15637901777761 ], [ 39.858193763231782, 59.156392876330365 ], [ 39.858146430113827, 59.156398470113452 ], [ 39.858101957739336, 59.156401161784338 ], [ 39.857999279443327, 59.156390164874367 ], [ 39.85790760525196, 59.156378968314925 ], [ 39.857846529593814, 59.156381737327486 ], [ 39.857788044882511, 59.156392829565611 ], [ 39.857754841013268, 59.156406811325425 ], [ 39.857721531024026, 59.156431745029181 ], [ 39.857713146644578, 59.156445655742566 ], [ 39.85770479733867, 59.156465042427939 ], [ 39.857704639057999, 59.156492964578831 ], [ 39.857721395226349, 59.156528977930179 ], [ 39.857738254816752, 59.156540209563154 ], [ 39.857764726361211, 59.156551345868067 ], [ 39.857801854871859, 59.156562374254335 ], [ 39.857849232955914, 59.156576261585379 ], [ 39.858007653030938, 59.156609591359704 ], [ 39.85847414396676, 59.156717927290671 ], [ 39.858560262146568, 59.156748391824976 ], [ 39.858590964101893, 59.156765051765888 ], [ 39.858699071605031, 59.156867837081151 ], [ 39.858738076101474, 59.15690964116714 ], [ 39.858761213859111, 59.156934187263118 ], [ 39.858828789816982, 59.157422085660869 ], [ 39.858881898381071, 59.157421191734777 ], [ 39.858629967699009, 59.157814090248202 ], [ 39.857559164723853, 59.158334008108163 ], [ 39.857099113833215, 59.158385860319342 ], [ 39.856620475754539, 59.158321634336112 ], [ 39.85612764637392, 59.158426244375853 ], [ 39.855235357925601, 59.158484767758004 ], [ 39.855231160789629, 59.15920537832573 ], [ 39.855237074731406, 59.15970494093046 ], [ 39.855379245855659, 59.160027346085307 ], [ 39.855467284088036, 59.16022738768396 ], [ 39.855385060872045, 59.160634374976603 ], [ 39.855558130903205, 59.160771884015396 ], [ 39.855693307100573, 59.160782017576189 ], [ 39.856656382086548, 59.160854484946682 ], [ 39.856819770016557, 59.161008429995192 ], [ 39.856841346551057, 59.161028681828384 ], [ 39.856861291715404, 59.161047424599118 ], [ 39.856789702083233, 59.162599351379114 ], [ 39.857026731898316, 59.162809025616184 ], [ 39.856994575739236, 59.163419040256656 ], [ 39.856954725880087, 59.163717329191556 ], [ 39.857018628107362, 59.163797486664848 ], [ 39.857148926382024, 59.163904002367985 ], [ 39.857312865596448, 59.164026158180818 ], [ 39.857377883882407, 59.164066802141342 ], [ 39.85870412399629, 59.164448481612276 ], [ 39.859980351012545, 59.164829215895793 ], [ 39.85993539390347, 59.165034455575835 ], [ 39.85957384305857, 59.16540125666284 ], [ 39.859548734886346, 59.165476296094354 ], [ 39.859432071233236, 59.165626235562506 ], [ 39.859385055576006, 59.16566791823999 ], [ 39.859287643709933, 59.165704002637767 ], [ 39.859218170182601, 59.165720773195289 ], [ 39.859148829754872, 59.165731886117825 ], [ 39.858973773121306, 59.165740203947443 ], [ 39.858682181437693, 59.165801227444817 ], [ 39.85848765088457, 59.165904008263588 ], [ 39.858432072782072, 59.165959602553755 ], [ 39.858401564181001, 59.166103915863182 ], [ 39.858437587424874, 59.166181840319823 ], [ 39.858526542965762, 59.16624019912603 ], [ 39.858571064802959, 59.166256808704922 ], [ 39.858673852816189, 59.166279027355408 ], [ 39.858751628884704, 59.166287311010755 ], [ 39.85879062438795, 59.166287366768735 ], [ 39.858951552672174, 59.166270752693272 ], [ 39.859018162758161, 59.166256795215084 ], [ 39.859073899141322, 59.16623737975145 ], [ 39.859157036967872, 59.166184649801899 ], [ 39.859201538120658, 59.166145775707157 ], [ 39.859304360308158, 59.166017883118954 ], [ 39.859362612095026, 59.16591790998369 ], [ 39.859398860169442, 59.165887288967383 ], [ 39.859468330099496, 59.16584295598777 ], [ 39.85957381877688, 59.165812355655859 ], [ 39.859718088918846, 59.165776246976407 ], [ 39.859776475604001, 59.165748456126494 ], [ 39.859804237675576, 59.165729143185558 ], [ 39.859834877577718, 59.165684482852768 ], [ 39.859848868330793, 59.165606773334098 ], [ 39.85984593923888, 59.165548446004159 ], [ 39.859873814625018, 59.165481817931713 ], [ 39.859915547664563, 59.165434622410096 ], [ 39.86009331575405, 59.165323478795692 ], [ 39.860195992251413, 59.165265075023342 ], [ 39.860273962573494, 59.165237355219901 ], [ 39.860353483326776, 59.165218149298298 ], [ 39.860982727271221, 59.165363530102965 ], [ 39.861196908011031, 59.16534502924987 ], [ 39.86204335441743, 59.165509580902601 ], [ 39.862082245599311, 59.165520680335291 ], [ 39.862349576272095, 59.165273781360092 ], [ 39.862221064950347, 59.164849254589569 ], [ 39.862755708309464, 59.164898531142441 ], [ 39.862931499689132, 59.164736139661258 ], [ 39.862781411832891, 59.164693215019994 ], [ 39.86181061706651, 59.164504516570332 ], [ 39.861578867171147, 59.164465826836583 ], [ 39.861448588681583, 59.164341989291536 ], [ 39.86128223119016, 59.164230187373377 ], [ 39.861083915390566, 59.164133071384299 ], [ 39.860858457152233, 59.164053108164566 ], [ 39.859570574022932, 59.16366881886109 ], [ 39.858742702214101, 59.163430625323244 ], [ 39.858787441687241, 59.162578708340902 ], [ 39.858548949574526, 59.162367614074306 ], [ 39.858619883600909, 59.16082808265007 ], [ 39.858375094435246, 59.160598198847993 ], [ 39.858353875830858, 59.160578212314803 ], [ 39.857773394027106, 59.160031285115892 ], [ 39.857152395966466, 59.159984562637639 ], [ 39.85708407087332, 59.159829482644675 ], [ 39.856983782975362, 59.159601823765328 ], [ 39.856980050788877, 59.159297689237107 ], [ 39.857063515968655, 59.159308880400658 ], [ 39.85840749610923, 59.159157364420992 ], [ 39.859830666052567, 59.158466358635735 ], [ 39.860105399045096, 59.158295252723924 ], [ 39.860290032559135, 59.158094889167955 ], [ 39.860541946154051, 59.157701987956543 ], [ 39.860610256858017, 59.15755468889796 ], [ 39.860629301800991, 59.157403577613181 ], [ 39.860508592997341, 59.156916574940169 ], [ 39.860455386407125, 59.156713671698739 ], [ 39.8603139967937, 59.156522340933449 ], [ 39.860364982957769, 59.156475141814482 ], [ 39.860443153828669, 59.156338875638774 ], [ 39.860519951434746, 59.156148398330068 ], [ 39.860506211592565, 59.156086229995708 ], [ 39.860574746227712, 59.156040827722158 ], [ 39.86075156283453, 59.155833000692596 ], [ 39.860835207878715, 59.155625125998931 ], [ 39.860837057784174, 59.155362682242178 ], [ 39.860816126063526, 59.15533182920074 ], [ 39.860862147969897, 59.155269148252771 ], [ 39.860864674165548, 59.154983264566162 ], [ 39.860748496146357, 59.154747150260945 ], [ 39.860509730639706, 59.154527802915936 ], [ 39.860068659041524, 59.154306456378031 ], [ 39.859670677559905, 59.154224638756261 ], [ 39.859599095122284, 59.154213060884217 ], [ 39.859391867940531, 59.154178428891555 ], [ 39.859346005214142, 59.154176647334566 ], [ 39.856160111000463, 59.153264413721899 ], [ 39.855896293079638, 59.153203052978654 ], [ 39.855616228905994, 59.153164838986292 ], [ 39.855347584323731, 59.153151108137294 ], [ 39.855078169921796, 59.153158482578085 ], [ 39.853127332660442, 59.15293179856382 ], [ 39.852683662021548, 59.152920806150469 ], [ 39.852231294039136, 59.152956942708897 ], [ 39.851791873596248, 59.153030296810918 ], [ 39.851242559596642, 59.153192375328032 ], [ 39.850737297088756, 59.153502145008119 ], [ 39.849909690579914, 59.15410629337088 ], [ 39.849249383152646, 59.154444272085627 ], [ 39.848504916269064, 59.155001882331185 ], [ 39.848080125997171, 59.155467053062225 ], [ 39.848037199557268, 59.155501328024044 ], [ 39.847836296408104, 59.155679750820006 ], [ 39.847730552323299, 59.15579078741505 ], [ 39.847553232096175, 59.156005872872932 ], [ 39.84724935927067, 59.156479708571851 ], [ 39.847166046975644, 59.156615479221152 ], [ 39.847096279369964, 59.156790436929271 ], [ 39.847082165409745, 59.156999494231457 ], [ 39.847155491632805, 59.157218810999488 ], [ 39.847441353735626, 59.157649679789074 ], [ 39.847577246692765, 59.157803819990484 ], [ 39.847755298968025, 59.157981779635584 ], [ 39.847929235945621, 59.158129524757953 ], [ 39.849052160029309, 59.158948851208663 ], [ 39.849419212027158, 59.15909942110158 ], [ 39.849709106690113, 59.159179119021303 ], [ 39.850144406439377, 59.159257629835892 ], [ 39.850467146142023, 59.159258351092198 ], [ 39.85075347859032, 59.159257908625754 ], [ 39.851062260814842, 59.159213340023761 ], [ 39.851772432951577, 59.159850213816455 ], [ 39.851669501046786, 59.160293048085862 ], [ 39.851911361120578, 59.160727759678537 ], [ 39.851623348738705, 59.161742995343104 ], [ 39.851537683817241, 59.162051436724596 ], [ 39.851325969917752, 59.162277197135097 ], [ 39.851378449855758, 59.162600236312016 ], [ 39.85100837703515, 59.162781164619211 ], [ 39.850578075717806, 59.162729629868693 ], [ 39.850134159563986, 59.162710908681674 ], [ 39.849689171418277, 59.162751451018835 ], [ 39.849278474422249, 59.162848031012011 ], [ 39.848917984777358, 59.16297310512487 ], [ 39.848609849165364, 59.163155653111055 ], [ 39.84834900170523, 59.163137431047801 ], [ 39.848021402965514, 59.163143217285821 ], [ 39.847701110318148, 59.163180352991048 ], [ 39.847399790667964, 59.1632476429645 ], [ 39.847127854567013, 59.163342919840019 ], [ 39.846895485038765, 59.163462759898593 ], [ 39.846710909980686, 59.163602771750682 ], [ 39.84656911567231, 59.16375528507853 ], [ 39.846499643044233, 59.16383219959652 ], [ 39.846402377767674, 59.163955539816477 ], [ 39.846341181600394, 59.164084892903631 ], [ 39.846317701201087, 59.164217551898666 ], [ 39.846332870066078, 59.164350452811327 ], [ 39.84638605866985, 59.164480820333765 ], [ 39.846476282254791, 59.164605700193071 ], [ 39.846601512849702, 59.164722330571287 ], [ 39.846759030904714, 59.164828134910699 ], [ 39.847687672648128, 59.165364721704677 ], [ 39.847760039294535, 59.165387252419912 ], [ 39.847683000670088, 59.165850743217376 ], [ 39.850917021203713, 59.166596435876947 ], [ 39.852238460736544, 59.167173229561065 ], [ 39.853182076192013, 59.16629282385491 ] ], [ [ 39.852638094272777, 59.153832882381778 ], [ 39.852776980173644, 59.153821793740988 ], [ 39.852890873914873, 59.153824602323716 ], [ 39.855018558359973, 59.154071868222331 ], [ 39.852143352933581, 59.157368950117124 ], [ 39.85182672592282, 59.157441252012347 ], [ 39.851793478886123, 59.157449576137203 ], [ 39.85174065540707, 59.15745791555053 ], [ 39.851612839261286, 59.157466289138085 ], [ 39.850890665671834, 59.157446766655134 ], [ 39.850773858127241, 59.157441203448954 ], [ 39.850568317174236, 59.157419019872066 ], [ 39.850493463902403, 59.157413483645549 ], [ 39.850435077217185, 59.157413439578747 ], [ 39.850371312586162, 59.15743293238409 ], [ 39.85032939788357, 59.157452384719932 ], [ 39.850310168579597, 59.157466224386901 ], [ 39.85029905475772, 59.157477377778953 ], [ 39.850290630808104, 59.157499547865996 ], [ 39.850298888383179, 59.157532863251213 ], [ 39.850340539584408, 59.157594035136746 ], [ 39.850557368827651, 59.157955111139636 ], [ 39.850668278618336, 59.158196764369322 ], [ 39.850685109430401, 59.158257914671196 ], [ 39.850687909019939, 59.158271802002226 ], [ 39.850687810094534, 59.15829685171849 ], [ 39.850679488667645, 59.158307888198642 ], [ 39.850659914023993, 59.158321819596438 ], [ 39.850615617017297, 59.158338423779412 ], [ 39.850548945777405, 59.158355072029124 ], [ 39.850510176003979, 59.158360666711573 ], [ 39.850468397998327, 59.158360726066796 ], [ 39.850446194636341, 59.158360679302071 ], [ 39.850415568224044, 59.158355150270161 ], [ 39.850385005663668, 59.158346747004927 ], [ 39.850337770571791, 59.158327379205332 ], [ 39.849393361014954, 59.157638343834662 ], [ 39.849282277655163, 59.157544020240486 ], [ 39.849151637638158, 59.157413349646554 ], [ 39.849068346926856, 59.157318927126923 ], [ 39.84885458257309, 59.156996691943945 ], [ 39.84883506728471, 59.156938351124154 ], [ 39.848837860578946, 59.156896755680926 ], [ 39.848860051350464, 59.156841139806943 ], [ 39.848912900909795, 59.156755052204048 ], [ 39.849190672711522, 59.156321784023312 ], [ 39.84932119132008, 59.156163454779808 ], [ 39.849379527643229, 59.15610227120299 ], [ 39.849529521970055, 59.155968974588689 ], [ 39.849612997042357, 59.15590233212707 ], [ 39.850026692378094, 59.15544920691552 ], [ 39.85059846244922, 59.155020983931422 ], [ 39.851251222765882, 59.154686844422471 ], [ 39.852124228850236, 59.154049553344393 ], [ 39.852382496155428, 59.153891198020524 ], [ 39.852504702330286, 59.153855137904472 ], [ 39.852638094272777, 59.153832882381778 ] ] ], [ [ [ 39.860718133235416, 59.167798408569858 ], [ 39.86146408669839, 59.168186629709332 ], [ 39.861821051900158, 59.168005803025551 ], [ 39.861964047702834, 59.167949954227183 ], [ 39.862077585312477, 59.167850857930944 ], [ 39.862766760977422, 59.167382073723886 ], [ 39.861862185091923, 59.167449744110563 ], [ 39.861489533015686, 59.167225196885497 ], [ 39.861462484106539, 59.167254019257769 ], [ 39.861243143056747, 59.167462366095492 ], [ 39.861062650021438, 59.167662419385294 ], [ 39.860970772583237, 59.167728974612643 ], [ 39.860896021834094, 59.167767884680302 ], [ 39.860812729324152, 59.167784615667642 ], [ 39.860718133235416, 59.167798408569858 ] ] ], [ [ [ 39.860718133235416, 59.167798408569858 ], [ 39.860606854722732, 59.167801236937692 ], [ 39.860504096387096, 59.16778449695714 ], [ 39.860295775629709, 59.167723481553601 ], [ 39.860023721717539, 59.167637342689368 ], [ 39.859829224439295, 59.167590194831796 ], [ 39.859740562976754, 59.167576274225837 ], [ 39.859659777776699, 59.167576281420395 ], [ 39.859554309783732, 59.167598440715594 ], [ 39.859548716899944, 59.167598498272241 ], [ 39.859382130980748, 59.167645693793929 ], [ 39.859312581010954, 59.16766515872024 ], [ 39.859268135616098, 59.167673507126828 ], [ 39.859248658998581, 59.167676306716373 ], [ 39.859198753819612, 59.167679054145182 ], [ 39.859173642050102, 59.167676254555651 ], [ 39.859137651181804, 59.167667908847072 ], [ 39.859093088875113, 59.167645733364054 ], [ 39.858859790347189, 59.167484594638495 ], [ 39.858812495900104, 59.167459573700505 ], [ 39.8587737782874, 59.167448471569848 ], [ 39.858748737564326, 59.167442977611479 ], [ 39.858701459305045, 59.167445788892209 ], [ 39.858673834829794, 59.167459624062573 ], [ 39.858645968436861, 59.167476244433303 ], [ 39.858390344239183, 59.167687374672752 ], [ 39.858207039923109, 59.167823440299685 ], [ 39.85815704211398, 59.167851235646197 ], [ 39.858068191793784, 59.16788732364126 ], [ 39.858012699126903, 59.16790404293738 ], [ 39.857945907377882, 59.167917912282014 ], [ 39.857901424211541, 59.16792069388508 ], [ 39.857840469062573, 59.167917986026396 ], [ 39.857757082123783, 59.16789566215526 ], [ 39.857726544744416, 59.167879001315036 ], [ 39.857706952114313, 59.167851277015004 ], [ 39.857695957002989, 59.167828943251322 ], [ 39.857695940815169, 59.167787284855478 ], [ 39.857695893151117, 59.167753977564182 ], [ 39.857679164861736, 59.167723441983405 ], [ 39.857620841129055, 59.167656784233365 ], [ 39.857343117890757, 59.167453982615363 ], [ 39.857226411969521, 59.167351192803487 ], [ 39.857118265795513, 59.167220664302363 ], [ 39.85705700307841, 59.167145686924059 ], [ 39.857031920087195, 59.167029045754028 ], [ 39.857087586323189, 59.166920662158986 ], [ 39.857146001786703, 59.166870605893912 ], [ 39.857245974921966, 59.166837368749711 ], [ 39.857368082171426, 59.166806782806923 ], [ 39.857512780390657, 59.16678171600357 ], [ 39.857618171041899, 59.166748424900042 ], [ 39.857687542046619, 59.166715137393851 ], [ 39.857743191195475, 59.166656758802546 ], [ 39.85740087415121, 59.166424353301409 ], [ 39.856322791164075, 59.165976602438427 ], [ 39.855222500318291, 59.165615253041672 ], [ 39.854751522664799, 59.165745583691887 ], [ 39.854043384794522, 59.165984591116171 ], [ 39.853979181294335, 59.166006691955424 ], [ 39.853862741572414, 59.166048351250595 ], [ 39.853743304410159, 59.166112304739229 ], [ 39.853673792211907, 59.166151158149589 ], [ 39.854339863394152, 59.166331843639846 ], [ 39.855008716179498, 59.166562416322627 ], [ 39.854702795597682, 59.166853677955032 ], [ 39.854449788427125, 59.167120258593215 ], [ 39.85470448812179, 59.167311356434141 ], [ 39.854834741430352, 59.16735224411093 ], [ 39.855363341345303, 59.167535920746317 ], [ 39.855761348007945, 59.167655908293668 ], [ 39.855962742186982, 59.167714394803632 ], [ 39.856042953619578, 59.167731454942846 ], [ 39.856141346645984, 59.167762158696846 ], [ 39.856321693091843, 59.167805146290625 ], [ 39.856496950274213, 59.167856803348968 ], [ 39.856849772299313, 59.16796098980803 ], [ 39.857383574792323, 59.168133833209993 ], [ 39.857807473836033, 59.168125527970908 ], [ 39.858085704291959, 59.168084930775066 ], [ 39.858104311265095, 59.168082230111004 ], [ 39.858344495901918, 59.168048209657329 ], [ 39.858755393446813, 59.167987961375488 ], [ 39.859124983331469, 59.167940425910096 ], [ 39.859683959647207, 59.167906963036103 ], [ 39.86048788700657, 59.167936745884269 ], [ 39.860718133235416, 59.167798408569858 ] ] ] ] } },
{ "type": "Feature", "properties": { "nid": 11054.0, "title": "Оларевская гряда", "sig": "regional", "start_date": "1987-04-17", "created_at": "2024-10-10", "updated_at": "2026-06-24", "area": 70.92, "subj_title": "Вологодская область", "federal_ti": "Северо-Западный федеральный округ", "agency_tit": "Министерство природных ресурсов и экологии Вологодской области", "management": null, "category_t": "памятник природы", "status_tit": "действующий" }, "geometry": { "type": "MultiPolygon", "coordinates": [ [ [ [ 39.971807093123005, 59.390163041091611 ], [ 39.970592876160481, 59.389356857333269 ], [ 39.9686612340289, 59.388261655750966 ], [ 39.967478972676588, 59.387669486357865 ], [ 39.966640996085289, 59.387064682389322 ], [ 39.966212659786606, 59.386913474877119 ], [ 39.965989472336439, 59.386984488043879 ], [ 39.965966348068655, 59.387312069696414 ], [ 39.965830676344801, 59.387578477664746 ], [ 39.96524602258603, 59.387781254101739 ], [ 39.964989847103936, 59.388239207773374 ], [ 39.964673864907127, 59.388334835384519 ], [ 39.964489877106303, 59.38832470991759 ], [ 39.964358996070985, 59.388203671062726 ], [ 39.964354879873952, 59.388011859160152 ], [ 39.964575386445119, 59.387694527080946 ], [ 39.965246960578945, 59.387073162996202 ], [ 39.965387778223537, 59.386841443677831 ], [ 39.965302592640683, 59.386676638416311 ], [ 39.964958542602801, 59.386655768748874 ], [ 39.9645506290085, 59.386838222306267 ], [ 39.964027264047154, 59.387282819246877 ], [ 39.963642310144678, 59.387581642379068 ], [ 39.963109761306605, 59.387658064967852 ], [ 39.962720548214918, 59.387567113831381 ], [ 39.962348800856653, 59.387316346872076 ], [ 39.962295400912183, 59.387043729984313 ], [ 39.962693984939612, 59.3867847153425 ], [ 39.963572768268818, 59.386633978175716 ], [ 39.964090620386003, 59.386302202984432 ], [ 39.96392110267692, 59.385667153016854 ], [ 39.963960466002838, 59.38523884369782 ], [ 39.962659563388286, 59.384573670938316 ], [ 39.95934176830815, 59.382846210884111 ], [ 39.958902781338445, 59.382448834646205 ], [ 39.958269387022767, 59.381890788229427 ], [ 39.957786408815871, 59.381446121141707 ], [ 39.957374691988605, 59.381417254702676 ], [ 39.95694649778283, 59.381440905073873 ], [ 39.956720365952258, 59.381614639704011 ], [ 39.956909298225689, 59.381898007986813 ], [ 39.956896957728588, 59.382050405302138 ], [ 39.956657933217222, 59.382133872280562 ], [ 39.95644912682593, 59.382050473650615 ], [ 39.956114607803102, 59.381858990899893 ], [ 39.955680112946993, 59.381730530839477 ], [ 39.955280938065016, 59.381554018203531 ], [ 39.955308566137603, 59.381315898410151 ], [ 39.95550872734605, 59.381194785810848 ], [ 39.95584497486584, 59.381130653357147 ], [ 39.956088606604055, 59.380967324782368 ], [ 39.95598789782337, 59.380774580282818 ], [ 39.955633241181317, 59.380716902263366 ], [ 39.954879084102629, 59.380644673213276 ], [ 39.954575358765965, 59.380695254682458 ], [ 39.954133897761324, 59.380785115840581 ], [ 39.953919360889984, 59.3807542969734 ], [ 39.95374286174382, 59.380519810441044 ], [ 39.953941239596702, 59.380385342010072 ], [ 39.954510363862369, 59.38024679515366 ], [ 39.954715906613956, 59.380060177735174 ], [ 39.954556311125032, 59.379787713732192 ], [ 39.954215985179751, 59.379591171395582 ], [ 39.953584286086077, 59.379245588912966 ], [ 39.952986370924464, 59.379266114140016 ], [ 39.952338519107514, 59.379197933837752 ], [ 39.951648097881559, 59.378989256948842 ], [ 39.950655776043384, 59.378367067286483 ], [ 39.949469810383619, 59.377805482037544 ], [ 39.948851568745056, 59.377690731242403 ], [ 39.948395620561598, 59.377513548611546 ], [ 39.946776800409168, 59.376863658031546 ], [ 39.946209916354746, 59.376546613735407 ], [ 39.945324966374237, 59.375960044420694 ], [ 39.944710780678179, 59.375784361858948 ], [ 39.944063953189072, 59.375700509071407 ], [ 39.943413837778557, 59.375733757906737 ], [ 39.942514858374182, 59.375944996964229 ], [ 39.941826252879416, 59.376245649317397 ], [ 39.94131906402373, 59.376590149915671 ], [ 39.940856291784598, 59.376700483240882 ], [ 39.940518290586787, 59.376566635342087 ], [ 39.940232753139185, 59.376175552559864 ], [ 39.940222601591984, 59.375708186583729 ], [ 39.940591450435249, 59.375319289154042 ], [ 39.940713894031148, 59.374889384437715 ], [ 39.940302070184543, 59.374679293814552 ], [ 39.939612881929122, 59.374591290655687 ], [ 39.939420746270564, 59.374461632698342 ], [ 39.939441177968142, 59.374311666250556 ], [ 39.940070274423817, 59.374018933327299 ], [ 39.940079865693406, 59.37381907519034 ], [ 39.939774820151968, 59.373763250673676 ], [ 39.939076070304566, 59.374090659656368 ], [ 39.938491178225426, 59.374711953593931 ], [ 39.938418335837689, 59.375133697862054 ], [ 39.938209750679619, 59.375553025651755 ], [ 39.937895337799773, 59.375793652755007 ], [ 39.937364377164442, 59.375914395732934 ], [ 39.93683897074208, 59.375826522076501 ], [ 39.936685901633211, 59.375533228875554 ], [ 39.936782373707722, 59.375129550188774 ], [ 39.936520482134711, 59.374471568408289 ], [ 39.937068746625521, 59.373486622809537 ], [ 39.937083069228436, 59.372807480880674 ], [ 39.936550949366953, 59.37212705382062 ], [ 39.935933962282718, 59.371776293940954 ], [ 39.935420670627593, 59.37179404475954 ], [ 39.934305747812182, 59.371254464122387 ], [ 39.930582915169559, 59.369689761573397 ], [ 39.92868049111194, 59.368886258694033 ], [ 39.927692446449377, 59.368325710363415 ], [ 39.927685002760825, 59.368142102975852 ], [ 39.927364041017825, 59.367839349806339 ], [ 39.926899813675618, 59.367599336040712 ], [ 39.926401169278726, 59.367586374112022 ], [ 39.925791442421314, 59.367679710250577 ], [ 39.92533907084163, 59.367658443982172 ], [ 39.924907270354424, 59.36751522244969 ], [ 39.924033456678842, 59.366910618130696 ], [ 39.922762883700265, 59.366288637111097 ], [ 39.921224224618413, 59.365738502030396 ], [ 39.920535128093832, 59.365590247891824 ], [ 39.920122331180778, 59.365607512177114 ], [ 39.919730744778228, 59.365736504636175 ], [ 39.919329848593804, 59.365844048264357 ], [ 39.918983864114182, 59.365843370175568 ], [ 39.91869226793397, 59.365730168012988 ], [ 39.918378772362637, 59.36549231441893 ], [ 39.918148455986625, 59.365223510656669 ], [ 39.917903463574127, 59.364799725826856 ], [ 39.917590676668567, 59.36457479099397 ], [ 39.917239859232268, 59.364457987046634 ], [ 39.91698601479294, 59.364443409935568 ], [ 39.91680348389383, 59.364522800287141 ], [ 39.916818844314378, 59.364694833399987 ], [ 39.916954594279275, 59.364921625332904 ], [ 39.91697134415238, 59.365128207700828 ], [ 39.916831349387451, 59.365215771091115 ], [ 39.916603507945688, 59.365218157891839 ], [ 39.916356195282333, 59.365151799615987 ], [ 39.915896703770045, 59.364842929257961 ], [ 39.915114917719443, 59.364137379636531 ], [ 39.91636679379269, 59.36348595481315 ], [ 39.917352697169399, 59.362912807879908 ], [ 39.918855463409102, 59.363480422183883 ], [ 39.925393673179649, 59.366195568071177 ], [ 39.948049501183668, 59.375562878624116 ], [ 39.94903612491737, 59.37594732710761 ], [ 39.949052004246759, 59.376332933917922 ], [ 39.94932234405109, 59.376578899396861 ], [ 39.950294655074458, 59.376994914084207 ], [ 39.951045904644957, 59.377374331760166 ], [ 39.951702239766746, 59.377606362243952 ], [ 39.952937351577702, 59.378126010307305 ], [ 39.953842556089278, 59.378648838373344 ], [ 39.954227926377882, 59.378837176194892 ], [ 39.955032862776534, 59.379066154379686 ], [ 39.95573729903731, 59.379387603555251 ], [ 39.955900177951037, 59.379692441353257 ], [ 39.955960347991834, 59.379934643169392 ], [ 39.956178620646988, 59.380060044635513 ], [ 39.956455630722928, 59.380095395186501 ], [ 39.956946157839063, 59.380141189564412 ], [ 39.957461836294897, 59.380186713246353 ], [ 39.9577653233112, 59.380253735221856 ], [ 39.958582688340584, 59.380628267780473 ], [ 39.959756987095432, 59.381398720574666 ], [ 39.961646680350157, 59.382572253107178 ], [ 39.963387855065598, 59.383442479387085 ], [ 39.963439332259554, 59.38327556341671 ], [ 39.963256808555059, 59.38310121544891 ], [ 39.96299691167831, 59.382945031987795 ], [ 39.962496107109807, 59.382729420426578 ], [ 39.962192802655856, 59.382536357566998 ], [ 39.962042359567413, 59.382265688610794 ], [ 39.961969625997604, 59.382006029155093 ], [ 39.961823437601709, 59.381841880398618 ], [ 39.961402958679741, 59.381593881552519 ], [ 39.961302716647189, 59.381417385104385 ], [ 39.961386239383614, 59.381191497889461 ], [ 39.961645661418281, 59.380993782836988 ], [ 39.965452745248164, 59.382653211876395 ], [ 39.965796987740923, 59.38280210093636 ], [ 39.965516658267347, 59.382970783175267 ], [ 39.965016029066639, 59.38417906191431 ], [ 39.965967393080916, 59.384660996907641 ], [ 39.968576301155558, 59.385979876070564 ], [ 39.970456558723356, 59.3869479728708 ], [ 39.971458627413881, 59.387741924950042 ], [ 39.974454250263591, 59.389256412953273 ], [ 39.975719926433612, 59.388632547853931 ], [ 39.972833982202701, 59.387173542625085 ], [ 39.971836088165105, 59.386382968399452 ], [ 39.969820391797782, 59.38534516964404 ], [ 39.967205732558689, 59.384023415348508 ], [ 39.966935526753325, 59.383886474681212 ], [ 39.967146084124636, 59.383378287578054 ], [ 39.967339772912332, 59.383233526406286 ], [ 39.967474705393492, 59.383072345412572 ], [ 39.967545680788696, 59.382900904952983 ], [ 39.967549980447416, 59.382725610898383 ], [ 39.967487357955349, 59.38255328910315 ], [ 39.967360377279761, 59.382390464148784 ], [ 39.967173692412132, 59.38224328020339 ], [ 39.966934580666532, 59.382117402995888 ], [ 39.966592849980195, 59.381969657873583 ], [ 39.96282592807426, 59.380327692768958 ], [ 39.962548628416634, 59.380234811687394 ], [ 39.962249237812209, 59.380160753416199 ], [ 39.961925577203772, 59.380116584113239 ], [ 39.961591640941663, 59.380104574566644 ], [ 39.961261682380893, 59.380124752655369 ], [ 39.960944987021719, 59.380176209164908 ], [ 39.960656215612005, 59.380256092344951 ], [ 39.960379962765217, 59.380345085657325 ], [ 39.96037979099475, 59.380345177388222 ], [ 39.959874947570931, 59.380013965172495 ], [ 39.958727377566554, 59.379488137867433 ], [ 39.957968230149845, 59.37932045657395 ], [ 39.957502895742209, 59.379279421408327 ], [ 39.957434430354851, 59.379151507236436 ], [ 39.957350740344566, 59.37902986223849 ], [ 39.957233577567706, 59.378915670821698 ], [ 39.957085674164716, 59.378811148915517 ], [ 39.956909934046394, 59.378718507053634 ], [ 39.956059884955884, 59.378330670823978 ], [ 39.955281664717234, 59.378109311695539 ], [ 39.955112323275266, 59.37802647514188 ], [ 39.954163679710227, 59.377478626137872 ], [ 39.952764559437014, 59.376889918235278 ], [ 39.952173936877841, 59.376681157709406 ], [ 39.951480368924081, 59.376330932926393 ], [ 39.950799265573828, 59.376039466248514 ], [ 39.950794689823226, 59.375928459331064 ], [ 39.950747505992744, 59.375739893081729 ], [ 39.950615561059465, 59.375552236946355 ], [ 39.950411384378071, 59.375387711373953 ], [ 39.950142497878119, 59.375249554823249 ], [ 39.949136909241133, 59.374857238171145 ], [ 39.926502005763091, 59.365498694209528 ], [ 39.919933797307074, 59.362771170053634 ], [ 39.918414261409225, 59.362197280280448 ], [ 39.917827761342267, 59.362048654721818 ], [ 39.917175385036153, 59.362019762202415 ], [ 39.916547690623581, 59.362114861012167 ], [ 39.916031538225063, 59.362320561145168 ], [ 39.915077592257255, 59.362875048944545 ], [ 39.913859825670549, 59.363508777808008 ], [ 39.91352816829049, 59.363750695438398 ], [ 39.913368251743577, 59.364034446832406 ], [ 39.913397315134148, 59.364329331833339 ], [ 39.913623312965676, 59.364614347674141 ], [ 39.914424607110107, 59.365337567175168 ], [ 39.91519210563132, 59.36585347855538 ], [ 39.916186531883113, 59.366120302010458 ], [ 39.917074890294145, 59.366110995825977 ], [ 39.91739582595676, 59.366354609577741 ], [ 39.91838818826443, 59.366739764928354 ], [ 39.919760557304009, 59.366742509659275 ], [ 39.920449959598095, 59.366557600053341 ], [ 39.921643316785833, 59.366984250123217 ], [ 39.922707720185315, 59.367505257062142 ], [ 39.923681593331018, 59.368179111876657 ], [ 39.92474506413356, 59.368531869150601 ], [ 39.92594413561352, 59.368588267434738 ], [ 39.925947766176648, 59.368677916352901 ], [ 39.927459702803212, 59.369535678029315 ], [ 39.929463257423542, 59.370381941873298 ], [ 39.933140296587567, 59.371927409722318 ], [ 39.934770077677108, 59.37271614663301 ], [ 39.935108769554233, 59.372704471634215 ], [ 39.935320710082856, 59.372975325850796 ], [ 39.935312516359708, 59.373356879416633 ], [ 39.934711580375279, 59.374436282608549 ], [ 39.935001847357512, 59.375165431339767 ], [ 39.934898735588312, 59.375596650864907 ], [ 39.935139199014991, 59.376057530930488 ], [ 39.935302780299246, 59.376263720294624 ], [ 39.935560624923085, 59.376443052305191 ], [ 39.935896982160152, 59.376584559729785 ], [ 39.936291083067204, 59.376679487668412 ], [ 39.936816501180772, 59.376767364022776 ], [ 39.937131520203643, 59.376804056362296 ], [ 39.93745446495177, 59.376810767103379 ], [ 39.937774415856772, 59.376787254328505 ], [ 39.9380803193514, 59.376734263575599 ], [ 39.938666375153268, 59.376600992142237 ], [ 39.938875122189295, 59.376887136632206 ], [ 39.93897590111709, 59.3769981957103 ], [ 39.939105205640885, 59.377101231936464 ], [ 39.939260846810782, 59.377194290184491 ], [ 39.939439941400337, 59.37727569681612 ], [ 39.939739853611513, 59.377394510748196 ], [ 39.940161116742331, 59.377524960108978 ], [ 39.940636575717569, 59.37759099732682 ], [ 39.941129411393376, 59.377587179704719 ], [ 39.941600915150275, 59.377513652033592 ], [ 39.942461659877893, 59.377308484299306 ], [ 39.943116565976887, 59.376863556408182 ], [ 39.943472624662085, 59.376708119384368 ], [ 39.943882130955721, 59.376611901817967 ], [ 39.943931115228963, 59.376609404400654 ], [ 39.944052983258757, 59.376625159623579 ], [ 39.944150898745136, 59.376653202283656 ], [ 39.944860953070702, 59.377123859778465 ], [ 39.945575138881729, 59.377523276578131 ], [ 39.947318843390065, 59.378223378106597 ], [ 39.9479986607098, 59.378487585433895 ], [ 39.948534109861441, 59.378586886775565 ], [ 39.949369082717169, 59.378982295296851 ], [ 39.950481696073609, 59.379679964159195 ], [ 39.951695072170018, 59.380046696897701 ], [ 39.952165861865176, 59.380096224361409 ], [ 39.951751118819232, 59.380377285883192 ], [ 39.952277045949074, 59.381076123864212 ], [ 39.952466425185548, 59.38126046779648 ], [ 39.952734040044099, 59.381417575760679 ], [ 39.953065289131928, 59.38153898603553 ], [ 39.953442486381789, 59.381618244186761 ], [ 39.953510103708481, 59.381627930784532 ], [ 39.953587100064787, 59.38179642416582 ], [ 39.953710099441707, 59.381958228389678 ], [ 39.9538932140008, 59.382105647957474 ], [ 39.954128788712801, 59.382232303977794 ], [ 39.954653796735492, 59.382464475655176 ], [ 39.954988713258665, 59.382563487415148 ], [ 39.955240685309541, 59.382707741369359 ], [ 39.955573486627252, 59.3828406188996 ], [ 39.955778243371405, 59.382911133841894 ], [ 39.956000141193726, 59.382966380993878 ], [ 39.956235259050118, 59.383005145371321 ], [ 39.956478641676135, 59.383026762375373 ], [ 39.956723762691631, 59.383030853391332 ], [ 39.956967808118009, 59.383017448996263 ], [ 39.95720446201647, 59.382987066300238 ], [ 39.957436601318243, 59.382949639214623 ], [ 39.957922934895691, 59.383389960778231 ], [ 39.961408356410686, 59.385204793566523 ], [ 39.962166591914865, 59.385592422952115 ], [ 39.962156045565223, 59.385707003775387 ], [ 39.962212955563579, 59.385920240227037 ], [ 39.961634740051352, 59.386019415663668 ], [ 39.960911428819543, 59.386489505686306 ], [ 39.96073017225978, 59.38663385406926 ], [ 39.960605850879453, 59.386793116809088 ], [ 39.960543328212161, 59.386961498674403 ], [ 39.960544642121704, 59.387132960717729 ], [ 39.960647170230914, 59.387656516335305 ], [ 39.96158458486088, 59.388288922296098 ], [ 39.962731455192682, 59.388556978721724 ], [ 39.962949092926465, 59.388758239801106 ], [ 39.96319500444605, 59.38893253021228 ], [ 39.963515147805985, 59.389071989880613 ], [ 39.96389106981718, 59.389168738946296 ], [ 39.964301059046811, 59.38921708560018 ], [ 39.96448505314288, 59.389227211966457 ], [ 39.964767526600205, 59.38923115279561 ], [ 39.965047629444712, 59.389211955867218 ], [ 39.965317988134814, 59.389170150881895 ], [ 39.965571783111443, 59.389106798140396 ], [ 39.965887769804908, 59.389011167831306 ], [ 39.96614379060361, 59.388916816358169 ], [ 39.966362646019491, 59.388800692298268 ], [ 39.966537271877762, 59.388666463986276 ], [ 39.966663290278802, 59.388518846567692 ], [ 39.967389515314046, 59.388882643919025 ], [ 39.969239120389261, 59.389931264216607 ], [ 39.970343079569659, 59.390664414031683 ], [ 39.971807093123005, 59.390163041091611 ] ] ] ] } },
{ "type": "Feature", "properties": { "nid": 10533.0, "title": "Старый парк (д.Покровское)", "sig": "regional", "start_date": "1963-01-29", "created_at": "2024-10-10", "updated_at": "2026-06-24", "area": 11.6, "subj_title": "Вологодская область", "federal_ti": "Северо-Западный федеральный округ", "agency_tit": "Министерство природных ресурсов и экологии Вологодской области", "management": null, "category_t": "памятник природы", "status_tit": "действующий" }, "geometry": { "type": "MultiPolygon", "coordinates": [ [ [ [ 39.953913141178695, 59.035146371607929 ], [ 39.953896482137111, 59.03492708811477 ], [ 39.953928792979582, 59.034511953863735 ], [ 39.953943406962821, 59.03358428069015 ], [ 39.953887675975629, 59.032930308986742 ], [ 39.954413173229511, 59.032175302048692 ], [ 39.954401401103944, 59.03191441681706 ], [ 39.954328701708391, 59.03076201115806 ], [ 39.955495965066909, 59.030985133857023 ], [ 39.956107938430769, 59.031129857257277 ], [ 39.957016318448495, 59.031234226278691 ], [ 39.957561015328736, 59.031338698722152 ], [ 39.957799374341846, 59.031340641257756 ], [ 39.958156897123274, 59.031473876718223 ], [ 39.958585557177912, 59.031688524206174 ], [ 39.958895084041039, 59.031703369315217 ], [ 39.959223304212287, 59.031773571293463 ], [ 39.959419077628468, 59.031935794601395 ], [ 39.959544510570872, 59.032229408860296 ], [ 39.95981667420034, 59.032359438237684 ], [ 39.960185944825632, 59.032468749933045 ], [ 39.960530241277745, 59.032726709670101 ], [ 39.960983275657838, 59.033108291114893 ], [ 39.960287048408695, 59.033308324619668 ], [ 39.960550224213641, 59.033455930347095 ], [ 39.960718059291196, 59.033589795332951 ], [ 39.961673161787125, 59.033411787124457 ], [ 39.961671265116927, 59.033660561186139 ], [ 39.961607728913741, 59.033931475657262 ], [ 39.96213001109129, 59.033899986795106 ], [ 39.962003406332315, 59.033600973905997 ], [ 39.960653386344859, 59.032289075280737 ], [ 39.960256512827982, 59.030574496216211 ], [ 39.956639977353227, 59.029400021194185 ], [ 39.953969972936079, 59.029279976989535 ], [ 39.952427018692099, 59.029340153325563 ], [ 39.952532590107118, 59.029868951091359 ], [ 39.952514171991595, 59.030247173568391 ], [ 39.953558041170815, 59.034701235973422 ], [ 39.953410371591524, 59.035162176293561 ], [ 39.953913141178695, 59.035146371607929 ] ] ] ] } },
{ "type": "Feature", "properties": { "nid": 10338.0, "title": "Старинный парк (д. Юрово)", "sig": "regional", "start_date": "1982-07-05", "created_at": "2024-10-10", "updated_at": "2026-06-24", "area": 4.84, "subj_title": "Вологодская область", "federal_ti": "Северо-Западный федеральный округ", "agency_tit": null, "management": null, "category_t": "памятник природы", "status_tit": "действующий" }, "geometry": { "type": "MultiPolygon", "coordinates": [ [ [ [ 39.975509984198595, 58.968919994862055 ], [ 39.9754200483967, 58.96861999991323 ], [ 39.975310078397563, 58.968339963618575 ], [ 39.975120023770266, 58.968069997032899 ], [ 39.974459933079622, 58.967490020648079 ], [ 39.974010046326718, 58.967229996966985 ], [ 39.973440056013942, 58.96692002404005 ], [ 39.972764253267819, 58.96664631087873 ], [ 39.972760869118986, 58.96664493941261 ], [ 39.972649918858842, 58.966600002987875 ], [ 39.973729977656497, 58.96608000778626 ], [ 39.973600031016765, 58.965959995957235 ], [ 39.972430029222664, 58.966470005086805 ], [ 39.971830015942658, 58.966379996439848 ], [ 39.971659985620022, 58.966189997570481 ], [ 39.971299988803587, 58.965979995080872 ], [ 39.97026007484277, 58.966340010783021 ], [ 39.970729970611835, 58.966500000175017 ], [ 39.971199983292756, 58.96684001225691 ], [ 39.971570046220847, 58.967369959356283 ], [ 39.972070018916384, 58.967499960854681 ], [ 39.973040034869875, 58.967619978079703 ], [ 39.973599950077819, 58.967850009370572 ], [ 39.973820040262808, 58.968329997331686 ], [ 39.97382006724245, 58.969029974753717 ], [ 39.974270062813332, 58.969329956212661 ], [ 39.975509984198595, 58.968919994862055 ] ] ] ] } },
{ "type": "Feature", "properties": { "nid": 10461.0, "title": "Пустораменский бор", "sig": "regional", "start_date": "1987-06-30", "created_at": "2024-10-10", "updated_at": "2026-06-24", "area": 6.97, "subj_title": "Вологодская область", "federal_ti": "Северо-Западный федеральный округ", "agency_tit": "Министерство природных ресурсов и экологии Вологодской области", "management": null, "category_t": "памятник природы", "status_tit": "действующий" }, "geometry": { "type": "MultiPolygon", "coordinates": [ [ [ [ 39.983924574559644, 59.874233682338733 ], [ 39.984866517276146, 59.873496631264686 ], [ 39.985740759028999, 59.872809595986205 ], [ 39.985873776853516, 59.872871615033141 ], [ 39.988418740432671, 59.871908876393718 ], [ 39.988418815076436, 59.871877544912927 ], [ 39.988176927123668, 59.871766982260553 ], [ 39.988379171161966, 59.871608660211663 ], [ 39.98841997520185, 59.871561264141178 ], [ 39.988421130830716, 59.871249023124101 ], [ 39.988354714098925, 59.871224253096948 ], [ 39.987909168373555, 59.871057112296043 ], [ 39.988038778666855, 59.87096583470565 ], [ 39.988331604220313, 59.87075939443065 ], [ 39.987315738130967, 59.870185343678813 ], [ 39.986557769725437, 59.870432225566894 ], [ 39.987885839959688, 59.871182599197773 ], [ 39.987883710365111, 59.87177431173528 ], [ 39.985474726977252, 59.872685646025893 ], [ 39.984565935969322, 59.873399719421684 ], [ 39.984066380559163, 59.873790639426645 ], [ 39.982869986360924, 59.873088169983234 ], [ 39.983073190875245, 59.872889178792711 ], [ 39.983276571656624, 59.872690185803592 ], [ 39.982023116373902, 59.873229791621789 ], [ 39.982092945133502, 59.873309020095348 ], [ 39.982192063013485, 59.873380029664816 ], [ 39.983388453614388, 59.874082503604832 ], [ 39.983500286109454, 59.874137665321136 ], [ 39.983629688659384, 59.874182040568876 ], [ 39.983772681764037, 59.87421441886049 ], [ 39.983924574559644, 59.874233682338733 ] ] ], [ [ [ 39.982092979307708, 59.872147096911128 ], [ 39.982410224152716, 59.872005040000772 ], [ 39.982350038823419, 59.871950754224081 ], [ 39.982238986939876, 59.871851236145787 ], [ 39.981485695908304, 59.872100640632262 ], [ 39.980479504725501, 59.871454885135002 ], [ 39.982897067645695, 59.870903805766197 ], [ 39.984254353255949, 59.870592698794141 ], [ 39.986124240741269, 59.870187206174819 ], [ 39.985770824264307, 59.869775142209207 ], [ 39.983892461568018, 59.870182428076753 ], [ 39.982527768242051, 59.870495318404373 ], [ 39.980110934672041, 59.87104620441896 ], [ 39.97993801392834, 59.871098174441371 ], [ 39.979792651110124, 59.87116824691725 ], [ 39.979682378039456, 59.871253022409228 ], [ 39.979612716553788, 59.871348039380663 ], [ 39.979587037312115, 59.871448592578638 ], [ 39.97960689614149, 59.871549370607092 ], [ 39.979671364941673, 59.87164535614847 ], [ 39.979776841927901, 59.871731649696066 ], [ 39.980783026815402, 59.872377410589181 ], [ 39.980893586769746, 59.872436446584906 ], [ 39.981023316672918, 59.87248450275775 ], [ 39.981168224434157, 59.872520095226363 ], [ 39.981297922861017, 59.872538346067991 ], [ 39.98135210161837, 59.872544311271099 ], [ 39.981461051786255, 59.872461972941885 ], [ 39.982092979307708, 59.872147096911128 ] ] ] ] } },
{ "type": "Feature", "properties": { "nid": 10611.0, "title": "Царев бор", "sig": "regional", "start_date": "1994-09-14", "created_at": "2024-10-10", "updated_at": "2026-06-24", "area": 76.22, "subj_title": "Вологодская область", "federal_ti": "Северо-Западный федеральный округ", "agency_tit": "Министерство природных ресурсов и экологии Вологодской области", "management": null, "category_t": "памятник природы", "status_tit": "действующий" }, "geometry": { "type": "MultiPolygon", "coordinates": [ [ [ [ 40.008082514996261, 60.451725800605388 ], [ 40.008582170231129, 60.451666499309681 ], [ 40.009028284328053, 60.451540507888289 ], [ 40.009385130819282, 60.451357737769555 ], [ 40.00962402223098, 60.45113302956581 ], [ 40.009863481114905, 60.450800337066092 ], [ 40.010036498985414, 60.450496769110764 ], [ 40.010098793224863, 60.450351706666062 ], [ 40.010111989876577, 60.45020347411122 ], [ 40.010075527763547, 60.450056282971275 ], [ 40.009990679426487, 60.449914009324239 ], [ 40.009565854980387, 60.449372381830138 ], [ 40.009374901031038, 60.448953654787474 ], [ 40.009407892660306, 60.448629257634309 ], [ 40.009493323758079, 60.448302595988196 ], [ 40.009807534290417, 60.447971844225364 ], [ 40.010236230317958, 60.447575449147841 ], [ 40.010360078654855, 60.447565479263631 ], [ 40.01112917796933, 60.447217179029742 ], [ 40.011333867264334, 60.447107692865913 ], [ 40.011499120388237, 60.446982938911667 ], [ 40.011752252564577, 60.446751928259062 ], [ 40.011888669826419, 60.44665287333163 ], [ 40.011994120732254, 60.446528506085883 ], [ 40.012106850750733, 60.44604650094545 ], [ 40.011488582132529, 60.446114769381246 ], [ 40.011187175248089, 60.445795397639642 ], [ 40.013250041956042, 60.44390132738453 ], [ 40.013610618835173, 60.442217771333283 ], [ 40.013370796625111, 60.4413718231513 ], [ 40.013486458433469, 60.440334549599932 ], [ 40.013408103201584, 60.440093428768876 ], [ 40.01259511697122, 60.439410078912196 ], [ 40.011756952421585, 60.439267728822813 ], [ 40.011620892190585, 60.439248474337766 ], [ 40.011500410915396, 60.439233977266369 ], [ 40.011371763796028, 60.439223155724221 ], [ 40.011236727892822, 60.439216838886182 ], [ 40.010860658392858, 60.439206121665322 ], [ 40.010724354445578, 60.439207420286387 ], [ 40.010591839342055, 60.43921306982746 ], [ 40.010460366552813, 60.439223580204199 ], [ 40.010330851587696, 60.439238779646132 ], [ 40.010204207258539, 60.439258590811491 ], [ 40.010080984849758, 60.439282841030426 ], [ 40.009842497233649, 60.439339779807135 ], [ 40.009829886040571, 60.439337569273555 ], [ 40.008905037637525, 60.439292045591579 ], [ 40.008565200923435, 60.439291077021778 ], [ 40.0082311468501, 60.439321413852319 ], [ 40.007914187090243, 60.439382019165009 ], [ 40.007625688175153, 60.439470692318764 ], [ 40.00737578276631, 60.439584406195522 ], [ 40.007172841753402, 60.439719041900453 ], [ 40.007024345697175, 60.439870106420472 ], [ 40.006935461202708, 60.440032095005321 ], [ 40.0068772570799, 60.44019829781336 ], [ 40.006723178032409, 60.440581884746337 ], [ 40.006254591676225, 60.441088758839328 ], [ 40.005960695929559, 60.441554836986306 ], [ 40.005903949607728, 60.44161360588339 ], [ 40.00572165163311, 60.441611493375873 ], [ 40.005270161388985, 60.441746207321778 ], [ 40.005127974976226, 60.441729568065284 ], [ 40.004986777817692, 60.441711233586709 ], [ 40.004842407851015, 60.44169851897162 ], [ 40.004696490151048, 60.441691620272259 ], [ 40.004480580914212, 60.441685705431155 ], [ 40.004343446892733, 60.441646861014014 ], [ 40.004200792832478, 60.441613337885435 ], [ 40.004052759927106, 60.441585948133188 ], [ 40.003900421967039, 60.441565059579993 ], [ 40.003743956118846, 60.441550765755387 ], [ 40.003587347278426, 60.441543294187852 ], [ 40.003429143940025, 60.441542625092268 ], [ 40.003271527858878, 60.441548694616749 ], [ 40.002871065147708, 60.441572861198779 ], [ 40.002754005792887, 60.44158182474159 ], [ 40.002638583204195, 60.441594578027541 ], [ 40.002524987138599, 60.441610942990785 ], [ 40.002413757189288, 60.441631015858874 ], [ 40.002336910120441, 60.441646281850581 ], [ 40.002240580138846, 60.441463921822738 ], [ 40.002127308728454, 60.441183249707358 ], [ 40.001956057126506, 60.441006303598208 ], [ 40.002052274692907, 60.440992430656301 ], [ 40.002983105386193, 60.440718139230917 ], [ 40.003668502999169, 60.440367114950547 ], [ 40.004012660056389, 60.439749828392038 ], [ 40.003825920330144, 60.439401787162922 ], [ 40.00210020675928, 60.439687140249475 ], [ 40.002131409637002, 60.439745312896036 ], [ 40.00204044770868, 60.439908440921961 ], [ 40.001844564575151, 60.440008769289427 ], [ 40.0013220395806, 60.44016275210948 ], [ 40.000660806751, 60.440257670155511 ], [ 39.9999318666625, 60.440519122859428 ], [ 39.999910639064922, 60.440747333922502 ], [ 40.000048945802348, 60.441116002002033 ], [ 40.000390743038501, 60.44146908393121 ], [ 40.000469881579924, 60.44166506868811 ], [ 40.000517539353098, 60.4417553902992 ], [ 40.000370877913838, 60.441779358131051 ], [ 39.999777914419383, 60.441851456779482 ], [ 39.99916799330839, 60.441989603437605 ], [ 39.998870627977276, 60.442038387162015 ], [ 39.998543210900607, 60.44190970766703 ], [ 39.998256186873675, 60.441886437709115 ], [ 39.997829815593654, 60.442007955003298 ], [ 39.994276604981508, 60.443102706025222 ], [ 39.994448990628598, 60.443847994889211 ], [ 39.994748919926899, 60.44398928917451 ], [ 39.995590116990456, 60.444076841772969 ], [ 39.996378380857777, 60.444078314862509 ], [ 39.996982454576766, 60.444139844678261 ], [ 39.997308849124231, 60.444237007432079 ], [ 39.998020035696243, 60.44419753528819 ], [ 39.998329557163508, 60.443749609057363 ], [ 39.998806921802156, 60.443458306056129 ], [ 39.999378160373958, 60.443183263696824 ], [ 40.000099080308473, 60.442851252883202 ], [ 40.000573424124404, 60.442760088607358 ], [ 40.001607972729914, 60.442621126264157 ], [ 40.002565205719861, 60.442568151698993 ], [ 40.003091223681167, 60.442463665765715 ], [ 40.003491697184238, 60.442439499183713 ], [ 40.003817276046618, 60.442553869565572 ], [ 40.003987595950946, 60.442571106871235 ], [ 40.004596516116464, 60.442587685873136 ], [ 40.004806531196607, 60.442645148954632 ], [ 40.004839946406548, 60.442760168647048 ], [ 40.004998190214451, 60.442790729408777 ], [ 40.00530321866875, 60.442787083557228 ], [ 40.005506233426104, 60.442724176879423 ], [ 40.006207816137987, 60.442514800317944 ], [ 40.00672240371614, 60.442520761024468 ], [ 40.007221479787624, 60.442332821602569 ], [ 40.007655917986369, 60.441883359329729 ], [ 40.007954316638575, 60.441409968795192 ], [ 40.008463279856635, 60.440859480280935 ], [ 40.008663058853244, 60.440362146196271 ], [ 40.008725040128638, 60.440185033712496 ], [ 40.009428618436168, 60.440219652215312 ], [ 40.01035445429477, 60.440383047339928 ], [ 40.010577282016122, 60.440196482082165 ], [ 40.010815107731219, 60.440103717013059 ], [ 40.011132045008019, 60.440112764192847 ], [ 40.011694242695285, 60.440213690609468 ], [ 40.012922649161112, 60.440602106002586 ], [ 40.012839796419648, 60.440852318979523 ], [ 40.012943830893221, 60.441061241383352 ], [ 40.012601184697075, 60.441365368716959 ], [ 40.012390737043063, 60.441743644253947 ], [ 40.012322145750595, 60.442118618379695 ], [ 40.012139238934878, 60.442290745022035 ], [ 40.011648908770269, 60.442628624811334 ], [ 40.011455807239884, 60.442943184280693 ], [ 40.011678179904258, 60.443461913236888 ], [ 40.011593006012561, 60.443799262426168 ], [ 40.011216110934917, 60.44420047876924 ], [ 40.010799562949607, 60.444590913140289 ], [ 40.01013786517052, 60.445066665294512 ], [ 40.009925749274089, 60.44532552615226 ], [ 40.01004050276714, 60.445718597335542 ], [ 40.010157677235156, 60.445849484666148 ], [ 40.010240309642761, 60.44614200355079 ], [ 40.010154804800543, 60.446324679240718 ], [ 40.009901663631005, 60.446555687195371 ], [ 40.009532714962972, 60.446722789325449 ], [ 40.008251574950407, 60.446825748209889 ], [ 40.002962533394339, 60.447901357162095 ], [ 39.995308684048723, 60.449482591948239 ], [ 39.993361164386378, 60.450459779995022 ], [ 39.992938463239625, 60.450042628564631 ], [ 39.992910611235907, 60.449747596974184 ], [ 39.993114187170193, 60.449385877956033 ], [ 39.994114096588476, 60.448768194796514 ], [ 39.993905580678181, 60.448257406853998 ], [ 39.993396442092326, 60.44801420499175 ], [ 39.992463069015571, 60.447796655391528 ], [ 39.991951174007625, 60.447455838416367 ], [ 39.991545682287551, 60.447378475136695 ], [ 39.992195610639101, 60.447238676423908 ], [ 39.992773142666579, 60.447187704649018 ], [ 39.993246942392652, 60.447197010833584 ], [ 39.993343014268866, 60.446875328733597 ], [ 39.993312332997952, 60.446578646887176 ], [ 39.993082472578237, 60.446328292716714 ], [ 39.993105317156846, 60.446226853686532 ], [ 39.993481205893083, 60.446045515288446 ], [ 39.993918683800359, 60.445799634345803 ], [ 39.993974752033353, 60.445577126783114 ], [ 39.993806263148713, 60.445399843428227 ], [ 39.993563348170142, 60.445304724833363 ], [ 39.993316021117664, 60.445301836210945 ], [ 39.992991874875315, 60.445412054422938 ], [ 39.992680701353429, 60.445478974775014 ], [ 39.992474856429624, 60.44541418131957 ], [ 39.992339011136607, 60.445268696193509 ], [ 39.9924185597689, 60.445098618206828 ], [ 39.992585530597914, 60.444943118230462 ], [ 39.993144406189572, 60.444624330148876 ], [ 39.993634741750093, 60.444048005011595 ], [ 39.993642867124777, 60.44387816984181 ], [ 39.993491622740351, 60.443728017234385 ], [ 39.993097654033647, 60.443448725578364 ], [ 39.992381248695835, 60.443047171090249 ], [ 39.991963194346106, 60.442918405260329 ], [ 39.991985943596596, 60.442807537737842 ], [ 39.992014593299025, 60.442656974140213 ], [ 39.991883116013184, 60.442526799072702 ], [ 39.991873793640814, 60.442463493995206 ], [ 39.992582331709393, 60.442338293077903 ], [ 39.993104457404968, 60.442198072583153 ], [ 39.993373793565858, 60.442017645198334 ], [ 39.990351932096132, 60.441973691732628 ], [ 39.990134252993528, 60.442205527063606 ], [ 39.990062262263734, 60.442528566240512 ], [ 39.990097613714049, 60.442768839010846 ], [ 39.990156420382675, 60.442826889349639 ], [ 39.990148243746603, 60.442951930187562 ], [ 39.990175169448662, 60.443076213796409 ], [ 39.990236939383401, 60.443197494568878 ], [ 39.990332221654846, 60.443313243611485 ], [ 39.99045911689489, 60.443421462630567 ], [ 39.990615187940762, 60.443519879039336 ], [ 39.990797439150647, 60.443606572785242 ], [ 39.991002311907323, 60.443679976349983 ], [ 39.991194601349946, 60.443739228183013 ], [ 39.991666659089219, 60.444003818621518 ], [ 39.99168880399526, 60.444019428154256 ], [ 39.991582141702622, 60.444144843110166 ], [ 39.991077619336799, 60.444432572205592 ], [ 39.990702400595467, 60.444781956122526 ], [ 39.990565947360722, 60.44507390034039 ], [ 39.990525388835806, 60.445218758638973 ], [ 39.990532947637575, 60.445364270744662 ], [ 39.990588218171915, 60.445507557927598 ], [ 39.990689571766495, 60.445644653278279 ], [ 39.990825410764266, 60.445790140202973 ], [ 39.990920558137418, 60.445878596620091 ], [ 39.991034879955919, 60.445961264101243 ], [ 39.991303943622256, 60.446109744868977 ], [ 39.991223132341872, 60.446469036616911 ], [ 39.990820514855045, 60.44655562064554 ], [ 39.990375531205977, 60.446692066685664 ], [ 39.990027742686323, 60.446885574709647 ], [ 39.989806084983002, 60.447120056745391 ], [ 39.989729118304346, 60.447376070349542 ], [ 39.98980297872464, 60.447631786278066 ], [ 39.990021212708932, 60.447866568687338 ], [ 39.990365328397324, 60.448060635190302 ], [ 39.990805861301624, 60.448199363709818 ], [ 39.991040763320704, 60.448355793585151 ], [ 39.991180118667728, 60.448431931088919 ], [ 39.991335300284049, 60.448500174343735 ], [ 39.991505275748061, 60.448559254406241 ], [ 39.991687910069167, 60.448608248571986 ], [ 39.991948479638772, 60.448669015762611 ], [ 39.991463488749162, 60.44896864468739 ], [ 39.991082329086396, 60.449645701987706 ], [ 39.991123811215061, 60.45008443265062 ], [ 39.991141633080076, 60.450175126580973 ], [ 39.991178058320884, 60.450264422964878 ], [ 39.991232765879602, 60.450351418883031 ], [ 39.991304706247377, 60.450435295952339 ], [ 39.991736591270858, 60.450861445999109 ], [ 39.991940385740342, 60.45101903599987 ], [ 39.99220585841379, 60.451152391969451 ], [ 39.992601060091033, 60.451274876034866 ], [ 39.993046267671268, 60.451343632802597 ], [ 39.993467842866828, 60.451355648644444 ], [ 39.993883737044989, 60.451319301644602 ], [ 39.994271323263142, 60.451236483077423 ], [ 39.994610186011407, 60.451112249830665 ], [ 39.99634676519122, 60.450240845438827 ], [ 39.997451611103145, 60.450012694630331 ], [ 39.997798564152554, 60.450148693707426 ], [ 39.998195619332527, 60.45024775313145 ], [ 39.999343451039579, 60.450451689693914 ], [ 40.000680375099421, 60.45064237384662 ], [ 40.001682900645505, 60.450749985823336 ], [ 40.002850596577957, 60.450781678831561 ], [ 40.00362648757249, 60.450683682406186 ], [ 40.003980653184783, 60.450618939312776 ], [ 40.004300116657248, 60.450519592105643 ], [ 40.004582691738001, 60.450404914155612 ], [ 40.004605424800666, 60.450431300264484 ], [ 40.005486864727175, 60.450869349241245 ], [ 40.005680459086079, 60.450952292814236 ], [ 40.005779690280633, 60.451086029197072 ], [ 40.005879302787775, 60.451196429971432 ], [ 40.006007988577949, 60.451299268346709 ], [ 40.006163475064511, 60.451392632364282 ], [ 40.006342936577425, 60.451474782735204 ], [ 40.006511652091262, 60.451542177030028 ], [ 40.006804607147039, 60.451637670642135 ], [ 40.007129135601296, 60.451703546881333 ], [ 40.007473361906307, 60.451737334410595 ], [ 40.007824255784946, 60.451737803856766 ], [ 40.008082514996261, 60.451725800605388 ] ], [ [ 40.00748529501049, 60.450776962786797 ], [ 40.007224808178528, 60.450426189417257 ], [ 40.006728275389769, 60.450213257835742 ], [ 40.006140467708576, 60.44992116972638 ], [ 40.0059710066568, 60.449724231688101 ], [ 40.006107369959288, 60.449504446373282 ], [ 40.006144618079816, 60.449213582241221 ], [ 40.005844323656781, 60.449077966275283 ], [ 40.005200701351434, 60.449047257125358 ], [ 40.004782795389872, 60.449065661751042 ], [ 40.004186882119086, 60.449353996090231 ], [ 40.003872051953799, 60.449531943144848 ], [ 40.003176280660966, 60.449814267314764 ], [ 40.002671342808412, 60.449878065220716 ], [ 40.001927261733897, 60.449857843964487 ], [ 40.001125805711524, 60.449771780643346 ], [ 39.999903345563098, 60.449597422783029 ], [ 39.998810314044924, 60.449403286132899 ], [ 39.998403094727216, 60.449106082679748 ], [ 40.003150494399961, 60.448125175036964 ], [ 40.00838599391863, 60.447060428995769 ], [ 40.008744765858403, 60.447031633603167 ], [ 40.00865662330466, 60.447131692174025 ], [ 40.008183069093555, 60.447569484843996 ], [ 40.007728084083958, 60.448048425094896 ], [ 40.007597131102898, 60.44854915681826 ], [ 40.007548100064923, 60.44903126807872 ], [ 40.007823318691351, 60.449634546797078 ], [ 40.008296605803878, 60.45023814207677 ], [ 40.008131306814498, 60.450528062820005 ], [ 40.007912259843067, 60.450832352930874 ], [ 40.007654007826368, 60.450844356182252 ], [ 40.00748529501049, 60.450776962786797 ] ] ] ] } },
{ "type": "Feature", "properties": { "nid": 10856.0, "title": "Бор Бережок", "sig": "regional", "start_date": "1987-06-30", "created_at": "2024-10-10", "updated_at": "2026-06-24", "area": 254.96, "subj_title": "Вологодская область", "federal_ti": "Северо-Западный федеральный округ", "agency_tit": "Министерство природных ресурсов и экологии Вологодской области", "management": null, "category_t": "памятник природы", "status_tit": "действующий" }, "geometry": { "type": "MultiPolygon", "coordinates": [ [ [ [ 40.060451427191758, 60.007160151020344 ], [ 40.061121111850014, 60.007043778747565 ], [ 40.061706316893151, 60.006844163427544 ], [ 40.062166966732313, 60.006574961265642 ], [ 40.062470785598464, 60.006255665067044 ], [ 40.062598142190666, 60.005907775823331 ], [ 40.062540096348528, 60.005555275755505 ], [ 40.062300632068684, 60.005222450156111 ], [ 40.061928658980598, 60.004857474692855 ], [ 40.062775358995793, 60.004398470613054 ], [ 40.063802075405647, 60.004231044727078 ], [ 40.064447802124562, 60.004003881374203 ], [ 40.064762498290797, 60.003880337008134 ], [ 40.065037102680321, 60.003734718782411 ], [ 40.065418987196665, 60.003790756438427 ], [ 40.065813178935223, 60.003818012191694 ], [ 40.066211040807048, 60.003815780074369 ], [ 40.066603809818155, 60.003784518740716 ], [ 40.067451646576394, 60.003673250120578 ], [ 40.067951264039777, 60.003783046550552 ], [ 40.068484689716797, 60.003840384626244 ], [ 40.069636687083623, 60.003903982882647 ], [ 40.070827531565499, 60.003837492406483 ], [ 40.071356965151999, 60.003780405241677 ], [ 40.071855723762781, 60.003676090179567 ], [ 40.072588151422217, 60.003663520355353 ], [ 40.074506840618369, 60.003820218228668 ], [ 40.078859390248859, 60.003556615245756 ], [ 40.080032057633495, 60.003388269353309 ], [ 40.080429972565355, 60.003313548281831 ], [ 40.080799589429652, 60.003208359977975 ], [ 40.081131346634493, 60.003075333160268 ], [ 40.081417153878697, 60.002917789924254 ], [ 40.081649843565565, 60.002739677394331 ], [ 40.08182352423642, 60.002545369873062 ], [ 40.081933943896551, 60.00233985679909 ], [ 40.081978107803593, 60.002128108725401 ], [ 40.082328269634104, 60.002222798343617 ], [ 40.082702287780535, 60.002290636004204 ], [ 40.083092198746158, 60.002330010122009 ], [ 40.083489539011161, 60.002340120300445 ], [ 40.08383208178531, 60.002351404094199 ], [ 40.084173637103845, 60.00233747269634 ], [ 40.08450863636466, 60.002301981851119 ], [ 40.084831725004278, 60.002245442373408 ], [ 40.085137572740955, 60.002168902872704 ], [ 40.085421576844453, 60.002073584628405 ], [ 40.085681316339844, 60.001961402297063 ], [ 40.085905876155437, 60.001832839713913 ], [ 40.086269336261005, 60.00163039512681 ], [ 40.086544169977628, 60.001395494906319 ], [ 40.086718991888119, 60.001137698845852 ], [ 40.086786766596155, 60.000867591965957 ], [ 40.086917342761346, 60.000622069852781 ], [ 40.086953443346886, 60.000368580645663 ], [ 40.086830798302849, 59.999996732563311 ], [ 40.086521159923734, 59.999326232220021 ], [ 40.087333504038149, 59.999068018874134 ], [ 40.088054062445167, 59.998736357896746 ], [ 40.088354133836383, 59.998536261439476 ], [ 40.088604648985545, 59.998334316875393 ], [ 40.088780431371951, 59.998113312979164 ], [ 40.088875717240732, 59.997880320220759 ], [ 40.088887798733083, 59.997642640195849 ], [ 40.088840453923979, 59.997267672365346 ], [ 40.088742842408408, 59.996983511779838 ], [ 40.088526652583141, 59.996716262945363 ], [ 40.087544978717965, 59.995799622654658 ], [ 40.08716379387414, 59.995606828692367 ], [ 40.087037688238865, 59.995152251075694 ], [ 40.086641097109123, 59.99459605456444 ], [ 40.086174672723125, 59.994276682822836 ], [ 40.086030556365245, 59.994109765953105 ], [ 40.08581979574717, 59.993912381851089 ], [ 40.085546537642763, 59.993735296347033 ], [ 40.085196445959355, 59.993543660711573 ], [ 40.084899847749966, 59.993404190251326 ], [ 40.084564757657631, 59.993288685824389 ], [ 40.08419901417335, 59.993200020764498 ], [ 40.083679293264936, 59.993125979580448 ], [ 40.083850186037409, 59.992911502963622 ], [ 40.08394527855193, 59.992685517722641 ], [ 40.083964395440653, 59.99249066791014 ], [ 40.083899276430657, 59.992225876922859 ], [ 40.083607429339565, 59.991576798430678 ], [ 40.081907298782987, 59.990365385554234 ], [ 40.080738227787151, 59.989852603814754 ], [ 40.079601365111095, 59.98959044424376 ], [ 40.079093276933349, 59.98950296359105 ], [ 40.078560549130202, 59.989467836071917 ], [ 40.0780249219128, 59.989486424159331 ], [ 40.077506933098675, 59.989557232280617 ], [ 40.076395746067021, 59.989750703432378 ], [ 40.07643225944139, 59.989403488680232 ], [ 40.076315529238457, 59.989059302844737 ], [ 40.07602398701755, 59.988739940096316 ], [ 40.075577373796925, 59.988469317904851 ], [ 40.073710267914691, 59.987599072739165 ], [ 40.073448780137255, 59.987394805226231 ], [ 40.073119687623652, 59.987216543408906 ], [ 40.072769657993483, 59.987058270822736 ], [ 40.072371322178917, 59.986909262152892 ], [ 40.071925161317317, 59.986799496299909 ], [ 40.071446043899975, 59.986732840348438 ], [ 40.070950733289862, 59.986711524617363 ], [ 40.068438797312808, 59.986720233652036 ], [ 40.067555531762537, 59.986764321116716 ], [ 40.06710793288493, 59.986779338895516 ], [ 40.066671528768211, 59.986831483386425 ], [ 40.066232829581558, 59.986892268563516 ], [ 40.065822177551645, 59.986990436759406 ], [ 40.065450846579502, 59.987121816918474 ], [ 40.065126658069005, 59.987281112933196 ], [ 40.064794825321087, 59.987473172149336 ], [ 40.064536054395546, 59.987691863888571 ], [ 40.064363869297324, 59.987931196867414 ], [ 40.064283789165692, 59.988182489930104 ], [ 40.063382366303294, 59.988041737036731 ], [ 40.062960738047757, 59.987994141316726 ], [ 40.062529576978534, 59.987981036395865 ], [ 40.062099645282565, 59.988002746929396 ], [ 40.061682378738965, 59.988058603821678 ], [ 40.059610163578327, 59.988427932902944 ], [ 40.059093351976799, 59.988552607716819 ], [ 40.058641080221832, 59.988729330794158 ], [ 40.058274129847405, 59.988950143134787 ], [ 40.05800888560173, 59.989204983123606 ], [ 40.057556288292233, 59.989776703732034 ], [ 40.057131069043749, 59.989894760434986 ], [ 40.056734047138718, 59.99005764924128 ], [ 40.056405633613281, 59.990255661969407 ], [ 40.056146196290115, 59.990477127217837 ], [ 40.054877052334291, 59.990644297696356 ], [ 40.054365697818859, 59.990740345290874 ], [ 40.053872048256608, 59.990898849002861 ], [ 40.053458784595421, 59.991107248001242 ], [ 40.053145523747098, 59.991355531932399 ], [ 40.05248354358082, 59.992034740411093 ], [ 40.052419063988793, 59.992067073736621 ], [ 40.051398660819693, 59.992362806798276 ], [ 40.050592613758283, 59.992738777372828 ], [ 40.050097930874983, 59.993049710775722 ], [ 40.049802801258465, 59.993418434613254 ], [ 40.048575348973309, 59.993844960576617 ], [ 40.047565990378303, 59.994450520875034 ], [ 40.046446617717372, 59.994882803398809 ], [ 40.046061968685073, 59.995064191259587 ], [ 40.04575556067072, 59.995279702996058 ], [ 40.045291587836687, 59.995685248675443 ], [ 40.045099479157784, 59.995892104437253 ], [ 40.044979837849375, 59.996112322325992 ], [ 40.044821109306888, 59.996546729947795 ], [ 40.044601761062609, 59.996881008851616 ], [ 40.044191734061421, 59.996794440111493 ], [ 40.043263294665508, 59.996741470942311 ], [ 40.042531187164741, 59.996749926368182 ], [ 40.041830767276274, 59.996857125556055 ], [ 40.041214178591638, 59.997055033962766 ], [ 40.040727003248776, 59.997329041202477 ], [ 40.03946199077842, 59.998273438168781 ], [ 40.039063720614372, 59.998803541750199 ], [ 40.03835444060514, 60.000131271141413 ], [ 40.038204241232897, 60.000506503372613 ], [ 40.038158033166837, 60.000678936683755 ], [ 40.03815670217022, 60.000852840386457 ], [ 40.038232724560764, 60.001479846817624 ], [ 40.038355205928148, 60.001724440830458 ], [ 40.038559704566865, 60.001955274316636 ], [ 40.038847246603325, 60.002163175989949 ], [ 40.039207268600705, 60.002340456646941 ], [ 40.040121182147004, 60.002712757987574 ], [ 40.040627376352511, 60.002875547868435 ], [ 40.041193057114072, 60.002977878126721 ], [ 40.041790025289622, 60.003014586654039 ], [ 40.042388442272966, 60.002983947651202 ], [ 40.043584494728798, 60.002853726718293 ], [ 40.043476226247037, 60.00321960420154 ], [ 40.043433469778954, 60.003380599035609 ], [ 40.043425198714083, 60.003543090341516 ], [ 40.043456163271451, 60.003705046550806 ], [ 40.043525714140564, 60.003864054782454 ], [ 40.043620169035755, 60.004030681171166 ], [ 40.043744313249647, 60.004203704437586 ], [ 40.043914430806524, 60.004366601337722 ], [ 40.044134163960678, 60.004520587755096 ], [ 40.044378799342262, 60.004650323953463 ], [ 40.044881596808409, 60.004883698024408 ], [ 40.045161714042017, 60.004997141205237 ], [ 40.045469447657069, 60.005090881139438 ], [ 40.045799342365903, 60.00516318213532 ], [ 40.046145774707888, 60.005212673626147 ], [ 40.047149716686249, 60.005320426796395 ], [ 40.050484269733424, 60.005307190574563 ], [ 40.050884555278166, 60.005354083024649 ], [ 40.05218711894053, 60.005650157828697 ], [ 40.05259290743691, 60.005723375233742 ], [ 40.053016896412828, 60.005763079402747 ], [ 40.053808667636076, 60.005804789059923 ], [ 40.054181677642475, 60.005811405372235 ], [ 40.054553246035653, 60.005798107097121 ], [ 40.054717688870426, 60.006107025119263 ], [ 40.054868542049746, 60.006317976393674 ], [ 40.055087176232348, 60.006513433248529 ], [ 40.055367613624639, 60.006688076193946 ], [ 40.055701924004779, 60.006836967951863 ], [ 40.056080957670247, 60.006956084056192 ], [ 40.0564939839104, 60.007042043955309 ], [ 40.056929957251896, 60.007092460848568 ], [ 40.059743003337076, 60.007181894828761 ], [ 40.060451427191758, 60.007160151020344 ] ], [ [ 40.057315379701151, 60.00576015570681 ], [ 40.056873171359932, 60.004929871916183 ], [ 40.056328796436951, 60.004540994271608 ], [ 40.055537082770336, 60.004093708358134 ], [ 40.054881493186542, 60.004357655781355 ], [ 40.054089932404622, 60.004465959336692 ], [ 40.053298191758294, 60.004424250578886 ], [ 40.052259213991697, 60.0041881200858 ], [ 40.051820295370469, 60.00402424921986 ], [ 40.050981473416407, 60.0036908543496 ], [ 40.05073973115384, 60.003649163578174 ], [ 40.050278599278101, 60.003643629150368 ], [ 40.048956430395087, 60.003351888179289 ], [ 40.048714732199301, 60.003326890623661 ], [ 40.048139812702345, 60.003393560064907 ], [ 40.047878568641174, 60.003638009286867 ], [ 40.047861911398279, 60.003971341204583 ], [ 40.047424048581149, 60.00397307329888 ], [ 40.046709085755879, 60.003896342242562 ], [ 40.046206290088371, 60.003662975366183 ], [ 40.046111822602704, 60.003496350776103 ], [ 40.046184138887043, 60.003251890762314 ], [ 40.046673084995057, 60.002885200291914 ], [ 40.046692496861397, 60.002660190815334 ], [ 40.046589731331203, 60.00257966282134 ], [ 40.046478034633758, 60.002309368882429 ], [ 40.046404583404978, 60.002020596573445 ], [ 40.046350911865254, 60.001665707906284 ], [ 40.046195466747577, 60.001537927733352 ], [ 40.045951024720182, 60.00145182214402 ], [ 40.044558571121335, 60.001196563071105 ], [ 40.043442487281133, 60.001190693196122 ], [ 40.043048165140874, 60.001262838609293 ], [ 40.042378593797253, 60.001607319422419 ], [ 40.04181742403506, 60.00166841936219 ], [ 40.040903521280654, 60.001296128813451 ], [ 40.040839746757051, 60.00077114597179 ], [ 40.040973163880551, 60.000437842832355 ], [ 40.041625973659905, 59.999215591326674 ], [ 40.041867792364883, 59.998893721268409 ], [ 40.042959014447149, 59.998079011037689 ], [ 40.04350384532637, 59.998110106896092 ], [ 40.043951160917509, 59.998204515026522 ], [ 40.044301154574782, 59.998382344269942 ], [ 40.044334488845777, 59.999212896058459 ], [ 40.044576049445311, 59.999760104745185 ], [ 40.045045458681159, 60.000232379221067 ], [ 40.045831575866714, 60.000521253153458 ], [ 40.0466148763756, 60.00071571355948 ], [ 40.04757612034183, 60.00082960190479 ], [ 40.048853830340185, 60.000874089567716 ], [ 40.050270491889876, 60.000879731914253 ], [ 40.049598297223781, 60.000499101052874 ], [ 40.048715062250487, 60.000401848366771 ], [ 40.047242729068842, 60.000282360842441 ], [ 40.046753897174767, 60.000126850973558 ], [ 40.046017827261096, 59.999687945842197 ], [ 40.045656748560248, 59.999026825427826 ], [ 40.045873363764883, 59.998512851187272 ], [ 40.04697625365133, 59.997574000340023 ], [ 40.047431836710068, 59.996879566339089 ], [ 40.04762353889538, 59.996354561014343 ], [ 40.048087491944393, 59.995949006341732 ], [ 40.048490333362338, 59.995793439815536 ], [ 40.049079234619164, 59.995840709980946 ], [ 40.049345943860374, 59.995774034244448 ], [ 40.049904382381499, 59.995132376957812 ], [ 40.050385005263934, 59.994854549398092 ], [ 40.051623939193625, 59.994424016055689 ], [ 40.052154586864845, 59.994190768789096 ], [ 40.052423929321037, 59.993724032338378 ], [ 40.05300745173269, 59.993451847125186 ], [ 40.054071385686079, 59.993143486682747 ], [ 40.054701969620389, 59.992826858772673 ], [ 40.055560315856034, 59.991946286691913 ], [ 40.056171488823331, 59.991865794670844 ], [ 40.056507658102078, 59.991960261257248 ], [ 40.056793775612441, 59.992226941720162 ], [ 40.057440856710336, 59.992632509882569 ], [ 40.058052166374516, 59.991526897748315 ], [ 40.058627113750447, 59.991013027829112 ], [ 40.059452203956191, 59.990810230707723 ], [ 40.059991144276061, 59.990360236036224 ], [ 40.060510645749844, 59.989696352904552 ], [ 40.062582930158271, 59.98932701033344 ], [ 40.063721883758092, 59.989504816194483 ], [ 40.064177368790695, 59.990351983857124 ], [ 40.065885684976536, 59.99128262659211 ], [ 40.065716212233554, 59.99173819166441 ], [ 40.065149565600166, 59.992502103689269 ], [ 40.064518825183832, 59.992832609037862 ], [ 40.064791095832561, 59.993010378026661 ], [ 40.065143877388202, 59.993843727606119 ], [ 40.065315940178664, 59.994643779786763 ], [ 40.065335357440965, 59.994974367872935 ], [ 40.06507974943105, 59.995443758223018 ], [ 40.064579792023942, 59.995888210372762 ], [ 40.064463157149127, 59.996324315015265 ], [ 40.064632539060597, 59.996552099799715 ], [ 40.06507702178731, 59.996466026586006 ], [ 40.068146632761056, 59.995074407558043 ], [ 40.069077289885172, 59.994499398128873 ], [ 40.06984946757904, 59.994271649317341 ], [ 40.070263367960251, 59.993910487878907 ], [ 40.07184422413178, 59.993021668115659 ], [ 40.072074659218288, 59.99250219182283 ], [ 40.070863577292407, 59.992138291948777 ], [ 40.070316354216516, 59.992116045419301 ], [ 40.069813599018573, 59.991977118149634 ], [ 40.069191430040625, 59.991516023146119 ], [ 40.06948303791205, 59.991513297301012 ], [ 40.069699803303422, 59.991449397771632 ], [ 40.069569225339649, 59.991321628390601 ], [ 40.068783000235435, 59.991077154886952 ], [ 40.068677588899789, 59.990954929826337 ], [ 40.067824821158744, 59.990532658555523 ], [ 40.066852572188623, 59.989335401907461 ], [ 40.066878362946284, 59.988767384707216 ], [ 40.066966506399289, 59.988265891258031 ], [ 40.067180430832366, 59.988152026295154 ], [ 40.06751107827381, 59.988110341818988 ], [ 40.067988888076911, 59.988324254560879 ], [ 40.068400024841424, 59.988443772662158 ], [ 40.06884724690309, 59.988377046563627 ], [ 40.06860830422999, 59.988065950383472 ], [ 40.070969494946375, 59.988057717989477 ], [ 40.071319527274511, 59.988215994172947 ], [ 40.07157779008309, 59.98844382392349 ], [ 40.073747197675175, 59.989454965874117 ], [ 40.073691614176816, 59.989805001799532 ], [ 40.073380478426479, 59.990146674929292 ], [ 40.073516622294449, 59.990477173083256 ], [ 40.073488856625602, 59.990863335674582 ], [ 40.073066565569711, 59.991332779983956 ], [ 40.072533083235378, 59.991979997778841 ], [ 40.072805388957704, 59.992177229895397 ], [ 40.074244249372775, 59.991535544729793 ], [ 40.075069445698546, 59.991293956251226 ], [ 40.07568045408987, 59.991277292713043 ], [ 40.076363901073357, 59.991530095737524 ], [ 40.077152727016873, 59.991452299883903 ], [ 40.077919449423234, 59.990910631021002 ], [ 40.078477814199907, 59.990813408911819 ], [ 40.079261158775637, 59.990994029650885 ], [ 40.079894530608271, 59.99127181314384 ], [ 40.081102846219551, 59.992132914002923 ], [ 40.081277794934465, 59.992521845606852 ], [ 40.080597190707977, 59.992882901824608 ], [ 40.080588765859034, 59.994085773839558 ], [ 40.080930464169739, 59.994480224582844 ], [ 40.081316553016677, 59.994594068861382 ], [ 40.082702740139496, 59.994380219971333 ], [ 40.083213793382008, 59.994452481397033 ], [ 40.083563884166097, 59.994644120629864 ], [ 40.083827672409306, 59.994949695871931 ], [ 40.0842415179319, 59.995233059658112 ], [ 40.084413822639981, 59.995474701196663 ], [ 40.08462488543028, 59.996235855900174 ], [ 40.085360995813453, 59.996608116771299 ], [ 40.086158109909036, 59.997352580956999 ], [ 40.086205425040475, 59.997727549686822 ], [ 40.085905341958146, 59.997927552614598 ], [ 40.084855227886635, 59.997858065597427 ], [ 40.084449672314683, 59.997944201763673 ], [ 40.083696800367193, 59.998480361379741 ], [ 40.083621779821435, 59.999035848325889 ], [ 40.084266207919313, 60.000399822194197 ], [ 40.084099445732988, 60.000835898957739 ], [ 40.083785540070778, 60.001005354613589 ], [ 40.083427245671025, 60.000994253382245 ], [ 40.082443810033965, 60.000508146433965 ], [ 40.080913257441068, 60.000574731338922 ], [ 40.079479890085047, 60.000424718126382 ], [ 40.079191033239738, 60.000566401818155 ], [ 40.079307703188128, 60.000694144219537 ], [ 40.07930763124233, 60.001166349447658 ], [ 40.078927015669422, 60.001316366257456 ], [ 40.077921500776817, 60.001419120096493 ], [ 40.077938049201741, 60.001591381637127 ], [ 40.079290946120409, 60.002094162016135 ], [ 40.0783241794175, 60.002233008346828 ], [ 40.074562952018759, 60.002460774245492 ], [ 40.072760036146917, 60.002313515656404 ], [ 40.07098501634561, 60.002344020660182 ], [ 40.070529495340111, 60.00249954401891 ], [ 40.06963496757988, 60.002549518445669 ], [ 40.068779360679123, 60.002502262669459 ], [ 40.067865463320622, 60.002227291356576 ], [ 40.065982049132401, 60.002474427752809 ], [ 40.065365455951223, 60.002338316260484 ], [ 40.062951319448011, 60.002885499766194 ], [ 40.062587522995955, 60.003013282637014 ], [ 40.061276320445984, 60.003227136023668 ], [ 40.059990181102137, 60.003924381305282 ], [ 40.059567783026914, 60.003927144022654 ], [ 40.059273407042262, 60.003257666208462 ], [ 40.05871786523744, 60.003607659865786 ], [ 40.058770532234455, 60.00413824008784 ], [ 40.059148297855806, 60.004513302347206 ], [ 40.059281675409181, 60.005221605692711 ], [ 40.059912982398373, 60.005841181025851 ], [ 40.057315379701151, 60.00576015570681 ] ] ] ] } },
{ "type": "Feature", "properties": { "nid": 11102.0, "title": "Вязовый лес Векса", "sig": "regional", "start_date": "1963-01-29", "created_at": "2024-10-10", "updated_at": "2026-06-24", "area": 1.89, "subj_title": "Вологодская область", "federal_ti": "Северо-Западный федеральный округ", "agency_tit": "Министерство природных ресурсов и экологии Вологодской области", "management": null, "category_t": "памятник природы", "status_tit": "действующий" }, "geometry": { "type": "MultiPolygon", "coordinates": [ [ [ [ 40.148995509335464, 59.297655250089853 ], [ 40.149145236563584, 59.297621449070796 ], [ 40.149260401046824, 59.297561856394729 ], [ 40.149553274264349, 59.297339099719871 ], [ 40.150046770042593, 59.297172237708772 ], [ 40.150489128570591, 59.297093990395524 ], [ 40.151147567206635, 59.297101610351206 ], [ 40.151805405095558, 59.297178637284446 ], [ 40.153001638315111, 59.297390534645608 ], [ 40.153116120212928, 59.2974024137905 ], [ 40.153232486190461, 59.297398379431847 ], [ 40.154294036041108, 59.297288253850006 ], [ 40.154515523772545, 59.2972277960261 ], [ 40.154635899827099, 59.297115072302915 ], [ 40.154615651591193, 59.296987021434056 ], [ 40.154461326129478, 59.296885671436769 ], [ 40.152910579259981, 59.296320363893869 ], [ 40.151727031877158, 59.296183368367899 ], [ 40.150793461848934, 59.296252215067838 ], [ 40.149822774101885, 59.296536272231329 ], [ 40.149369657883589, 59.296620845375841 ], [ 40.14843696199636, 59.296607602858714 ], [ 40.147794356824249, 59.296787690299823 ], [ 40.147425492692484, 59.297074582126399 ], [ 40.147349767078254, 59.297226615216282 ], [ 40.146891316980877, 59.297208892276736 ], [ 40.146187575896072, 59.297309634332343 ], [ 40.14558393295232, 59.29758009284717 ], [ 40.145535670834697, 59.29775279775356 ], [ 40.145556845372248, 59.297860098564854 ], [ 40.145673572877229, 59.297949978608798 ], [ 40.145858549932321, 59.298001582607135 ], [ 40.146069269181567, 59.298003131239682 ], [ 40.148995509335464, 59.297655250089853 ] ], [ [ 40.145995289151415, 59.297694107097513 ], [ 40.146401728756921, 59.297511985389981 ], [ 40.146935115763142, 59.29743559607607 ], [ 40.147683911083789, 59.297464662164586 ], [ 40.147832477287174, 59.29716646585991 ], [ 40.148100907830774, 59.296957660367909 ], [ 40.148543579322897, 59.296833624971995 ], [ 40.149441148590313, 59.296846310808739 ], [ 40.150008249381358, 59.296740584710385 ], [ 40.150938768009887, 59.29646824301517 ], [ 40.151709310736294, 59.296411366291693 ], [ 40.152727846912789, 59.296529292592929 ], [ 40.154206800903289, 59.297068372307699 ], [ 40.153145257347887, 59.297178496090908 ], [ 40.151926372903972, 59.296962567968315 ], [ 40.15120199957277, 59.296877830247816 ], [ 40.150420274676087, 59.29686876238366 ], [ 40.149851180088035, 59.296969395621247 ], [ 40.14923810865195, 59.297176601219341 ], [ 40.14889625655718, 59.29743667885981 ], [ 40.145970035289047, 59.297784558210928 ], [ 40.145995289151415, 59.297694107097513 ] ] ] ] } },
{ "type": "Feature", "properties": { "nid": 11058.0, "title": "Вязовый лес Темный мыс", "sig": "regional", "start_date": "1963-01-29", "created_at": "2024-10-10", "updated_at": "2026-06-24", "area": 100.7, "subj_title": "Вологодская область", "federal_ti": "Северо-Западный федеральный округ", "agency_tit": "Министерство природных ресурсов и экологии Вологодской области", "management": null, "category_t": "памятник природы", "status_tit": "действующий" }, "geometry": { "type": "MultiPolygon", "coordinates": [ [ [ [ 40.190519839619078, 59.300000974265757 ], [ 40.191930038640521, 59.2999316716095 ], [ 40.193386773980592, 59.300088472005541 ], [ 40.193449448633316, 59.30031420633572 ], [ 40.193754272042213, 59.300381019668457 ], [ 40.199475657275904, 59.301104729299979 ], [ 40.199859981652992, 59.301130747586114 ], [ 40.200246051614158, 59.301113019250572 ], [ 40.200615121690703, 59.301052407642651 ], [ 40.200949069644025, 59.300951748324678 ], [ 40.204270095088987, 59.299679305655609 ], [ 40.204571740293765, 59.299532090233924 ], [ 40.204797032157494, 59.299352623325092 ], [ 40.204933122965429, 59.299151034892517 ], [ 40.204973427881555, 59.298932705580043 ], [ 40.205021361746617, 59.296229232892912 ], [ 40.204971309078807, 59.296008192124518 ], [ 40.204816574425529, 59.295800241887832 ], [ 40.204566553004149, 59.295618103093155 ], [ 40.204236539584819, 59.295473073024077 ], [ 40.203835345724769, 59.295336937249992 ], [ 40.203475597121269, 59.293641798830095 ], [ 40.203624146237523, 59.292181458107962 ], [ 40.204676766719558, 59.288965215372563 ], [ 40.204910343138003, 59.288386640131471 ], [ 40.20408913530553, 59.288573048907267 ], [ 40.20295190210873, 59.288800275212687 ], [ 40.201864574990275, 59.292122081269198 ], [ 40.202112547756023, 59.295829537303462 ], [ 40.203266696301171, 59.296221077840634 ], [ 40.203217934160477, 59.298961011741476 ], [ 40.199896939292501, 59.300233427430896 ], [ 40.194314344631486, 59.299527288753538 ], [ 40.192111635143995, 59.299044383391731 ], [ 40.189326869139848, 59.299207039273583 ], [ 40.188661458959302, 59.300004700156919 ], [ 40.188374406154075, 59.300646763937131 ], [ 40.187831333449424, 59.301152700936548 ], [ 40.189454387610056, 59.300306813009179 ], [ 40.190519839619078, 59.300000974265757 ] ] ], [ [ [ 40.190060138564725, 59.287844718559079 ], [ 40.192864982832873, 59.287280450632473 ], [ 40.192905229293039, 59.287500183786612 ], [ 40.192685819894841, 59.287837845940018 ], [ 40.192219687788501, 59.288092157127494 ], [ 40.191236259346056, 59.288500770394428 ], [ 40.190385387375905, 59.288783445299941 ], [ 40.189474687107293, 59.289318532024815 ], [ 40.189229934813788, 59.28970310461478 ], [ 40.189259563877954, 59.290107568409717 ], [ 40.189768340036998, 59.290103946839835 ], [ 40.191002429318814, 59.28993200096123 ], [ 40.190994844436716, 59.289829114022538 ], [ 40.191032367749756, 59.28977010230853 ], [ 40.191547109111973, 59.289467687284109 ], [ 40.192269995863796, 59.289227560203919 ], [ 40.193418082079006, 59.288750511227292 ], [ 40.19422910688791, 59.288308054673152 ], [ 40.194686354591731, 59.287604300098558 ], [ 40.194625145833982, 59.287270356641841 ], [ 40.194400425039753, 59.286846271438435 ], [ 40.193834805432118, 59.286532523157561 ], [ 40.193049749446565, 59.286387911273259 ], [ 40.192223005387575, 59.286445116249304 ], [ 40.188904630244679, 59.287112710883086 ], [ 40.185907805900683, 59.289418867586839 ], [ 40.185868001007627, 59.290556929958541 ], [ 40.186020151908622, 59.290651805736388 ], [ 40.187906219096867, 59.290413069008068 ], [ 40.187633744302047, 59.290243033289528 ], [ 40.187652805432776, 59.289697266216017 ], [ 40.190060138564725, 59.287844718559079 ] ] ], [ [ [ 40.180544896729771, 59.30314221803912 ], [ 40.182137233646586, 59.302199123291068 ], [ 40.182128194560669, 59.30153762066481 ], [ 40.182630006369884, 59.300637625925837 ], [ 40.183647440876882, 59.29960340197561 ], [ 40.184532569822402, 59.298652083826767 ], [ 40.186256689794554, 59.297202786779337 ], [ 40.188510329688143, 59.297701400599358 ], [ 40.189847658442822, 59.295769393342979 ], [ 40.189424575084217, 59.294056792786925 ], [ 40.190254536917507, 59.291881473051717 ], [ 40.188765631029234, 59.290949313160453 ], [ 40.188084860428141, 59.291132147131073 ], [ 40.187074038636119, 59.29130942868732 ], [ 40.18757288178324, 59.291621083346513 ], [ 40.185949187305312, 59.292299781909556 ], [ 40.1854311993905, 59.293011988312784 ], [ 40.184707084164756, 59.293800041738677 ], [ 40.184317493357803, 59.294624926899019 ], [ 40.184178087648768, 59.295370893851832 ], [ 40.184168215790692, 59.295527420853944 ], [ 40.185150157653815, 59.296406293216023 ], [ 40.18343530519536, 59.297847646551816 ], [ 40.182378683629508, 59.297678091970504 ], [ 40.181290759361218, 59.297804130156628 ], [ 40.179726167428832, 59.298182039669534 ], [ 40.178914169553423, 59.298572519006704 ], [ 40.178304468776382, 59.29924400230901 ], [ 40.177477818246871, 59.299655664277687 ], [ 40.176748756749873, 59.300435113889534 ], [ 40.176686423839548, 59.301192407803562 ], [ 40.177274501317363, 59.302154725560293 ], [ 40.178371628348138, 59.302776416098865 ], [ 40.179420400631152, 59.30316077644887 ], [ 40.180544896729771, 59.30314221803912 ] ], [ [ 40.187050187716174, 59.293359944106321 ], [ 40.18759367141098, 59.292612754974805 ], [ 40.18774443555742, 59.292623697925464 ], [ 40.187790145399049, 59.293560377809342 ], [ 40.18692685109346, 59.293814185376512 ], [ 40.186035515027179, 59.295564676169022 ], [ 40.185922073644974, 59.295556314272631 ], [ 40.185930136966412, 59.295428090733964 ], [ 40.186052311665037, 59.294773737717996 ], [ 40.186370809265611, 59.29409941075938 ], [ 40.187050187716174, 59.293359944106321 ] ], [ [ 40.181866153700184, 59.298657769340764 ], [ 40.182304860081388, 59.298606931564784 ], [ 40.182546157179551, 59.298645658170742 ], [ 40.180884240615399, 59.300354049000298 ], [ 40.180974618883738, 59.301196972762213 ], [ 40.180403893824803, 59.302246504972395 ], [ 40.179958843625911, 59.30225387041996 ], [ 40.179547847155561, 59.302103236675173 ], [ 40.178835069682862, 59.301699325063964 ], [ 40.178452831732955, 59.301073913130779 ], [ 40.178487130976464, 59.300656528775953 ], [ 40.178926052295651, 59.300187219364815 ], [ 40.179760070071325, 59.299771863880594 ], [ 40.180363081691041, 59.299107730737383 ], [ 40.180726182967128, 59.298933136355345 ], [ 40.181866153700184, 59.298657769340764 ] ] ] ] } },
{ "type": "Feature", "properties": { "nid": 13375.0, "title": "Заросли дуба (Дубня)", "sig": "regional", "start_date": "1966-03-24", "created_at": "2024-10-10", "updated_at": "2026-06-24", "area": 19.8, "subj_title": "Вологодская область", "federal_ti": "Северо-Западный федеральный округ", "agency_tit": "Министерство природных ресурсов и экологии Вологодской области", "management": null, "category_t": "памятник истории", "status_tit": "действующий" }, "geometry": { "type": "MultiPolygon", "coordinates": [ [ [ [ 40.258974272344972, 59.258223579254931 ], [ 40.259007117384719, 59.25727199130948 ], [ 40.259000763674464, 59.256786498598224 ], [ 40.258763903831259, 59.256258500329686 ], [ 40.258137319182083, 59.255865249281989 ], [ 40.257349174025308, 59.25561852387596 ], [ 40.254427279395593, 59.25481971096103 ], [ 40.254498633405369, 59.254667169754256 ], [ 40.255009038236665, 59.253606765639901 ], [ 40.255129847764408, 59.25315782227586 ], [ 40.255154971225117, 59.252782081927691 ], [ 40.254950567914534, 59.252348036732663 ], [ 40.254614973302523, 59.251980735622602 ], [ 40.254103239273256, 59.251603691257515 ], [ 40.253240091557132, 59.251119807433319 ], [ 40.253989520899829, 59.251103931701245 ], [ 40.254842989212761, 59.250946969427268 ], [ 40.255590528180498, 59.250638748379693 ], [ 40.256278663329795, 59.250144721102167 ], [ 40.256782458144073, 59.24952846606601 ], [ 40.257128242074884, 59.248738175126839 ], [ 40.257031215118673, 59.24809296461877 ], [ 40.256632166141742, 59.247337737346854 ], [ 40.25638359712547, 59.246570986162226 ], [ 40.256253121684381, 59.245823813218557 ], [ 40.256288179955725, 59.245675668797219 ], [ 40.256474041044328, 59.245479106675589 ], [ 40.256797260085641, 59.245112435090967 ], [ 40.257036282798367, 59.244654967952542 ], [ 40.257064975668243, 59.244198103359949 ], [ 40.256907022341345, 59.243773769044367 ], [ 40.25648635456178, 59.24334538598093 ], [ 40.255887452843865, 59.24302852874375 ], [ 40.255234690728564, 59.242741297872769 ], [ 40.254436538815355, 59.242512767550352 ], [ 40.253737323119132, 59.242392681976874 ], [ 40.252175643191542, 59.242270725813519 ], [ 40.25187206894099, 59.243926975749503 ], [ 40.253146508105033, 59.244097156258931 ], [ 40.253398563792871, 59.24417903233666 ], [ 40.253704451099672, 59.244324827728796 ], [ 40.253726565428785, 59.244347043681273 ], [ 40.253730714001392, 59.244399335661001 ], [ 40.253670034045001, 59.24452046984397 ], [ 40.253506829576679, 59.244706211322757 ], [ 40.253174604724393, 59.245041542433384 ], [ 40.252956295197009, 59.245459797331918 ], [ 40.25291842834298, 59.245935242817374 ], [ 40.253503636084076, 59.247951655045028 ], [ 40.253755516404112, 59.248325127302955 ], [ 40.253825125729115, 59.248485983641388 ], [ 40.253755230419699, 59.248711169385089 ], [ 40.253580261020375, 59.249058483062704 ], [ 40.253461944413345, 59.249187840646478 ], [ 40.253087270661183, 59.248969178584886 ], [ 40.252334950897414, 59.248739567277362 ], [ 40.251378244910256, 59.248685760839336 ], [ 40.250513837243943, 59.248868717117759 ], [ 40.249827031292618, 59.249174463231043 ], [ 40.24941992439016, 59.249568469709274 ], [ 40.249275614678027, 59.249979289013147 ], [ 40.249251750268229, 59.250458374954228 ], [ 40.249505100979782, 59.251031716140979 ], [ 40.25001873167929, 59.251638182056624 ], [ 40.250755742283843, 59.252169936793329 ], [ 40.251582641925552, 59.252735532119281 ], [ 40.251785707944229, 59.252917921824796 ], [ 40.251804564029548, 59.253025933999822 ], [ 40.251736291996444, 59.25328614743789 ], [ 40.251529695239412, 59.253772478317394 ], [ 40.251199320292578, 59.254378773361857 ], [ 40.251077719361426, 59.254800952002483 ], [ 40.251129843167917, 59.25521400162507 ], [ 40.251435597375057, 59.255688118811811 ], [ 40.251992317291752, 59.256049372880398 ], [ 40.252972909272493, 59.256356584888636 ], [ 40.253966611570036, 59.256568305982675 ], [ 40.255679606029162, 59.25705848416186 ], [ 40.255683574737354, 59.257060139813731 ], [ 40.255682009916988, 59.257207718561503 ], [ 40.255664056750959, 59.257620966934255 ], [ 40.255760762649224, 59.258048105335945 ], [ 40.256039415786567, 59.258804650114648 ], [ 40.258974272344972, 59.258223579254931 ] ], [ [ 40.256627836805364, 59.257980594129251 ], [ 40.256541628693356, 59.257599975858348 ], [ 40.256558365975991, 59.257213919387027 ], [ 40.256561039660426, 59.256958348249327 ], [ 40.256486116241426, 59.256816651967078 ], [ 40.256174972397211, 59.256686074003255 ], [ 40.254349951189447, 59.256163903341637 ], [ 40.253372257723704, 59.255955576289004 ], [ 40.25258328608993, 59.255708365248999 ], [ 40.252219380819945, 59.255472211373622 ], [ 40.251997215898939, 59.25512776203675 ], [ 40.251958279750959, 59.254819434869205 ], [ 40.252058261879426, 59.25447218414417 ], [ 40.252380527639382, 59.253880529163261 ], [ 40.252600010782032, 59.253363891130832 ], [ 40.252686096586274, 59.25303607205722 ], [ 40.252641642198171, 59.252780570167367 ], [ 40.25231669106261, 59.252488873263076 ], [ 40.251463817201561, 59.251905516326694 ], [ 40.250786169046648, 59.251416643963104 ], [ 40.250341643152467, 59.250891671913287 ], [ 40.250130562375716, 59.250413918767478 ], [ 40.250149929275999, 59.250025015042588 ], [ 40.250258251717128, 59.249716632117035 ], [ 40.250525046393932, 59.249458311751887 ], [ 40.250980597976373, 59.249255563193842 ], [ 40.25150557362349, 59.249144451055706 ], [ 40.252050049270508, 59.249175020810753 ], [ 40.25251388181038, 59.249316648744525 ], [ 40.252800049682719, 59.249488912983111 ], [ 40.253088893038125, 59.249613890868531 ], [ 40.253433381045845, 59.249658351551822 ], [ 40.253797192786401, 59.24964168711432 ], [ 40.254138895593705, 59.249505575621981 ], [ 40.254408258734315, 59.249211092617998 ], [ 40.254613929189645, 59.24880276623486 ], [ 40.254716737887293, 59.248472239302551 ], [ 40.254600063442354, 59.248202821303316 ], [ 40.254358294200067, 59.247844444165942 ], [ 40.253797221564696, 59.245911141885863 ], [ 40.253827726568488, 59.245527734817301 ], [ 40.25399726765994, 59.245202810661333 ], [ 40.254297232031774, 59.244900015223706 ], [ 40.254499988683676, 59.244669419158527 ], [ 40.254611117009631, 59.244447247942333 ], [ 40.254594452572121, 59.244230537409521 ], [ 40.254413960436061, 59.244049992213547 ], [ 40.253936110163522, 59.243822223616917 ], [ 40.253500037896572, 59.243680518341407 ], [ 40.252813912732051, 59.243588928686265 ], [ 40.252961127254366, 59.242786075117451 ], [ 40.253530559987496, 59.242830534901437 ], [ 40.254080571861088, 59.242924984400695 ], [ 40.254730504709187, 59.243111102695408 ], [ 40.255286053708573, 59.243355532132284 ], [ 40.25576383293469, 59.243608343250621 ], [ 40.25606941896865, 59.243919410652438 ], [ 40.256186156366191, 59.244233357683463 ], [ 40.256163918829941, 59.244588927137443 ], [ 40.255969478209003, 59.244961098076374 ], [ 40.255680499055934, 59.245288875781178 ], [ 40.255436032746893, 59.245547249206361 ], [ 40.255372188076194, 59.245816666306268 ], [ 40.255513887955715, 59.246627783745389 ], [ 40.255774988125381, 59.247433355065411 ], [ 40.2561638765618, 59.248169451958795 ], [ 40.256244515172398, 59.248705599883706 ], [ 40.255944378130721, 59.249391661196391 ], [ 40.255508393098005, 59.249925004135775 ], [ 40.25494728628837, 59.25032782127208 ], [ 40.254408270425529, 59.250550041951051 ], [ 40.25381940873887, 59.250658375184052 ], [ 40.25329716703078, 59.250669420657388 ], [ 40.252872143834502, 59.250622181068984 ], [ 40.252527791624459, 59.250527802616133 ], [ 40.252180532805475, 59.250450004064575 ], [ 40.251847173008791, 59.250486091160312 ], [ 40.251711191918154, 59.250655581889752 ], [ 40.251797290312879, 59.250880525715843 ], [ 40.252636087085932, 59.251455571117887 ], [ 40.253419398386711, 59.251886143131159 ], [ 40.253852857223762, 59.252205582321949 ], [ 40.254119447754476, 59.252497233360828 ], [ 40.254275005287404, 59.252827817849649 ], [ 40.254255520575953, 59.253119402338712 ], [ 40.254147144175533, 59.253522233864139 ], [ 40.25364717327858, 59.254561101913495 ], [ 40.253541681903236, 59.25478611228943 ], [ 40.253547267592459, 59.254966711444737 ], [ 40.253677855448814, 59.255119466690182 ], [ 40.253977691217635, 59.255205587567964 ], [ 40.256913835605182, 59.256008323325602 ], [ 40.257552812012818, 59.256208321756787 ], [ 40.257955577887799, 59.256461096002958 ], [ 40.258125006563937, 59.256838857127711 ], [ 40.258130619232873, 59.257269486697631 ], [ 40.258108327737318, 59.257913870728721 ], [ 40.256705570605789, 59.258191626342636 ], [ 40.256627836805364, 59.257980594129251 ] ] ] ] } },
{ "type": "Feature", "properties": { "nid": 10341.0, "title": "Кедровая роща", "sig": "regional", "start_date": "1963-01-29", "created_at": "2024-10-10", "updated_at": "2026-06-24", "area": 1.88, "subj_title": "Вологодская область", "federal_ti": "Северо-Западный федеральный округ", "agency_tit": "Министерство природных ресурсов и экологии Вологодской области", "management": null, "category_t": "памятник природы", "status_tit": "действующий" }, "geometry": { "type": "MultiPolygon", "coordinates": [ [ [ [ 40.29422950238979, 59.051130424329813 ], [ 40.296035776330193, 59.050785917436322 ], [ 40.295706551616199, 59.050323158686965 ], [ 40.293902955856872, 59.050620782123588 ], [ 40.29316485077743, 59.049495767116127 ], [ 40.293783907201714, 59.049364813235691 ], [ 40.293593428094425, 59.048942188531328 ], [ 40.295557739897951, 59.048489801663209 ], [ 40.295239655985483, 59.048322462112075 ], [ 40.294817209346881, 59.048391003941845 ], [ 40.294333038638968, 59.048493961027638 ], [ 40.293120841553787, 59.048759004724438 ], [ 40.292089116819454, 59.048934482240711 ], [ 40.291123924829428, 59.049158181405119 ], [ 40.29192179435551, 59.050084107195957 ], [ 40.292902347665404, 59.051405574607777 ], [ 40.29422950238979, 59.051130424329813 ] ] ] ] } },
{ "type": "Feature", "properties": { "nid": 10335.0, "title": "Старый парк (д.Юношеское)", "sig": "regional", "start_date": "1966-03-24", "created_at": "2024-10-10", "updated_at": "2026-06-24", "area": 4.98, "subj_title": "Вологодская область", "federal_ti": "Северо-Западный федеральный округ", "agency_tit": null, "management": null, "category_t": "памятник природы", "status_tit": "действующий" }, "geometry": { "type": "MultiPolygon", "coordinates": [ [ [ [ 40.333521320552677, 58.761174275672424 ], [ 40.333618927571592, 58.760364275191307 ], [ 40.335327355273414, 58.760060484204139 ], [ 40.335262300115232, 58.75909730579621 ], [ 40.328370832148323, 58.757138212758491 ], [ 40.324102673999391, 58.760348305929767 ], [ 40.324177456224788, 58.760364280587211 ], [ 40.325672705930792, 58.76097967677083 ], [ 40.327111232697405, 58.761578088358242 ], [ 40.329221360577492, 58.759383438594952 ], [ 40.330487436945816, 58.759697053776165 ], [ 40.330917206763836, 58.7601849000133 ], [ 40.332020667719796, 58.760289438107243 ], [ 40.329943144760477, 58.762306841387769 ], [ 40.330514332070948, 58.762360279103753 ], [ 40.332532875691804, 58.762383664174934 ], [ 40.333521320552677, 58.761174275672424 ] ] ] ] } },
{ "type": "Feature", "properties": { "nid": 10358.0, "title": "Марьинский бор", "sig": "regional", "start_date": "1994-09-14", "created_at": "2024-10-10", "updated_at": "2026-06-24", "area": 259.92, "subj_title": "Вологодская область", "federal_ti": "Северо-Западный федеральный округ", "agency_tit": null, "management": null, "category_t": "памятник природы", "status_tit": "действующий" }, "geometry": { "type": "MultiPolygon", "coordinates": [ [ [ [ 40.402417772762185, 60.519876314640371 ], [ 40.402816819940419, 60.51982777463229 ], [ 40.403196679183559, 60.519750255769857 ], [ 40.403548546128661, 60.519645477556921 ], [ 40.403864504043781, 60.519515887048726 ], [ 40.404137532821039, 60.519364384558848 ], [ 40.404638073888179, 60.519040342637886 ], [ 40.405251878271706, 60.518880990865235 ], [ 40.40633850391896, 60.518712852716121 ], [ 40.406510097263322, 60.518705795736025 ], [ 40.407986956732827, 60.519027929295632 ], [ 40.409354464037449, 60.519058561103854 ], [ 40.409927626259105, 60.51908087058586 ], [ 40.41048742005853, 60.519136454983595 ], [ 40.410855134856774, 60.519160239353702 ], [ 40.411225903752602, 60.519159272582556 ], [ 40.411592991723353, 60.519133503408625 ], [ 40.41194964036378, 60.519083495706916 ], [ 40.412301072036989, 60.519021238339619 ], [ 40.412692339180303, 60.518934184864918 ], [ 40.413051301776306, 60.518818043717879 ], [ 40.413368759760601, 60.518675518260729 ], [ 40.413637118358508, 60.518510312800849 ], [ 40.414042190994508, 60.51821594221213 ], [ 40.414220489683991, 60.518064062007006 ], [ 40.414357266674699, 60.517901954711576 ], [ 40.414450054226791, 60.517732472076098 ], [ 40.414497478176258, 60.517558473944568 ], [ 40.414505049568561, 60.517503427341467 ], [ 40.414567965239598, 60.517022137162087 ], [ 40.414533497822838, 60.516784431956125 ], [ 40.414414495033093, 60.516553458175729 ], [ 40.414732258786898, 60.51632853323536 ], [ 40.414950829117622, 60.516076464957052 ], [ 40.415061281153385, 60.515807769113451 ], [ 40.415059039143493, 60.515533626975461 ], [ 40.414947901824348, 60.515046637792288 ], [ 40.414773922578597, 60.514779112865945 ], [ 40.414499580791187, 60.514533802992773 ], [ 40.414128311872275, 60.514321775229917 ], [ 40.414300365669533, 60.514170829420422 ], [ 40.414431611829571, 60.51401019971108 ], [ 40.414520135695852, 60.513842566081742 ], [ 40.414564017215817, 60.513670782081064 ], [ 40.414557740847215, 60.513465180873581 ], [ 40.414488187280192, 60.513262542032848 ], [ 40.414341253346315, 60.513049730960454 ], [ 40.414124613859997, 60.512851943962218 ], [ 40.414260487032038, 60.512605814806697 ], [ 40.414299901619351, 60.512358774637896 ], [ 40.414223513204711, 60.512060304939261 ], [ 40.414014407339202, 60.511777579671723 ], [ 40.413547813880648, 60.511315120396652 ], [ 40.413373359792899, 60.511254303743279 ], [ 40.413652607382119, 60.510973941894065 ], [ 40.413815379276507, 60.510604174842953 ], [ 40.413803760934968, 60.510348532658845 ], [ 40.413694370099279, 60.510098610162913 ], [ 40.413646521669818, 60.509785932075253 ], [ 40.413453469602125, 60.509487186284794 ], [ 40.41312538882579, 60.509218526414017 ], [ 40.4126801542659, 60.508994642888638 ], [ 40.412141915417237, 60.508827592019948 ], [ 40.411540026151442, 60.508726415591745 ], [ 40.410907053617798, 60.508696690300198 ], [ 40.410277157664837, 60.508740051112618 ], [ 40.409842902927778, 60.508815687693975 ], [ 40.409440546244348, 60.508926333083977 ], [ 40.40908166638598, 60.509068765011648 ], [ 40.408776420295737, 60.509238851092277 ], [ 40.408168079293596, 60.509641780643847 ], [ 40.408088649371848, 60.509674580717494 ], [ 40.408063209349791, 60.509673285693736 ], [ 40.407922042768227, 60.509665436410955 ], [ 40.406496542681445, 60.508884623426809 ], [ 40.405066527098704, 60.508331742715924 ], [ 40.405047099943879, 60.508330319988417 ], [ 40.406472043350277, 60.507828848122983 ], [ 40.408485612820925, 60.507011599106193 ], [ 40.408631759847992, 60.506944811853764 ], [ 40.408718140629844, 60.506900490565329 ], [ 40.408800773037399, 60.506854074755893 ], [ 40.40890066343502, 60.506793085432719 ], [ 40.410600990943117, 60.505578006919663 ], [ 40.410677839810603, 60.505519871145268 ], [ 40.410748744159378, 60.505459978995006 ], [ 40.410871072642074, 60.505335091941099 ], [ 40.410971489143094, 60.505196643110764 ], [ 40.411056018220847, 60.505007793574961 ], [ 40.411497480124751, 60.503578650334582 ], [ 40.411607772081197, 60.502883420433648 ], [ 40.412046387630816, 60.502421492657902 ], [ 40.41259445067351, 60.501988410636784 ], [ 40.413026758378351, 60.501685030639806 ], [ 40.413197695217605, 60.501548616975235 ], [ 40.413347712926786, 60.501385906234738 ], [ 40.413448568296921, 60.50122385289864 ], [ 40.4135073776635, 60.501056774150975 ], [ 40.413522955719998, 60.500887351770011 ], [ 40.413495387002676, 60.500718370056916 ], [ 40.413424763242396, 60.500552433448206 ], [ 40.413312632172392, 60.500392155373852 ], [ 40.413160359862893, 60.500240062928761 ], [ 40.41297059032064, 60.500098691301737 ], [ 40.412746338073191, 60.499970220449484 ], [ 40.412491177925688, 60.499856564129274 ], [ 40.412209042613362, 60.499759732325963 ], [ 40.411904434142514, 60.499681108196732 ], [ 40.411582216945931, 60.499621990362741 ], [ 40.411253734172647, 60.499570357586094 ], [ 40.410876593580092, 60.499510320644944 ], [ 40.410504544049616, 60.499466035329426 ], [ 40.410115202354852, 60.499447808769489 ], [ 40.409724706829927, 60.499457218376115 ], [ 40.409187288162968, 60.499489245032784 ], [ 40.408970836634978, 60.499491433083321 ], [ 40.408045140171225, 60.49958871095042 ], [ 40.407639607082388, 60.49964789083765 ], [ 40.407232760983284, 60.499744308952856 ], [ 40.406874814621176, 60.499867981922009 ], [ 40.406561244406078, 60.500018245146059 ], [ 40.40628645835352, 60.500172968108181 ], [ 40.405581765786053, 60.500602794583465 ], [ 40.404857030028097, 60.501120501010455 ], [ 40.404481468645024, 60.500814430241888 ], [ 40.404266403871588, 60.500663673290035 ], [ 40.404011655613601, 60.500528730916358 ], [ 40.403722045136419, 60.500412248926295 ], [ 40.403402769622289, 60.500316426162321 ], [ 40.403059957051532, 60.500243018100953 ], [ 40.402699927859537, 60.500193337752471 ], [ 40.402329561859972, 60.500168431028442 ], [ 40.401955759550837, 60.500168626181342 ], [ 40.401590252588278, 60.500181277843858 ], [ 40.401449112986313, 60.50018930789043 ], [ 40.401308630788833, 60.500199319143398 ], [ 40.401169117161203, 60.500212837752429 ], [ 40.401031475922025, 60.500229964441473 ], [ 40.400895530804291, 60.500250603882428 ], [ 40.400762009359426, 60.500274765967852 ], [ 40.40063146197258, 60.500302275329879 ], [ 40.400503015402016, 60.500332134620479 ], [ 40.400206678895294, 60.500246644167483 ], [ 40.400187885762477, 60.500093891619997 ], [ 40.400145584351378, 60.499942104045033 ], [ 40.400068416224599, 60.499793336393516 ], [ 40.399957214154256, 60.499649839668514 ], [ 40.399813375686904, 60.499513243441577 ], [ 40.399638829868252, 60.499385626945291 ], [ 40.399435885258065, 60.499268626046451 ], [ 40.399207029381039, 60.49916387841045 ], [ 40.39903769333506, 60.499094739430845 ], [ 40.398897110413479, 60.499041016629796 ], [ 40.39874980865693, 60.498991993685692 ], [ 40.398596335752465, 60.498947675095287 ], [ 40.398437222300117, 60.498908513217479 ], [ 40.398273378413869, 60.498874426213945 ], [ 40.39810534188819, 60.498845689277282 ], [ 40.397934014743157, 60.498822487667837 ], [ 40.397759948263165, 60.498804737748621 ], [ 40.397490707430393, 60.498781858096422 ], [ 40.397367826763968, 60.498772898150875 ], [ 40.397244488342608, 60.498766626278936 ], [ 40.397120505107409, 60.498763130614179 ], [ 40.396996422047373, 60.49876241835107 ], [ 40.396872605186729, 60.498764488590425 ], [ 40.396748506838264, 60.498769341332213 ], [ 40.396625401341339, 60.498776982871618 ], [ 40.396503106133601, 60.498787415007364 ], [ 40.396406874178062, 60.498796725688521 ], [ 40.396148975594947, 60.498690284629113 ], [ 40.395957014404871, 60.498617983633203 ], [ 40.395752734301418, 60.498554372786245 ], [ 40.395538120987673, 60.498499917037677 ], [ 40.395309349646929, 60.498459790187312 ], [ 40.395080580104825, 60.498419662437648 ], [ 40.394841077154126, 60.498394789887818 ], [ 40.394604643589616, 60.498380803631321 ], [ 40.394366405085684, 60.498376676642465 ], [ 40.393968164599293, 60.498302317098407 ], [ 40.393783466334071, 60.498271544096674 ], [ 40.393598703317643, 60.498247683284156 ], [ 40.393408983238139, 60.498230151000833 ], [ 40.393217208207766, 60.498219243123749 ], [ 40.393024280246493, 60.498215146711807 ], [ 40.392831298325923, 60.498217691793229 ], [ 40.392639167164013, 60.498226976393987 ], [ 40.392448983034285, 60.498242918675942 ], [ 40.39147223115873, 60.49834260043081 ], [ 40.390462076663646, 60.498587573957529 ], [ 40.390138862118931, 60.498679999982187 ], [ 40.389844192955309, 60.498793407190121 ], [ 40.389583789760245, 60.498925602134996 ], [ 40.38936229393488, 60.499074021748868 ], [ 40.389184167015848, 60.499236013931068 ], [ 40.389052430725265, 60.49940855156359 ], [ 40.388969753351596, 60.499588248698892 ], [ 40.38893706299524, 60.499800065121072 ], [ 40.388943798018033, 60.500842947743969 ], [ 40.389502948802196, 60.501695678612855 ], [ 40.389375439325242, 60.502126401712239 ], [ 40.385853420798917, 60.500813505738854 ], [ 40.383959785815641, 60.500136071622585 ], [ 40.383616148566546, 60.500036218097144 ], [ 40.383358911884443, 60.499937566965293 ], [ 40.383070668376824, 60.499840888946032 ], [ 40.382759726880067, 60.499763129964649 ], [ 40.382431319649861, 60.499705503206606 ], [ 40.382090506271993, 60.499669040194185 ], [ 40.381731807177339, 60.499654231058045 ], [ 40.381394875273422, 60.499661601901551 ], [ 40.3810511579847, 60.499690635614499 ], [ 40.380717953770727, 60.499741032722611 ], [ 40.377675094929828, 60.500308539107934 ], [ 40.377386173333385, 60.500372062720714 ], [ 40.377114138306979, 60.500451712076988 ], [ 40.376862490911371, 60.500546259602345 ], [ 40.376634913870362, 60.500654573949596 ], [ 40.376426541851565, 60.500780289279078 ], [ 40.376262923695151, 60.500906397612312 ], [ 40.376123910989861, 60.501046547060639 ], [ 40.376018496956249, 60.501193632979934 ], [ 40.374950152727543, 60.503014964269369 ], [ 40.374593854822706, 60.504159042206197 ], [ 40.37456406567923, 60.504313166219781 ], [ 40.374570467952871, 60.504468058254467 ], [ 40.374605306789647, 60.504601657940334 ], [ 40.374661675396162, 60.504723777780271 ], [ 40.374757797634395, 60.504863931725247 ], [ 40.374884712659529, 60.504998162735212 ], [ 40.375040485130455, 60.505124658676195 ], [ 40.375223528643119, 60.505241970740542 ], [ 40.376615153966327, 60.506038624383173 ], [ 40.378570180269776, 60.507133451847501 ], [ 40.379300207638664, 60.507599517403946 ], [ 40.379051874244787, 60.508745899403898 ], [ 40.378721376090823, 60.509717068288232 ], [ 40.378248706812535, 60.509926455641548 ], [ 40.372462456177573, 60.512543086194619 ], [ 40.372071242094307, 60.512763134111523 ], [ 40.371785746914831, 60.513019660329235 ], [ 40.371619338162077, 60.513300574362169 ], [ 40.371579969440177, 60.513592482607173 ], [ 40.37166959407665, 60.513881761234458 ], [ 40.371883801796166, 60.514154636227651 ], [ 40.372212502205393, 60.514398271563152 ], [ 40.372640273729814, 60.514601133435747 ], [ 40.381086719876407, 60.517812911936502 ], [ 40.385073320977142, 60.517795885971509 ], [ 40.385792662601489, 60.517792738344383 ], [ 40.387324567774726, 60.517928792280081 ], [ 40.389200962754387, 60.518182626826963 ], [ 40.393062203757836, 60.51866413913887 ], [ 40.40119609322528, 60.519840583676164 ], [ 40.401598118058871, 60.519882819436752 ], [ 40.402008496694911, 60.519894875748086 ], [ 40.402417772762185, 60.519876314640371 ] ], [ [ 40.393781685676402, 60.517365277086007 ], [ 40.389897204392632, 60.516880889641527 ], [ 40.387929191878868, 60.516614687617889 ], [ 40.386345258227266, 60.516473967999389 ], [ 40.38674996843644, 60.513911280581276 ], [ 40.387325790852735, 60.510554636587351 ], [ 40.387693190888228, 60.508094125643538 ], [ 40.384229078809085, 60.501895465703342 ], [ 40.39079195068814, 60.504341678325936 ], [ 40.39163758500672, 60.503540380584226 ], [ 40.391974407193288, 60.502664920250012 ], [ 40.392295758342755, 60.501579827047507 ], [ 40.391671806908505, 60.500628527784492 ], [ 40.391666409177617, 60.499795605383042 ], [ 40.392364892825697, 60.499626188398047 ], [ 40.393001594847874, 60.49956124925238 ], [ 40.393347782574267, 60.499625915903437 ], [ 40.39370037797022, 60.499761098396156 ], [ 40.394058933173369, 60.499729018679425 ], [ 40.394398537862401, 60.499723164092934 ], [ 40.394623800048514, 60.499816040677885 ], [ 40.394754950880433, 60.500047768989532 ], [ 40.394994632796219, 60.500200909144844 ], [ 40.395505185116342, 60.500254784830638 ], [ 40.396183014035046, 60.500190007562978 ], [ 40.397027221129512, 60.500108534381525 ], [ 40.397296471854872, 60.500131414933023 ], [ 40.39746724591685, 60.500201106995625 ], [ 40.397447174847393, 60.500279473019418 ], [ 40.397208850907923, 60.500384946408303 ], [ 40.396712909873031, 60.50051897866809 ], [ 40.396328423618002, 60.500727487383799 ], [ 40.396383898298431, 60.500892226095495 ], [ 40.396650638116618, 60.501037159037814 ], [ 40.39734861544639, 60.501138246433065 ], [ 40.398248359274525, 60.501241160351405 ], [ 40.398854189369501, 60.501416032623972 ], [ 40.399082428311601, 60.501615561609064 ], [ 40.398953952063373, 60.501794870237227 ], [ 40.398593761892748, 60.501877661824771 ], [ 40.39797486824574, 60.501880936256377 ], [ 40.397649730950498, 60.501955410913645 ], [ 40.397559682733345, 60.502036313924904 ], [ 40.397641800728707, 60.502178753047183 ], [ 40.397975233370509, 60.5023577397181 ], [ 40.398467967422903, 60.502473744168128 ], [ 40.398824082765373, 60.502511104703906 ], [ 40.399991407277803, 60.502423962196254 ], [ 40.400760692751923, 60.502079991298721 ], [ 40.401288554323514, 60.501661321812712 ], [ 40.401774039840227, 60.501524400031194 ], [ 40.402146485072421, 60.501511537027952 ], [ 40.402469671738118, 60.501774888200714 ], [ 40.402737727264487, 60.502151309335595 ], [ 40.403203191174491, 60.502338958276468 ], [ 40.403963782902458, 60.502466937199578 ], [ 40.405365581356648, 60.502516847774473 ], [ 40.405849044298115, 60.502504298634626 ], [ 40.406200345569687, 60.502394484218257 ], [ 40.406890871116957, 60.502037056764955 ], [ 40.407769052799722, 60.501409623155773 ], [ 40.40837497822281, 60.501040064747357 ], [ 40.408614300409788, 60.500905320224476 ], [ 40.408972684741798, 60.500867634134181 ], [ 40.409176671666216, 60.500888946268034 ], [ 40.409453140350301, 60.500877756003838 ], [ 40.409839276861298, 60.500806376812982 ], [ 40.410052467447592, 60.500793657701315 ], [ 40.410185486171422, 60.500830339248921 ], [ 40.410258029984277, 60.500910036269318 ], [ 40.41035147134351, 60.50095436655095 ], [ 40.41043620726532, 60.500961553932704 ], [ 40.410650090329568, 60.500934298179466 ], [ 40.410793954877306, 60.500910842961225 ], [ 40.410318539069465, 60.501244367333875 ], [ 40.409644106890191, 60.50177724802176 ], [ 40.408925193343173, 60.502534231669642 ], [ 40.408783958413096, 60.503424600065387 ], [ 40.408355105903574, 60.504812734220486 ], [ 40.40670869275214, 60.505989291173009 ], [ 40.404809819217974, 60.506760014663087 ], [ 40.402932033886422, 60.507420759160865 ], [ 40.401309288193261, 60.507847427217129 ], [ 40.400499267927046, 60.508145452650687 ], [ 40.401924160971419, 60.509668992330326 ], [ 40.402978196986396, 60.509539108643125 ], [ 40.403949746283956, 60.509610647013915 ], [ 40.404625707310679, 60.509871993597812 ], [ 40.405457923744329, 60.510327839258537 ], [ 40.405620254970984, 60.510711154596258 ], [ 40.405896271296051, 60.510978489765655 ], [ 40.406323878244557, 60.511144170966872 ], [ 40.406837851585749, 60.511152792767355 ], [ 40.407350093732013, 60.51098834273801 ], [ 40.407766524805425, 60.511011475998984 ], [ 40.40846120522059, 60.511047758247614 ], [ 40.40931792907935, 60.510922869395067 ], [ 40.410166732608786, 60.510572433271356 ], [ 40.41096647632201, 60.510042593191301 ], [ 40.41116470129009, 60.510017088418067 ], [ 40.411092367918634, 60.510506373570479 ], [ 40.410809832408006, 60.510682852032183 ], [ 40.410139321272815, 60.511088402208124 ], [ 40.409839955849463, 60.511499992231052 ], [ 40.409931493343883, 60.511785848038635 ], [ 40.410479089638443, 60.511998496333717 ], [ 40.4110697427746, 60.512099849028978 ], [ 40.411409658628997, 60.512218358990246 ], [ 40.411569755939638, 60.512377072244249 ], [ 40.41130651808151, 60.51257391135708 ], [ 40.410964782898596, 60.51275598809854 ], [ 40.410593577831492, 60.513072090804542 ], [ 40.410355047047972, 60.513555111279516 ], [ 40.41043535290936, 60.513725620940811 ], [ 40.410794608684398, 60.513817458808838 ], [ 40.411553370291983, 60.513627361913379 ], [ 40.411838754854841, 60.513588237807085 ], [ 40.41186469130264, 60.513720763702452 ], [ 40.411581111679133, 60.514149367099769 ], [ 40.411553621202813, 60.514496946976692 ], [ 40.411876174745828, 60.51487237705873 ], [ 40.412258525110978, 60.515302888817402 ], [ 40.412344223307393, 60.515678272134707 ], [ 40.411822807176968, 60.515583888285967 ], [ 40.411301290322463, 60.51527982480421 ], [ 40.410639888420292, 60.515060643833792 ], [ 40.410125787375364, 60.514981305642884 ], [ 40.410202749557413, 60.515169290030869 ], [ 40.410647216995635, 60.51556730478746 ], [ 40.41131032671035, 60.516293099047445 ], [ 40.411837610017862, 60.516998881593288 ], [ 40.411772929876967, 60.517467050664031 ], [ 40.411377378363504, 60.517754404742149 ], [ 40.411025958381458, 60.517816662109453 ], [ 40.410305781286922, 60.517745258636921 ], [ 40.409524080671929, 60.517714795901277 ], [ 40.408623120960435, 60.517694617812538 ], [ 40.408088626888798, 60.517578027004504 ], [ 40.407856085590019, 60.517387365334798 ], [ 40.40785278957474, 60.517139692043315 ], [ 40.408155796353071, 60.51669411933829 ], [ 40.408189808712841, 60.516405475632368 ], [ 40.407565824903088, 60.516111203069734 ], [ 40.406983905083329, 60.515982442635789 ], [ 40.406921734950281, 60.516046806215286 ], [ 40.406954451386973, 60.516141422988426 ], [ 40.407224889217446, 60.516279274668932 ], [ 40.407482068342972, 60.516452467007909 ], [ 40.407593764141041, 60.516677551128211 ], [ 40.407354988741922, 60.517072420056301 ], [ 40.40707084974008, 60.51725085184551 ], [ 40.406564537723398, 60.517352700067235 ], [ 40.405809630610122, 60.517383749160835 ], [ 40.404198333286622, 60.517633099687941 ], [ 40.402831280139651, 60.51798784176566 ], [ 40.401964732986187, 60.518548835260717 ], [ 40.393781685676402, 60.517365277086007 ] ], [ [ 40.386174372649343, 60.507961329052257 ], [ 40.38535762365558, 60.51386897917024 ], [ 40.385049382822899, 60.516449737565488 ], [ 40.382006975441755, 60.516462731869737 ], [ 40.374308029592044, 60.513535221873141 ], [ 40.380083767152307, 60.510923176963203 ], [ 40.381255906634976, 60.510403956977193 ], [ 40.381757752618334, 60.508928938419963 ], [ 40.382131092675934, 60.507204697938604 ], [ 40.38067704720811, 60.506276327790495 ], [ 40.378673653566402, 60.505154446920365 ], [ 40.377291824558192, 60.504363377168318 ], [ 40.377621258814202, 60.503305404820765 ], [ 40.378640399335154, 60.501567725770073 ], [ 40.381683358900027, 60.501000197801027 ], [ 40.382079182008788, 60.501152035738016 ], [ 40.382462268918736, 60.501263370008694 ], [ 40.386174372649343, 60.507961329052257 ] ] ] ] } },
{ "type": "Feature", "properties": { "nid": 10926.0, "title": "Дьяконовская поляна", "sig": "regional", "start_date": "2006-03-27", "created_at": "2024-10-10", "updated_at": "2026-06-24", "area": 3.74, "subj_title": "Вологодская область", "federal_ti": "Северо-Западный федеральный округ", "agency_tit": null, "management": null, "category_t": "памятник природы", "status_tit": "действующий" }, "geometry": { "type": "MultiPolygon", "coordinates": [ [ [ [ 40.644186290165351, 59.171322374128415 ], [ 40.644438780225698, 59.171098263973875 ], [ 40.6444275458947, 59.170828775827488 ], [ 40.644441855007756, 59.170664590198832 ], [ 40.644540686903326, 59.170451708080002 ], [ 40.644495108362712, 59.170138619002216 ], [ 40.644496374608188, 59.170017973151111 ], [ 40.644566150307746, 59.170044224361625 ], [ 40.644843426583009, 59.170185124743853 ], [ 40.645208946136101, 59.170368206028066 ], [ 40.645745303603064, 59.17046548389515 ], [ 40.646314220125305, 59.170303182346174 ], [ 40.646505871049271, 59.170084390782172 ], [ 40.646588963010409, 59.169924093822026 ], [ 40.646643079714522, 59.169828054321449 ], [ 40.646877370194652, 59.169557040924872 ], [ 40.646542832286059, 59.169412513576788 ], [ 40.646264143175813, 59.169285342244891 ], [ 40.645529641679779, 59.16899124864738 ], [ 40.645095679222379, 59.168844589906072 ], [ 40.644604890403514, 59.16868478487509 ], [ 40.643725741050275, 59.168472714844093 ], [ 40.643436486704672, 59.168950086677349 ], [ 40.643362512969752, 59.169009898787969 ], [ 40.642653720393071, 59.169099571987836 ], [ 40.642460767250775, 59.169399772881363 ], [ 40.641767550032561, 59.169837961253037 ], [ 40.641537650941977, 59.170238449145309 ], [ 40.641244534907514, 59.170681674619736 ], [ 40.641190271613929, 59.170729862992957 ], [ 40.64116052293997, 59.170783430211316 ], [ 40.641157472439538, 59.170839067669014 ], [ 40.641181211843616, 59.170893366935509 ], [ 40.641230082802224, 59.170942905191097 ], [ 40.641301018627239, 59.170984696686567 ], [ 40.641389884235927, 59.171016379802253 ], [ 40.641491141603062, 59.17103576109168 ], [ 40.641907018694091, 59.171086786825924 ], [ 40.642213966301654, 59.171176999618964 ], [ 40.642533320056828, 59.171340195094103 ], [ 40.643011884391115, 59.17142783402749 ], [ 40.643561696615166, 59.171473056436582 ], [ 40.644186290165351, 59.171322374128415 ] ], [ [ 40.643120838156328, 59.171209546983171 ], [ 40.642772270823798, 59.171145707708433 ], [ 40.642481385107992, 59.170997076753849 ], [ 40.64206981397092, 59.170875969550529 ], [ 40.641592584230523, 59.170817512718195 ], [ 40.641635856010112, 59.170788100390666 ], [ 40.641954472321231, 59.170306268819438 ], [ 40.642162007071143, 59.169944495841989 ], [ 40.642850771745884, 59.169509238360831 ], [ 40.642993027406476, 59.169287772213053 ], [ 40.643637610187731, 59.16920626755536 ], [ 40.643836663431443, 59.169045165702009 ], [ 40.644098307690911, 59.168613205135493 ], [ 40.644566253729806, 59.168730839157078 ], [ 40.645050905574976, 59.16888467628695 ], [ 40.645467833973491, 59.169034179583896 ], [ 40.646175629202105, 59.169326470940064 ], [ 40.646477772631272, 59.169466015144664 ], [ 40.646231572429315, 59.169750949147144 ], [ 40.646167736751806, 59.16986397863986 ], [ 40.646092566918576, 59.170008979031309 ], [ 40.645975014735313, 59.170143180363645 ], [ 40.64570509311573, 59.170220211793492 ], [ 40.645445269084064, 59.170173068432518 ], [ 40.64514981840955, 59.170025039124418 ], [ 40.644850800124516, 59.169873123845775 ], [ 40.644585732145963, 59.16977315520711 ], [ 40.644291447892151, 59.169786186383575 ], [ 40.644060482205646, 59.169910886378489 ], [ 40.644057925433053, 59.170146344178583 ], [ 40.644099635989555, 59.170433640700125 ], [ 40.644006920383212, 59.17063336933473 ], [ 40.64399027663012, 59.170826175887505 ], [ 40.643999126858375, 59.171040256802591 ], [ 40.643876461129928, 59.171149195279312 ], [ 40.643497729636685, 59.171240545714802 ], [ 40.643120838156328, 59.171209546983171 ] ] ] ] } },
{ "type": "Feature", "properties": { "nid": 13373.0, "title": "Старый парк в селе Святогорье", "sig": "regional", "start_date": "1963-01-29", "created_at": "2024-10-10", "updated_at": "2026-06-24", "area": 1.38, "subj_title": "Вологодская область", "federal_ti": "Северо-Западный федеральный округ", "agency_tit": null, "management": null, "category_t": "памятник истории", "status_tit": "действующий" }, "geometry": { "type": "MultiPolygon", "coordinates": [ [ [ [ 40.78114330621878, 59.21777779780728 ], [ 40.781202944760246, 59.217228211313049 ], [ 40.780873407082254, 59.216419039107556 ], [ 40.779971951844288, 59.21641415219154 ], [ 40.778581563088835, 59.216520908013642 ], [ 40.778646416798836, 59.216742849003424 ], [ 40.780002260795861, 59.216638759671177 ], [ 40.780516281801106, 59.216641534079713 ], [ 40.780762712229546, 59.217245267854985 ], [ 40.780723167240524, 59.217609684839253 ], [ 40.780220752885604, 59.217689570717312 ], [ 40.779581316025087, 59.21765696669582 ], [ 40.778463633190313, 59.217603119788286 ], [ 40.778116859105921, 59.217032630351738 ], [ 40.777964102061844, 59.21703576269045 ], [ 40.778018627957458, 59.217164460171873 ], [ 40.778331116288143, 59.21768689883146 ], [ 40.779564418663135, 59.217746279267537 ], [ 40.780203508385398, 59.217778880591013 ], [ 40.780350405446995, 59.217903904341881 ], [ 40.78114330621878, 59.21777779780728 ] ] ] ] } },
{ "type": "Feature", "properties": { "nid": 14305.0, "title": "Старый парк (д.Горка)", "sig": "regional", "start_date": "1966-03-24", "created_at": "2024-10-10", "updated_at": "2026-06-24", "area": 0.75, "subj_title": "Вологодская область", "federal_ti": "Северо-Западный федеральный округ", "agency_tit": null, "management": null, "category_t": "памятник природы", "status_tit": "действующий" }, "geometry": { "type": "MultiPolygon", "coordinates": [ [ [ [ 40.93364876767663, 59.591332868916936 ], [ 40.932037247321261, 59.591166032086896 ], [ 40.931847241257344, 59.591573565267979 ], [ 40.931742519701686, 59.592214799873254 ], [ 40.933364280637193, 59.592405207034851 ], [ 40.93364876767663, 59.591332868916936 ] ], [ [ 40.931931646228634, 59.592144867691665 ], [ 40.932022603660414, 59.591587678328828 ], [ 40.932170039415951, 59.591271413744884 ], [ 40.933451308031572, 59.591404019679935 ], [ 40.933214741367408, 59.592295528416059 ], [ 40.931931646228634, 59.592144867691665 ] ] ] ] } },
{ "type": "Feature", "properties": { "nid": 14307.0, "title": "Старый парк (д.Кузнецово)", "sig": "regional", "start_date": "1963-01-29", "created_at": "2024-10-10", "updated_at": "2026-06-24", "area": 5.95, "subj_title": "Вологодская область", "federal_ti": "Северо-Западный федеральный округ", "agency_tit": "Министерство природных ресурсов и экологии Вологодской области", "management": null, "category_t": "памятник природы", "status_tit": "действующий" }, "geometry": { "type": "MultiPolygon", "coordinates": [ [ [ [ 40.486040066795795, 59.431480044368705 ], [ 40.48377004575115, 59.4290400172831 ], [ 40.478299991351662, 59.429200003077817 ], [ 40.480590052888772, 59.432400031936083 ], [ 40.486040066795795, 59.431480044368705 ] ], [ [ 40.481894148995927, 59.431853254923965 ], [ 40.480938113003667, 59.432107069685678 ], [ 40.480850048690961, 59.431649527903566 ], [ 40.480204913725963, 59.43121660865971 ], [ 40.479788971883693, 59.430367746674328 ], [ 40.479627688367309, 59.429544350791339 ], [ 40.483252327632954, 59.429561328192875 ], [ 40.483710712979182, 59.430053668342268 ], [ 40.48388048519638, 59.430282860565718 ], [ 40.484245495733205, 59.430410190178279 ], [ 40.484602017569209, 59.430596939797098 ], [ 40.484814233290415, 59.430817643319742 ], [ 40.484814233290415, 59.431318472169934 ], [ 40.483761645183968, 59.431691971407517 ], [ 40.483532452061183, 59.431734414012169 ], [ 40.483150464122787, 59.431759880114541 ], [ 40.482590215266384, 59.431742902712976 ], [ 40.481894148995927, 59.431853254923965 ] ] ] ] } },
{ "type": "Feature", "properties": { "nid": 13380.0, "title": "Яшкин бор (Мачтовый лес - бор беломошник)", "sig": "regional", "start_date": "1963-01-29", "created_at": "2024-10-10", "updated_at": "2026-06-24", "area": 147.95, "subj_title": "Вологодская область", "federal_ti": "Северо-Западный федеральный округ", "agency_tit": "Министерство природных ресурсов и экологии Вологодской области", "management": null, "category_t": "памятник природы", "status_tit": "действующий" }, "geometry": { "type": "MultiPolygon", "coordinates": [ [ [ [ 45.446831490680893, 59.497555147951864 ], [ 45.44533047002534, 59.487805745139205 ], [ 45.443591452783494, 59.488001305416105 ], [ 45.443627638804628, 59.488223561168581 ], [ 45.444054155774829, 59.490843282691507 ], [ 45.444129784262323, 59.491307051379458 ], [ 45.445114725364469, 59.497916286907298 ], [ 45.446831490680893, 59.497555147951864 ] ] ] ] } },
{ "type": "Feature", "properties": { "nid": 13352.0, "title": "Исакова гора", "sig": "regional", "start_date": "1989-08-31", "created_at": "2024-10-10", "updated_at": "2026-06-24", "area": 445.27, "subj_title": "Вологодская область", "federal_ti": "Северо-Западный федеральный округ", "agency_tit": "Департамент сельского хозяйства и продовольственных ресурсов Вологодской области", "management": null, "category_t": "памятник природы", "status_tit": "действующий" }, "geometry": { "type": "MultiPolygon", "coordinates": [ [ [ [ 44.584562546224667, 59.848482348281877 ], [ 44.584783608576849, 59.848338497224063 ], [ 44.585647096236634, 59.848388621837614 ], [ 44.58654224003255, 59.848345294300081 ], [ 44.587695311189798, 59.848117164175946 ], [ 44.589361422192034, 59.847580999163938 ], [ 44.590254207965472, 59.847231119720568 ], [ 44.59087954525495, 59.846858250008374 ], [ 44.591917569740197, 59.846133751671445 ], [ 44.592131754976663, 59.845948511115076 ], [ 44.592273257904708, 59.846268276759751 ], [ 44.593091301922186, 59.846663222130168 ], [ 44.593337693679814, 59.846694108446506 ], [ 44.593321117375801, 59.846704256396485 ], [ 44.593391396695779, 59.84670082188557 ], [ 44.594183030322768, 59.846800014409325 ], [ 44.594871669092406, 59.846713882739671 ], [ 44.595563644346896, 59.846592202668205 ], [ 44.595582908724452, 59.846591208917332 ], [ 44.59560877862242, 59.846594342155342 ], [ 44.59615862861795, 59.846640196787803 ], [ 44.596890504093665, 59.846607985770113 ], [ 44.597452799807051, 59.846497652444903 ], [ 44.602708701345641, 59.846234644813201 ], [ 44.626316468030723, 59.844992710745146 ], [ 44.633461861375963, 59.842679343277219 ], [ 44.636553161299496, 59.843112145609197 ], [ 44.637248203242166, 59.843158541633564 ], [ 44.63816282905151, 59.843073740960548 ], [ 44.638986866151136, 59.842730578553528 ], [ 44.639375911069635, 59.842207649763395 ], [ 44.639300275387541, 59.841870207044551 ], [ 44.639180923660881, 59.841658994966799 ], [ 44.638924898365524, 59.841360899386189 ], [ 44.638766329902353, 59.841089305027587 ], [ 44.638745283967857, 59.841021999765644 ], [ 44.638591846136933, 59.840531301778299 ], [ 44.638293686704458, 59.840211958815011 ], [ 44.637896805093639, 59.839990159918088 ], [ 44.637388912068779, 59.839804696329836 ], [ 44.636805047914777, 59.839687856409618 ], [ 44.637466420139333, 59.839503504383394 ], [ 44.638029956917137, 59.83901241698964 ], [ 44.638199905401507, 59.838465222692037 ], [ 44.637829854164572, 59.837925928039326 ], [ 44.636744072081456, 59.837357214763799 ], [ 44.634767880233646, 59.837270624439938 ], [ 44.633904919576537, 59.837346124324355 ], [ 44.633344316387245, 59.837524290813505 ], [ 44.631453644670152, 59.838064473996447 ], [ 44.629902499400998, 59.838388822586239 ], [ 44.629123027306036, 59.838491078200875 ], [ 44.627011084594066, 59.838489005263561 ], [ 44.626789470058149, 59.83805093110572 ], [ 44.626475516731887, 59.837394705701286 ], [ 44.626855970426845, 59.837420784241935 ], [ 44.628560037316042, 59.83736799133986 ], [ 44.630600149377578, 59.837193796256891 ], [ 44.631395586237481, 59.836997544401299 ], [ 44.632003657443015, 59.836612819825902 ], [ 44.632053196597887, 59.836525004625457 ], [ 44.632823259086301, 59.83624609158403 ], [ 44.633220068751314, 59.836040384256485 ], [ 44.633475157852445, 59.835785307745937 ], [ 44.633826540962268, 59.835246082340959 ], [ 44.63592295508051, 59.835392118751422 ], [ 44.636645940757717, 59.835342638052445 ], [ 44.637092010787846, 59.835234902868642 ], [ 44.63852145080449, 59.834756254897393 ], [ 44.638980183288986, 59.834520330349093 ], [ 44.63921880400477, 59.834329341326224 ], [ 44.639392676231175, 59.83413282956662 ], [ 44.639558197353097, 59.83388130268014 ], [ 44.639613246654164, 59.833596190611892 ], [ 44.639544816340383, 59.833412231589364 ], [ 44.639702043914383, 59.833395070726105 ], [ 44.640548645903429, 59.833181943092377 ], [ 44.641211090119896, 59.832856919111691 ], [ 44.641316381845741, 59.832692945723004 ], [ 44.643533607290294, 59.832471215174621 ], [ 44.643320742258588, 59.831206569627668 ], [ 44.643362713618508, 59.831103856258146 ], [ 44.643637681334098, 59.830857272944975 ], [ 44.644100305185077, 59.830261750879274 ], [ 44.644235081184206, 59.829748861221148 ], [ 44.644193177273507, 59.829240854881718 ], [ 44.643936085382215, 59.828735604065045 ], [ 44.6431359019005, 59.82789791076015 ], [ 44.643006816811287, 59.827703582554463 ], [ 44.643049570581404, 59.827626989094412 ], [ 44.6439240794329, 59.826300536740504 ], [ 44.644005722586201, 59.825980666774512 ], [ 44.643916494550751, 59.825631119180962 ], [ 44.643663651056833, 59.82529425292762 ], [ 44.643209925997439, 59.825030592388089 ], [ 44.642630544963822, 59.824837300201395 ], [ 44.642036309828022, 59.824750379826341 ], [ 44.64124948577529, 59.82464088107195 ], [ 44.639586215731413, 59.824566533219112 ], [ 44.637677655599468, 59.824492417391298 ], [ 44.634856268302315, 59.824446866729666 ], [ 44.633662942590888, 59.824446910796425 ], [ 44.631824981937534, 59.824658368389173 ], [ 44.629448238345667, 59.824932956590821 ], [ 44.628241833793766, 59.825141917665526 ], [ 44.62537856416958, 59.82575349712635 ], [ 44.62314851169463, 59.826401106126291 ], [ 44.62107784426729, 59.827257551195203 ], [ 44.618032802771772, 59.828502048331018 ], [ 44.618003397638851, 59.828508256351142 ], [ 44.617847065789647, 59.828521980005512 ], [ 44.616876172097818, 59.828557930404301 ], [ 44.615022645079193, 59.828636944839268 ], [ 44.614578635395894, 59.828694519436681 ], [ 44.614284016594233, 59.828744478574997 ], [ 44.613548901760559, 59.828921391409267 ], [ 44.61303873974623, 59.828978991187675 ], [ 44.612234270095655, 59.829066618429863 ], [ 44.611035849724828, 59.829394438402787 ], [ 44.610565790279168, 59.829747049087189 ], [ 44.610199804877247, 59.829779170172742 ], [ 44.60953141794073, 59.830005845193796 ], [ 44.609061927765936, 59.830189612660661 ], [ 44.609052657554287, 59.830190154951886 ], [ 44.608762192721194, 59.830180680594061 ], [ 44.608063965379863, 59.83017461556625 ], [ 44.607339238615111, 59.830312622829453 ], [ 44.606815600259893, 59.830432676926634 ], [ 44.606122264331191, 59.830688875791168 ], [ 44.604899713351244, 59.831052284635398 ], [ 44.604442366722019, 59.831163326626388 ], [ 44.60408347697102, 59.831295598912895 ], [ 44.603308938556836, 59.831642741719342 ], [ 44.602808805781933, 59.831992824409504 ], [ 44.60258097693071, 59.832251151069947 ], [ 44.602551230055383, 59.832384454878863 ], [ 44.602434807420593, 59.832393297912496 ], [ 44.601469931092595, 59.83260039199466 ], [ 44.60087171196011, 59.833198686670237 ], [ 44.600942550658367, 59.833582379723211 ], [ 44.600816438727797, 59.833907624937126 ], [ 44.599219133056685, 59.833955621754683 ], [ 44.598372972634763, 59.834052783609245 ], [ 44.597344853282486, 59.834606879304204 ], [ 44.597490590218733, 59.835396345565059 ], [ 44.598243336261127, 59.835789487794784 ], [ 44.599932972628778, 59.836250939829199 ], [ 44.599009235787776, 59.83638520591267 ], [ 44.598778002103295, 59.83642783737497 ], [ 44.597858195299636, 59.836322795660628 ], [ 44.596893284797424, 59.836480219286848 ], [ 44.595909502921408, 59.8369272048268 ], [ 44.595894671302226, 59.836905129168528 ], [ 44.595411114831272, 59.836573996093179 ], [ 44.59457148258803, 59.836274037117271 ], [ 44.593635708321465, 59.836218968031105 ], [ 44.592823824659945, 59.836263124743596 ], [ 44.589461910638818, 59.836855411048539 ], [ 44.588956761445552, 59.836762660368656 ], [ 44.588425296290552, 59.836735796719822 ], [ 44.58761750004777, 59.836785486061501 ], [ 44.586814796665692, 59.837089634978824 ], [ 44.586527730370612, 59.837303161911542 ], [ 44.585563362159569, 59.837206393960052 ], [ 44.584806178862202, 59.837237023070315 ], [ 44.584345464271905, 59.837340187000223 ], [ 44.583516621195251, 59.837049759039303 ], [ 44.582994567445489, 59.836981135371268 ], [ 44.582522840656736, 59.836950284128463 ], [ 44.581769764563148, 59.836982690299067 ], [ 44.579689934842804, 59.837286287931988 ], [ 44.579571706369329, 59.837295827940288 ], [ 44.579037602603421, 59.837312910562567 ], [ 44.577753316762312, 59.837427179321018 ], [ 44.57715847188615, 59.8375370773744 ], [ 44.57597063923378, 59.837403304119327 ], [ 44.574623092381955, 59.837359309284871 ], [ 44.573654983890549, 59.837476800314285 ], [ 44.573037944645584, 59.837750672655588 ], [ 44.572562170008325, 59.838067873433758 ], [ 44.572312947184912, 59.838484037408591 ], [ 44.572331385984846, 59.838859406336709 ], [ 44.572549031812514, 59.839223969910456 ], [ 44.573347681950111, 59.840015056749607 ], [ 44.573354837855675, 59.840047099594138 ], [ 44.57329747190095, 59.840913642250925 ], [ 44.57334782134506, 59.841246189959861 ], [ 44.574178293993214, 59.842296759088356 ], [ 44.57486162856145, 59.842814003263811 ], [ 44.575704164715603, 59.843897591900472 ], [ 44.576194071299533, 59.84425240322598 ], [ 44.576227455932496, 59.844289735882782 ], [ 44.576423443387334, 59.844684816151513 ], [ 44.577947619786983, 59.845918060070559 ], [ 44.578865255627186, 59.846583784114507 ], [ 44.57947969763012, 59.846878686202551 ], [ 44.579939961660038, 59.84710549432328 ], [ 44.580069550369615, 59.847191902084774 ], [ 44.580619135964525, 59.847744152370915 ], [ 44.581088843775255, 59.848130814085934 ], [ 44.581361440877963, 59.848332887253093 ], [ 44.581732862681626, 59.848525331379093 ], [ 44.582394712446209, 59.848707382040232 ], [ 44.583503867909364, 59.848765629330494 ], [ 44.584562546224667, 59.848482348281877 ] ], [ [ 44.62531676275858, 59.83877774879425 ], [ 44.625049978873619, 59.838786159254013 ], [ 44.624422163052536, 59.838847190845328 ], [ 44.622652812577428, 59.838769457044982 ], [ 44.621163893199245, 59.838722246234859 ], [ 44.619508387002611, 59.838666669031724 ], [ 44.61860004295778, 59.838561138086227 ], [ 44.618461068024033, 59.838538860080519 ], [ 44.618363980813221, 59.838505520413591 ], [ 44.618255580131056, 59.838433320141803 ], [ 44.618222306114717, 59.838383342117709 ], [ 44.618202835792424, 59.838280578386147 ], [ 44.618380614673804, 59.83783052435939 ], [ 44.618444487223485, 59.837494434220957 ], [ 44.618388845269173, 59.837319433345314 ], [ 44.618316666581045, 59.837255560795661 ], [ 44.618061052275884, 59.837138916927643 ], [ 44.617808342780954, 59.837047222951128 ], [ 44.617697211757111, 59.83703336799573 ], [ 44.617383331275896, 59.837027784105139 ], [ 44.617277794934466, 59.837047224749767 ], [ 44.616813927321061, 59.837216656123928 ], [ 44.616630533972113, 59.837363864351012 ], [ 44.616594430688558, 59.837413878348002 ], [ 44.616608416945034, 59.837541687299215 ], [ 44.616647237979805, 59.837602794433558 ], [ 44.616947285089282, 59.837822192140607 ], [ 44.617424929417091, 59.838024983866084 ], [ 44.617522281927954, 59.838102756337321 ], [ 44.617530558388751, 59.838138924371997 ], [ 44.617447256885555, 59.838219481144336 ], [ 44.617333319077602, 59.838230578778322 ], [ 44.617269461816363, 59.838225047048468 ], [ 44.613305629751153, 59.837463874358491 ], [ 44.612791677094378, 59.837472196684686 ], [ 44.611705633308468, 59.837488864719482 ], [ 44.611477707330486, 59.837483315902475 ], [ 44.611125063371169, 59.837444434613118 ], [ 44.609827785923756, 59.837116690183279 ], [ 44.608822180199638, 59.836827757794943 ], [ 44.608638903762539, 59.836755582704143 ], [ 44.6085388577822, 59.836652764113921 ], [ 44.608422308342988, 59.836494480735887 ], [ 44.608000025381045, 59.83577776063531 ], [ 44.607516667660256, 59.835000031426496 ], [ 44.606911074986272, 59.834052797099048 ], [ 44.606711126917155, 59.833705605729271 ], [ 44.606597187310506, 59.833497233710531 ], [ 44.606597168424734, 59.833380546675059 ], [ 44.606691703359616, 59.833291645093539 ], [ 44.607263836756822, 59.833036124317857 ], [ 44.60770275627732, 59.832880561388954 ], [ 44.607786100947969, 59.832819488428797 ], [ 44.60780008720446, 59.832761138615808 ], [ 44.607761095298493, 59.832691682175543 ], [ 44.60758054290789, 59.832633327865928 ], [ 44.607297191712171, 59.832625012734283 ], [ 44.605855585666916, 59.832758383992356 ], [ 44.605322153694601, 59.832805551635076 ], [ 44.605069484669173, 59.832805567822838 ], [ 44.604677855998432, 59.832772249739712 ], [ 44.604494483333895, 59.832730587746582 ], [ 44.604397226151207, 59.832683324775822 ], [ 44.604322195712932, 59.832597186810915 ], [ 44.604311045918223, 59.832538847789756 ], [ 44.604322199310211, 59.832488937214848 ], [ 44.604363846914168, 59.832441706619647 ], [ 44.604641694258923, 59.832247264200063 ], [ 44.605205627637766, 59.831994447685759 ], [ 44.605363868747702, 59.83193612844974 ], [ 44.605741728797916, 59.83184441558744 ], [ 44.607105625324493, 59.831438931061996 ], [ 44.607722169043029, 59.831211123794489 ], [ 44.608024986963756, 59.831141697031853 ], [ 44.608375059761386, 59.831075032087249 ], [ 44.608688878189348, 59.831077765126906 ], [ 44.609113977827974, 59.831091667746421 ], [ 44.609566636291383, 59.831061125870391 ], [ 44.609952869929138, 59.830977745226903 ], [ 44.610577735973891, 59.830733315790027 ], [ 44.610880661813262, 59.830630581736088 ], [ 44.611102788962675, 59.830611090729413 ], [ 44.611369419962955, 59.830650013387569 ], [ 44.61149169358697, 59.830724995262472 ], [ 44.611605521677632, 59.830861105855554 ], [ 44.611741725800179, 59.830947212344135 ], [ 44.61196948540362, 59.830983367788349 ], [ 44.612261167918746, 59.830972190114657 ], [ 44.612483360718663, 59.830891661221344 ], [ 44.612566735966247, 59.830758330432772 ], [ 44.612538907344856, 59.830655569399198 ], [ 44.612119524696482, 59.830261096172819 ], [ 44.612116726905576, 59.830194406047148 ], [ 44.612272164828703, 59.830077826031008 ], [ 44.612861137131915, 59.829916698996598 ], [ 44.613422300598863, 59.829855573875818 ], [ 44.614136046641413, 59.829774984727912 ], [ 44.614955471118265, 59.829577742718804 ], [ 44.615086119229197, 59.829555597812757 ], [ 44.615322300084237, 59.829524964205909 ], [ 44.61701667228175, 59.829452756739492 ], [ 44.618066747682398, 59.829413893436588 ], [ 44.618444486324158, 59.829380577152101 ], [ 44.618586184405046, 59.829358333320606 ], [ 44.618877748209684, 59.829297235179411 ], [ 44.619011210299277, 59.829258299031437 ], [ 44.622205556341491, 59.827952752317856 ], [ 44.624166695336889, 59.827141678945516 ], [ 44.626174966002047, 59.826558358881293 ], [ 44.628880597062057, 59.825980516587705 ], [ 44.629938940829618, 59.825797221264907 ], [ 44.632222175613094, 59.825533362874587 ], [ 44.633863959953935, 59.825344464775412 ], [ 44.634827703136182, 59.825344477365896 ], [ 44.63758052791917, 59.825388905673606 ], [ 44.639438860914879, 59.825461082563102 ], [ 44.640930655425556, 59.825527742111767 ], [ 44.641550034706484, 59.825613932237317 ], [ 44.641872305862364, 59.825661100779371 ], [ 44.64202219406917, 59.825711082400673 ], [ 44.642108260987634, 59.825761108088834 ], [ 44.642175002374643, 59.825850012368335 ], [ 44.642208342940819, 59.825980589432838 ], [ 44.642177829843149, 59.826099989722934 ], [ 44.641344448787436, 59.827363929302074 ], [ 44.641211030764616, 59.827602780244263 ], [ 44.641233371722869, 59.827819443112951 ], [ 44.641261062748008, 59.827905592769078 ], [ 44.641480545890651, 59.828236114305412 ], [ 44.642252800926194, 59.829044485214972 ], [ 44.642419519045738, 59.829372259322483 ], [ 44.642447191185106, 59.829708298199577 ], [ 44.64236108829374, 59.830036157742647 ], [ 44.642022274108847, 59.830472265083131 ], [ 44.641672239082702, 59.830786126678561 ], [ 44.641522219574931, 59.831152807256451 ], [ 44.641622271850508, 59.831747212364114 ], [ 44.640899967859404, 59.831819428823742 ], [ 44.640294421050839, 59.831813919576916 ], [ 44.639880487394748, 59.83171663361594 ], [ 44.639761132970072, 59.831691672932536 ], [ 44.639522142632927, 59.831669484858971 ], [ 44.639411050279925, 59.831666687967456 ], [ 44.639247230675316, 59.83168331463343 ], [ 44.639158314704609, 59.831705544975073 ], [ 44.639077861354394, 59.831758378346649 ], [ 44.639049977874322, 59.83180004483637 ], [ 44.639061187024311, 59.831924982252296 ], [ 44.639219403852557, 59.832080517302195 ], [ 44.639372237339046, 59.832155542344587 ], [ 44.639463961892488, 59.832183305315475 ], [ 44.639580621048992, 59.832200011121742 ], [ 44.6396389645667, 59.832213884063663 ], [ 44.639688832873503, 59.832258370827326 ], [ 44.63969997817162, 59.832291663729443 ], [ 44.639650081086529, 59.832369429006128 ], [ 44.63950281170554, 59.832441694928427 ], [ 44.639105623425955, 59.832541686050149 ], [ 44.638441605395933, 59.832613940281291 ], [ 44.638058373695173, 59.832666705304348 ], [ 44.637947173423463, 59.832691642605376 ], [ 44.637638841759319, 59.832816702329126 ], [ 44.637469430170249, 59.832947235326792 ], [ 44.637402779614774, 59.833030574601466 ], [ 44.637350089235383, 59.833133294266311 ], [ 44.637361140104694, 59.83319997809668 ], [ 44.637383353359205, 59.833238918741294 ], [ 44.637677768914045, 59.833450015705807 ], [ 44.637786121032825, 59.833561155722911 ], [ 44.637813955949468, 59.833636086336455 ], [ 44.637802697336781, 59.833694437048791 ], [ 44.63772774603882, 59.833808301112363 ], [ 44.637641695308169, 59.833905568187625 ], [ 44.63757229642448, 59.833961085136124 ], [ 44.637377833320492, 59.834061114928666 ], [ 44.636208354032469, 59.834452784968214 ], [ 44.636127802656119, 59.834472224713572 ], [ 44.635925087373039, 59.834486089561551 ], [ 44.633772191333712, 59.834336140200875 ], [ 44.633636119411563, 59.834330570699422 ], [ 44.633349941646657, 59.834341703407055 ], [ 44.632936204042721, 59.834400037032239 ], [ 44.632630616210122, 59.834494475739639 ], [ 44.632388954886551, 59.834625047408167 ], [ 44.632316699756068, 59.834683345060512 ], [ 44.63182228217277, 59.835441666899541 ], [ 44.631750057619222, 59.835513877963251 ], [ 44.631653527088751, 59.835563934228325 ], [ 44.630672157194446, 59.835919444327089 ], [ 44.630502819349772, 59.836025013943413 ], [ 44.630458337082757, 59.836066689426332 ], [ 44.630386063965823, 59.836194459706746 ], [ 44.63025002621788, 59.836280532021078 ], [ 44.63004720391546, 59.836330561306511 ], [ 44.628355534180741, 59.836475011312864 ], [ 44.626922201898246, 59.836519475593477 ], [ 44.626233374270946, 59.836472212622716 ], [ 44.626066627373113, 59.836469437314847 ], [ 44.625586060248622, 59.836486138624579 ], [ 44.625255544108256, 59.836536143628265 ], [ 44.625116710368047, 59.836574997937973 ], [ 44.62481107037479, 59.836744457191102 ], [ 44.624655521835045, 59.836886095017462 ], [ 44.624594516324009, 59.837038898826279 ], [ 44.624583269402535, 59.837113854620824 ], [ 44.624655654035386, 59.83742500835762 ], [ 44.625058266126246, 59.838266718934115 ], [ 44.62531676275858, 59.83877774879425 ] ], [ [ 44.593983416801393, 59.845849983190355 ], [ 44.593897204192785, 59.845808362566068 ], [ 44.593800055828069, 59.845588935181347 ], [ 44.593838833695365, 59.84550553565213 ], [ 44.59393057263798, 59.845408297355227 ], [ 44.594288888621463, 59.845236109558989 ], [ 44.594455525802061, 59.845125022601891 ], [ 44.5944861117448, 59.845052755780216 ], [ 44.594466751139805, 59.844980596877235 ], [ 44.594238812571284, 59.844866678854309 ], [ 44.593647271804343, 59.844697231292329 ], [ 44.593405528642386, 59.844663921303088 ], [ 44.59308053883597, 59.844672195065932 ], [ 44.592924992094872, 59.844669462925545 ], [ 44.592872177609074, 59.844658350003037 ], [ 44.592825054932511, 59.844633321870496 ], [ 44.59282501266437, 59.844600021773772 ], [ 44.592849931978947, 59.844558365176553 ], [ 44.59345279431119, 59.844247243815396 ], [ 44.594838970642172, 59.843605545159946 ], [ 44.595141686040158, 59.843488846433274 ], [ 44.59692779268363, 59.843044457236076 ], [ 44.598247169171714, 59.842791670399436 ], [ 44.59860007123649, 59.842733377243732 ], [ 44.59878604114305, 59.842688877889536 ], [ 44.598938941179362, 59.842594485047634 ], [ 44.598966685264486, 59.842538914139766 ], [ 44.599497242104235, 59.842486117640362 ], [ 44.598752838173077, 59.842424999714119 ], [ 44.598480659255188, 59.842427792109099 ], [ 44.598033358053215, 59.842452819342327 ], [ 44.597130651858258, 59.84270276162335 ], [ 44.596108308851512, 59.842997261714395 ], [ 44.595291749614717, 59.843133348925107 ], [ 44.594861129038065, 59.84323609017359 ], [ 44.594647276550745, 59.843244419694365 ], [ 44.594530605703078, 59.843230546752515 ], [ 44.594419423417825, 59.843186154417658 ], [ 44.594366724045244, 59.843125044585278 ], [ 44.594352693721987, 59.843036098936977 ], [ 44.594427761931847, 59.842883304121351 ], [ 44.594841631736074, 59.842527809311093 ], [ 44.595236157123111, 59.842250050999212 ], [ 44.595424984175843, 59.842074956594161 ], [ 44.595625074337867, 59.8417889164255 ], [ 44.596072264023917, 59.841038915113977 ], [ 44.59766395522751, 59.838555529913947 ], [ 44.598144406339422, 59.837930544259393 ], [ 44.598461064826438, 59.837633327316389 ], [ 44.598819436567901, 59.837449996919986 ], [ 44.599216734564834, 59.837302824665819 ], [ 44.599563861183412, 59.837238876573061 ], [ 44.600786086608757, 59.837061139060495 ], [ 44.601516670657986, 59.83702504297149 ], [ 44.60449175029418, 59.836972240176905 ], [ 44.604436137118221, 59.836769407082606 ], [ 44.604361208303253, 59.836641711446006 ], [ 44.604122280019396, 59.836444428967404 ], [ 44.603886064990093, 59.836269405608718 ], [ 44.603641765055556, 59.836166640977872 ], [ 44.60335287583473, 59.83605832932858 ], [ 44.6027472318994, 59.835922227728823 ], [ 44.601888865878607, 59.835763874203614 ], [ 44.599336140250834, 59.835066705364348 ], [ 44.599208361876549, 59.834999972071209 ], [ 44.59919452131026, 59.834925027967813 ], [ 44.599302856341922, 59.83486664398059 ], [ 44.599472233756721, 59.834847193443395 ], [ 44.601227748162216, 59.834794465292525 ], [ 44.601691731788144, 59.834786116885944 ], [ 44.601966664430165, 59.834758362908289 ], [ 44.602111206167415, 59.834708311139821 ], [ 44.602305564950029, 59.834586071690019 ], [ 44.602483252100562, 59.834294463818587 ], [ 44.60274165970003, 59.833627810774985 ], [ 44.60269453882205, 59.833372195570504 ], [ 44.6027694919187, 59.833297218192207 ], [ 44.602924929841834, 59.833263855142931 ], [ 44.603108394237147, 59.833249958818733 ], [ 44.603272296579398, 59.833269459717926 ], [ 44.603533287031723, 59.833341699559973 ], [ 44.604577789333689, 59.833627783795343 ], [ 44.605955546211639, 59.834102751740772 ], [ 44.606541620899236, 59.834383359104876 ], [ 44.606783317296447, 59.834530550244892 ], [ 44.607113935959546, 59.834955595924164 ], [ 44.607875077173219, 59.836122220764004 ], [ 44.60804164600534, 59.83653889915103 ], [ 44.608072256229832, 59.8369138993571 ], [ 44.608049929660694, 59.837099978981016 ], [ 44.608088855016824, 59.837230561441402 ], [ 44.608124955602364, 59.83727497625933 ], [ 44.608194395854866, 59.837313900716147 ], [ 44.608291633252463, 59.837338900969641 ], [ 44.614725080098538, 59.838141673599516 ], [ 44.616211083874582, 59.838355552167158 ], [ 44.617083349816873, 59.838530590814273 ], [ 44.617988926647797, 59.838769425568714 ], [ 44.618658295643968, 59.838963857196411 ], [ 44.620438911926378, 59.839055551172919 ], [ 44.622186078824647, 59.839097242843657 ], [ 44.624938839755828, 59.839330519787836 ], [ 44.626494514010794, 59.839386087098418 ], [ 44.629350046767399, 59.839388891184569 ], [ 44.630472213621935, 59.83924163619276 ], [ 44.632238903003156, 59.838872265742609 ], [ 44.634261129347799, 59.838294470213782 ], [ 44.634558365176588, 59.838200033305036 ], [ 44.634844539344151, 59.838174986286724 ], [ 44.63592219875062, 59.838222221378601 ], [ 44.636272221186225, 59.838405549976294 ], [ 44.636369427107518, 59.838547215681601 ], [ 44.636319371741756, 59.838708366098381 ], [ 44.636169541990903, 59.838838882908291 ], [ 44.633947313617796, 59.839458305356672 ], [ 44.633794430668608, 59.83951387266729 ], [ 44.633700087289363, 59.839586099019407 ], [ 44.633652870183987, 59.8397472458389 ], [ 44.633655651787073, 59.839861148573327 ], [ 44.633761191725789, 59.839986115666861 ], [ 44.633847267637464, 59.840030581746134 ], [ 44.634136064228123, 59.840119439260889 ], [ 44.636522219225178, 59.840597210393121 ], [ 44.636697172436698, 59.840661093734624 ], [ 44.636791657908866, 59.840713900126552 ], [ 44.63686945915839, 59.840797234904642 ], [ 44.636983305235503, 59.841161132080728 ], [ 44.637022155048555, 59.841286141442424 ], [ 44.637244489941459, 59.84166666168727 ], [ 44.637497283073337, 59.841961082638008 ], [ 44.637544410246505, 59.842044438100501 ], [ 44.637555598712083, 59.84209442601712 ], [ 44.637483259944645, 59.842191683199815 ], [ 44.637383306594465, 59.842233308320701 ], [ 44.637202847733413, 59.842250033012768 ], [ 44.636911173312164, 59.842230568086386 ], [ 44.633438837832266, 59.841744428762517 ], [ 44.633219433829993, 59.841736129818678 ], [ 44.633038982163441, 59.841755540785741 ], [ 44.63286395610686, 59.841805556581335 ], [ 44.625708370744853, 59.844122220963854 ], [ 44.602527845883571, 59.845341706155011 ], [ 44.597422271420832, 59.845597201749634 ], [ 44.598608336905386, 59.844866672559071 ], [ 44.599574929139862, 59.844241683307182 ], [ 44.600461184036583, 59.843474986981221 ], [ 44.600547161022803, 59.843358356603069 ], [ 44.600566671814647, 59.843286094277957 ], [ 44.600516629039362, 59.843219422138816 ], [ 44.600313939836603, 59.843177761944325 ], [ 44.600163969791531, 59.843202772090422 ], [ 44.599991657888893, 59.843316651442485 ], [ 44.598905589821292, 59.844308353647762 ], [ 44.598536189693554, 59.844563853739039 ], [ 44.597433313296953, 59.845080545730745 ], [ 44.59731389681906, 59.845149971594083 ], [ 44.597241593125204, 59.845233294680959 ], [ 44.596947230630349, 59.845588934282034 ], [ 44.596763966783783, 59.845669422705825 ], [ 44.596480595803023, 59.845724992714402 ], [ 44.596227844939278, 59.845736121824764 ], [ 44.595961133899372, 59.845713865402722 ], [ 44.595449988026701, 59.845652825717465 ], [ 44.595286052409563, 59.845650009940194 ], [ 44.594913911148232, 59.845755602938873 ], [ 44.594361057417011, 59.845852818752739 ], [ 44.594183417031218, 59.845875049094388 ], [ 44.593983416801393, 59.845849983190355 ] ], [ [ 44.5829361843576, 59.847833357024001 ], [ 44.58282501466288, 59.84780277557779 ], [ 44.582750051673706, 59.847763929362038 ], [ 44.582588848196963, 59.84764441036139 ], [ 44.582180544296882, 59.847308363390418 ], [ 44.581591657429207, 59.846716634665142 ], [ 44.581283392314845, 59.846511160262033 ], [ 44.580719439150982, 59.846233309319921 ], [ 44.580227777989705, 59.845997266061147 ], [ 44.579438824342446, 59.84542496179273 ], [ 44.578086146858361, 59.844330556110435 ], [ 44.577919444926636, 59.843994444388258 ], [ 44.577752869799262, 59.843808318898986 ], [ 44.577288832213974, 59.843472178398478 ], [ 44.576452861110788, 59.842397215159494 ], [ 44.575766655007271, 59.841877826100976 ], [ 44.575105560673251, 59.841041668838095 ], [ 44.57508333572752, 59.84089446780564 ], [ 44.575141711620859, 59.840011140202144 ], [ 44.575083377995661, 59.839752825232893 ], [ 44.574211162415395, 59.838888877120162 ], [ 44.574108312348919, 59.838716647955096 ], [ 44.574102883141727, 59.838605527723075 ], [ 44.574177696843371, 59.838480569622725 ], [ 44.574352746282386, 59.838363851110998 ], [ 44.574502861118326, 59.838297223038587 ], [ 44.574777839625767, 59.838263870781184 ], [ 44.575716653600864, 59.838294480106349 ], [ 44.577122293958894, 59.838452804853205 ], [ 44.577452751643357, 59.838438913924904 ], [ 44.578219506425235, 59.838297204152809 ], [ 44.579250063839531, 59.838205517370916 ], [ 44.579769380052987, 59.838188886208286 ], [ 44.580080562568071, 59.83816386257233 ], [ 44.582097320135397, 59.837869429930436 ], [ 44.582483409881597, 59.837852820351536 ], [ 44.582652843054404, 59.83786390899234 ], [ 44.582758434254515, 59.837877795424099 ], [ 44.583955516434109, 59.838297206850761 ], [ 44.584088944349439, 59.838324997700624 ], [ 44.584211113652145, 59.838330532128509 ], [ 44.584355566356464, 59.838325019284341 ], [ 44.58504166094405, 59.838166684644918 ], [ 44.58525276690181, 59.838119415378898 ], [ 44.585458385196489, 59.83811110294522 ], [ 44.5869528686801, 59.838261131446231 ], [ 44.587152802360087, 59.838272204798542 ], [ 44.58724732020783, 59.838269486148008 ], [ 44.587372309784421, 59.838244407653455 ], [ 44.587441662802682, 59.838225000283728 ], [ 44.588125026149214, 59.837716680080902 ], [ 44.588308279203886, 59.837647244324998 ], [ 44.5884445201986, 59.837638857247619 ], [ 44.588555631437423, 59.837644478909723 ], [ 44.589341736931772, 59.837788849775791 ], [ 44.589455520955703, 59.837791688036127 ], [ 44.589608345448937, 59.837780602093297 ], [ 44.593219428334123, 59.837144428872477 ], [ 44.593627787992197, 59.837122214718597 ], [ 44.59391118505328, 59.837138906135806 ], [ 44.59414437925988, 59.837222213934183 ], [ 44.594294495894417, 59.837325028027813 ], [ 44.594375084142996, 59.837444469686723 ], [ 44.59441386920485, 59.838183352679785 ], [ 44.594469529145613, 59.838330539323124 ], [ 44.594608284644771, 59.838469438713773 ], [ 44.594736037838054, 59.838513915584869 ], [ 44.595069386842901, 59.838533370618734 ], [ 44.595394480071377, 59.838513872417423 ], [ 44.595669401921548, 59.838452741001383 ], [ 44.596099976632786, 59.838233310918717 ], [ 44.596680569053206, 59.837786107742822 ], [ 44.597805516611459, 59.837274978057948 ], [ 44.597941735123122, 59.83725275760883 ], [ 44.598038943742438, 59.837263853444256 ], [ 44.59812230280221, 59.837316691312431 ], [ 44.59813340313422, 59.83734720530947 ], [ 44.598113881550546, 59.837413902629685 ], [ 44.596952830708744, 59.838633335660049 ], [ 44.596880655617952, 59.838672226841936 ], [ 44.596811125433248, 59.838688857105232 ], [ 44.596236062044795, 59.838758353115679 ], [ 44.596138939760408, 59.838813858373037 ], [ 44.596008404064776, 59.83895276136105 ], [ 44.595900027664293, 59.839125046284039 ], [ 44.595808368761368, 59.839394443598835 ], [ 44.595783410775937, 59.840055527141018 ], [ 44.595813973336369, 59.840233329404768 ], [ 44.5957916071971, 59.840311157633991 ], [ 44.595725042976539, 59.840413864708239 ], [ 44.595452828085733, 59.840641677371693 ], [ 44.595316615869301, 59.840811098853301 ], [ 44.595305559604071, 59.840944483601213 ], [ 44.595394367656127, 59.84106670506457 ], [ 44.595391615730641, 59.841141654563891 ], [ 44.595161050242432, 59.841708292204075 ], [ 44.594750043879571, 59.842061094444141 ], [ 44.593902771895564, 59.84256663034585 ], [ 44.593641767953386, 59.842797218317109 ], [ 44.593463882052667, 59.84303055911316 ], [ 44.592561052650638, 59.844066669841091 ], [ 44.592305554358006, 59.844294469914004 ], [ 44.591630552008546, 59.84469725197674 ], [ 44.591016751222234, 59.845127746648352 ], [ 44.590419447599572, 59.845644492599419 ], [ 44.58947230770098, 59.846305583336161 ], [ 44.589011147046961, 59.846580560944297 ], [ 44.58833055091435, 59.846847253997744 ], [ 44.586880593764526, 59.847313871737967 ], [ 44.586122240449185, 59.847463887648459 ], [ 44.585663978310095, 59.847486092809106 ], [ 44.585377821229656, 59.847469474237023 ], [ 44.585172245203125, 59.847402748138492 ], [ 44.585050077699066, 59.847261140889081 ], [ 44.584916635394556, 59.846911116654901 ], [ 44.584869467751901, 59.846841655717981 ], [ 44.584772163804473, 59.846761078261288 ], [ 44.584619547953942, 59.84666947511635 ], [ 44.584433427860574, 59.846608306828045 ], [ 44.584155494180884, 59.846600032165902 ], [ 44.583947175222136, 59.846636077892853 ], [ 44.583794465842118, 59.846802799609698 ], [ 44.583563870676244, 59.847577746316119 ], [ 44.583450039887623, 59.847738892236222 ], [ 44.583386037835567, 59.847780556027999 ], [ 44.583147233658046, 59.84784443397357 ], [ 44.5829361843576, 59.847833357024001 ] ] ] ] } },
{ "type": "Feature", "properties": { "nid": 10438.0, "title": "Захаровский бор", "sig": "regional", "start_date": "1978-08-16", "created_at": "2024-10-10", "updated_at": "2026-06-24", "area": 68.09, "subj_title": "Вологодская область", "federal_ti": "Северо-Западный федеральный округ", "agency_tit": "Министерство природных ресурсов и экологии Вологодской области", "management": null, "category_t": "памятник природы", "status_tit": "действующий" }, "geometry": { "type": "MultiPolygon", "coordinates": [ [ [ [ 45.610542145104091, 60.049596213994221 ], [ 45.60963701343757, 60.048886705557202 ], [ 45.60812390319574, 60.049369362706109 ], [ 45.609071546714688, 60.05011220181683 ], [ 45.612223845853968, 60.052161629955421 ], [ 45.615389886634141, 60.053811873319489 ], [ 45.61197467429195, 60.055162994976392 ], [ 45.611595643324442, 60.055312351683824 ], [ 45.609861761211505, 60.056000832172863 ], [ 45.609968739166156, 60.056072952404968 ], [ 45.611707054936794, 60.0553827299292 ], [ 45.612085908737861, 60.055233464053295 ], [ 45.616928745365499, 60.053317435951087 ], [ 45.613586863742903, 60.051575648797325 ], [ 45.610542145104091, 60.049596213994221 ] ] ], [ [ [ 45.605305677015565, 60.061711215100658 ], [ 45.60556753171636, 60.06109999087203 ], [ 45.606176272017471, 60.059679291366351 ], [ 45.606736735811864, 60.058783283322029 ], [ 45.607110031802677, 60.058475105441907 ], [ 45.607554348154785, 60.058108548970537 ], [ 45.608263649747805, 60.057523093016471 ], [ 45.609586334841644, 60.056649874692127 ], [ 45.610002651701159, 60.056397175989055 ], [ 45.609609787361983, 60.056132379605792 ], [ 45.605875586389338, 60.058837915337669 ], [ 45.604760374891555, 60.061610720358594 ], [ 45.600534483979402, 60.061528105038164 ], [ 45.599286278039472, 60.058742151029598 ], [ 45.599057510296007, 60.058712996807515 ], [ 45.598715124903265, 60.058696233444607 ], [ 45.59828582722929, 60.058860223021028 ], [ 45.597864767345293, 60.058972712021223 ], [ 45.59756413837448, 60.059004535431136 ], [ 45.598718877774161, 60.061582367432486 ], [ 45.605305677015565, 60.061711215100658 ] ] ] ] } },
{ "type": "Feature", "properties": { "nid": 10597.0, "title": "Геологическое обнажение у деревни Озерки", "sig": "regional", "start_date": "1989-08-31", "created_at": "2024-10-10", "updated_at": "2026-06-24", "area": 133.65, "subj_title": "Вологодская область", "federal_ti": "Северо-Западный федеральный округ", "agency_tit": "Министерство природных ресурсов и экологии Вологодской области", "management": null, "category_t": "памятник природы", "status_tit": "действующий" }, "geometry": { "type": "MultiPolygon", "coordinates": [ [ [ [ 44.579522116852388, 60.480325148187198 ], [ 44.579997402258464, 60.480235742085995 ], [ 44.580403705167043, 60.480084870020889 ], [ 44.580709575386777, 60.479884388653758 ], [ 44.581205425590092, 60.479441806194593 ], [ 44.581496907556414, 60.479229299093035 ], [ 44.582150420605615, 60.478809383146718 ], [ 44.582486323685025, 60.478477405607968 ], [ 44.582766665749205, 60.478052550584891 ], [ 44.582976787848622, 60.477605183732415 ], [ 44.583360260567758, 60.47633117534366 ], [ 44.583390296125458, 60.476006899598914 ], [ 44.583350735847937, 60.475191439333628 ], [ 44.583446504652613, 60.473893088095735 ], [ 44.58378238614835, 60.472895700376448 ], [ 44.583818344641031, 60.472504917967733 ], [ 44.583851248136739, 60.472148691109389 ], [ 44.583975094675047, 60.472007751156973 ], [ 44.584049843625564, 60.471858568018668 ], [ 44.584072242140451, 60.47171792304384 ], [ 44.584040799143729, 60.471552251735197 ], [ 44.583957197267011, 60.471404095622674 ], [ 44.583823427609275, 60.471265106299754 ], [ 44.583643494851572, 60.471139500687556 ], [ 44.583422857878752, 60.471030867980353 ], [ 44.582421627356382, 60.470616017915056 ], [ 44.581179481947679, 60.470139827791002 ], [ 44.579359339562011, 60.469744976849356 ], [ 44.578472762707968, 60.4693682157707 ], [ 44.578437853724154, 60.469153451370865 ], [ 44.576616313791988, 60.469167105777508 ], [ 44.576720092858181, 60.469807724347163 ], [ 44.57837940318705, 60.470512731677388 ], [ 44.58024212577368, 60.470916831246939 ], [ 44.581279319285322, 60.471314455697723 ], [ 44.58225418438326, 60.471718371805601 ], [ 44.582052392703929, 60.47191874255612 ], [ 44.58200220243986, 60.472464077055683 ], [ 44.581971077803189, 60.472801365990385 ], [ 44.581633691741679, 60.473802789867015 ], [ 44.581531750889773, 60.475185865335547 ], [ 44.581571079142172, 60.475997017848272 ], [ 44.581548043007949, 60.47624446540992 ], [ 44.581188970694598, 60.477437597767093 ], [ 44.581013123557, 60.477811718436186 ], [ 44.580799039943876, 60.478136123683313 ], [ 44.580601741277512, 60.478331195628357 ], [ 44.580021639886922, 60.478703880080147 ], [ 44.579653647198192, 60.478972135256001 ], [ 44.57911817016759, 60.479450081756049 ], [ 44.577852106389734, 60.479414718614528 ], [ 44.576968741914072, 60.479264656838609 ], [ 44.576062912373686, 60.478979070827606 ], [ 44.575285021286838, 60.478569239878702 ], [ 44.574949819678572, 60.478248715206242 ], [ 44.574654154965451, 60.478262142084361 ], [ 44.574167049769692, 60.478331517585602 ], [ 44.573727307369488, 60.478267064973231 ], [ 44.573402364327812, 60.478025335301126 ], [ 44.573032609867191, 60.477923353080435 ], [ 44.572474537370162, 60.47791833126616 ], [ 44.572105353979047, 60.477847668835018 ], [ 44.571707150364894, 60.477887043852135 ], [ 44.571393629612494, 60.477845988002109 ], [ 44.570931355597729, 60.477503125069347 ], [ 44.570449659824128, 60.477492878193907 ], [ 44.568880102734731, 60.47761579483322 ], [ 44.567019966598366, 60.477408180043653 ], [ 44.565398516828274, 60.477012126708459 ], [ 44.563805257207029, 60.476534019229746 ], [ 44.562168814839076, 60.476182084835493 ], [ 44.561684612654915, 60.47570465634498 ], [ 44.561116864351952, 60.475460045245086 ], [ 44.560636308019355, 60.474931094594531 ], [ 44.559588911699109, 60.475246196355037 ], [ 44.55728214705362, 60.475510203133517 ], [ 44.555812492053008, 60.475820268690605 ], [ 44.553311106922195, 60.476185363763712 ], [ 44.551571726354261, 60.476514866368184 ], [ 44.549950869237357, 60.476565669969872 ], [ 44.550261439314113, 60.469670787277153 ], [ 44.549372839884825, 60.469241957250681 ], [ 44.548501376137779, 60.468376575618663 ], [ 44.548132904110382, 60.476545729302138 ], [ 44.548163439691166, 60.476730614626312 ], [ 44.548270348398027, 60.476908412393456 ], [ 44.548449082359411, 60.477071669921756 ], [ 44.548691825567452, 60.477213208822704 ], [ 44.548988397696576, 60.477327106161162 ], [ 44.549326067044547, 60.477408511893493 ], [ 44.549690468740323, 60.477453926757484 ], [ 44.550066146135919, 60.477461377640608 ], [ 44.551963986349051, 60.4774018632056 ], [ 44.553895606896901, 60.477036001910101 ], [ 44.556429780410213, 60.476666137732245 ], [ 44.557849283817568, 60.476366658094939 ], [ 44.559908823933249, 60.476130931397556 ], [ 44.560219067556083, 60.476264546371908 ], [ 44.560838037645503, 60.47687489016419 ], [ 44.562965865082788, 60.477332520079926 ], [ 44.564521324399784, 60.477799243040792 ], [ 44.566407596633432, 60.478259984610766 ], [ 44.568819891325063, 60.478529281201531 ], [ 44.570005456786582, 60.478436398321321 ], [ 44.570261428122592, 60.47862627218489 ], [ 44.571649566774227, 60.478808070136481 ], [ 44.571942501145656, 60.478779122758453 ], [ 44.572118368068395, 60.478812750208412 ], [ 44.572280575188586, 60.478814250277587 ], [ 44.572576953064065, 60.479034717278516 ], [ 44.574100629440629, 60.479258020741206 ], [ 44.574891802614786, 60.479674855610241 ], [ 44.576172169210395, 60.480078489330992 ], [ 44.577498063984642, 60.480303766805548 ], [ 44.579015490972324, 60.480346169840054 ], [ 44.579522116852388, 60.480325148187198 ] ] ] ] } },
{ "type": "Feature", "properties": { "nid": 11037.0, "title": "Водопад Васькин ключ", "sig": "regional", "start_date": "1987-04-17", "created_at": "2024-10-10", "updated_at": "2026-06-24", "area": 43.17, "subj_title": "Вологодская область", "federal_ti": "Северо-Западный федеральный округ", "agency_tit": null, "management": null, "category_t": "памятник природы", "status_tit": "действующий" }, "geometry": { "type": "MultiPolygon", "coordinates": [ [ [ [ 45.274681285213319, 60.598050263908711 ], [ 45.274834860640453, 60.598020980184238 ], [ 45.274988034970029, 60.59797374779037 ], [ 45.275113948150356, 60.597915534674364 ], [ 45.275215349408995, 60.597846773410012 ], [ 45.275288639659152, 60.597769816623881 ], [ 45.275330963553301, 60.597687464804821 ], [ 45.276523582397594, 60.593885008886204 ], [ 45.275665385449365, 60.593677850952247 ], [ 45.274429055056999, 60.597619023699174 ], [ 45.25894198478494, 60.596860381701433 ], [ 45.259396090257546, 60.592449079361693 ], [ 45.258480709017647, 60.592465508176801 ], [ 45.258032810665838, 60.596815922816745 ], [ 45.258033822403149, 60.596903784781986 ], [ 45.258068381550736, 60.596990123295704 ], [ 45.258132496917369, 60.597067509058476 ], [ 45.258235846107588, 60.597144597145594 ], [ 45.258362235928587, 60.597206933653233 ], [ 45.258510782346889, 60.597255870262359 ], [ 45.258675970719644, 60.597289639805176 ], [ 45.258851385283378, 60.59730693017088 ], [ 45.274338666896142, 60.598065582061103 ], [ 45.274511523787965, 60.598065903119092 ], [ 45.274681285213319, 60.598050263908711 ] ] ] ] } },
{ "type": "Feature", "properties": { "nid": 11183.0, "title": "Геологическое обнажение у деревень Пуртовино и Исады", "sig": "regional", "start_date": "1989-08-31", "created_at": "2024-10-10", "updated_at": "2026-06-24", "area": 293.0, "subj_title": "Вологодская область", "federal_ti": "Северо-Западный федеральный округ", "agency_tit": "Министерство природных ресурсов и экологии Вологодской области", "management": null, "category_t": "памятник природы", "status_tit": "действующий" }, "geometry": { "type": "MultiPolygon", "coordinates": [ [ [ [ 45.616103123660423, 60.626254040191945 ], [ 45.616300024826437, 60.626147636004745 ], [ 45.616715621329028, 60.62635157076852 ], [ 45.616943279309062, 60.626446335030479 ], [ 45.617199344174537, 60.626521663144381 ], [ 45.617476988272585, 60.626575456991922 ], [ 45.61776867708295, 60.626606429643175 ], [ 45.618286436569974, 60.626639816074821 ], [ 45.618563462833727, 60.626647209401355 ], [ 45.618839623050341, 60.626633964186276 ], [ 45.619108344974329, 60.62660022342174 ], [ 45.619363816287262, 60.626547021328115 ], [ 45.620027793847783, 60.626378179009912 ], [ 45.62029054427336, 60.626296643775262 ], [ 45.620521552228013, 60.626194449314525 ], [ 45.620713966676362, 60.626074431190204 ], [ 45.620862065232295, 60.625940227159894 ], [ 45.620961766772268, 60.625795549625089 ], [ 45.621010113426166, 60.625644732418614 ], [ 45.621005815566086, 60.625493077943347 ], [ 45.620948554832125, 60.625341847948114 ], [ 45.620866825343853, 60.625196468042759 ], [ 45.621192915021197, 60.62521288696535 ], [ 45.625821838906909, 60.625257797309636 ], [ 45.626109110247391, 60.625249474084114 ], [ 45.626390345338329, 60.625219029334914 ], [ 45.626658084303294, 60.625167329109111 ], [ 45.626906150598522, 60.625095502955261 ], [ 45.627122819762455, 60.625007953054762 ], [ 45.627309751044329, 60.624905202813004 ], [ 45.62802235135058, 60.624438296390444 ], [ 45.630129240772014, 60.624723160245814 ], [ 45.630467809441988, 60.624741251008103 ], [ 45.630786441940927, 60.624731317996108 ], [ 45.631096494008148, 60.624694257833887 ], [ 45.6313914023915, 60.624630482411021 ], [ 45.631659001062189, 60.624542242730506 ], [ 45.631891155652454, 60.624432119846624 ], [ 45.632076238827551, 60.624302003235002 ], [ 45.634124311687799, 60.624733223659511 ], [ 45.634247677988121, 60.624756638408314 ], [ 45.634374367283378, 60.62477562669396 ], [ 45.634503462265116, 60.624790109376178 ], [ 45.634634227287904, 60.624799910187846 ], [ 45.636537586640479, 60.624907887289332 ], [ 45.63846331213233, 60.624941875367412 ], [ 45.639799234347379, 60.624853722921145 ], [ 45.640141899429288, 60.624814311931118 ], [ 45.640483300064425, 60.62473748105009 ], [ 45.640776780324302, 60.624631959097826 ], [ 45.641021866266264, 60.624499904447184 ], [ 45.64120868693152, 60.624346603313242 ], [ 45.641330143071791, 60.624178126119759 ], [ 45.641381160712164, 60.624001159326198 ], [ 45.64135997358408, 60.623822805778055 ], [ 45.641539275917005, 60.623814791019967 ], [ 45.641742280781784, 60.623800031346541 ], [ 45.641940527333645, 60.623774179434967 ], [ 45.642131651254886, 60.623737614799275 ], [ 45.642313290925813, 60.623690716053879 ], [ 45.643150200921177, 60.623444231666092 ], [ 45.644063995756937, 60.623186702704345 ], [ 45.64448863674135, 60.623125067667893 ], [ 45.644765252914283, 60.623072541864467 ], [ 45.645020870816722, 60.622998735403471 ], [ 45.645248795895384, 60.622905588122514 ], [ 45.645443083631569, 60.622795571358715 ], [ 45.645598533245902, 60.622671511681069 ], [ 45.645711238982635, 60.622536761762312 ], [ 45.645777849967942, 60.62239484964276 ], [ 45.645798311343185, 60.622249456247573 ], [ 45.645811579940634, 60.621935109018231 ], [ 45.64578246169139, 60.621792902820403 ], [ 45.64570928565518, 60.621655007972429 ], [ 45.645592705639039, 60.621524557712341 ], [ 45.645435574292492, 60.621404851652748 ], [ 45.645373020148945, 60.62136470411798 ], [ 45.645246401900074, 60.621212885066768 ], [ 45.64512131789467, 60.621100905082855 ], [ 45.644966237901706, 60.620998504677402 ], [ 45.644608012749757, 60.620814471910535 ], [ 45.644001610685955, 60.62027595427201 ], [ 45.643885500115921, 60.620185978900004 ], [ 45.643748449731333, 60.620103356384966 ], [ 45.643592511785123, 60.620029325093455 ], [ 45.643419911200112, 60.619964853595263 ], [ 45.642101444825975, 60.619530964882301 ], [ 45.641135241098652, 60.619223710605915 ], [ 45.641085424053237, 60.619187226909155 ], [ 45.641281012209099, 60.619180874997525 ], [ 45.642051454211412, 60.619159690567407 ], [ 45.642216012159395, 60.61915394929548 ], [ 45.642378707611442, 60.619141760783791 ], [ 45.642538422710231, 60.619122416366565 ], [ 45.642694062081482, 60.619096013170633 ], [ 45.642843996153658, 60.619062925313912 ], [ 45.642987497375252, 60.619023248124563 ], [ 45.643123118737094, 60.618977441156176 ], [ 45.643249774757464, 60.618925784097812 ], [ 45.643526149912077, 60.618802353945611 ], [ 45.643637736892231, 60.618748036692693 ], [ 45.643739309022067, 60.618689223728822 ], [ 45.643832822327049, 60.618624372716788 ], [ 45.643910086681323, 60.618559744736608 ], [ 45.643977865885965, 60.618490077854972 ], [ 45.644033136420262, 60.618417820925849 ], [ 45.644075552045251, 60.61834351534111 ], [ 45.644104949084294, 60.618267698895338 ], [ 45.644175440644233, 60.6180300746284 ], [ 45.644191030391873, 60.617956437239968 ], [ 45.644194202300753, 60.617882899676246 ], [ 45.644185130839269, 60.617809193939294 ], [ 45.644163665820713, 60.617736217552583 ], [ 45.644129997001919, 60.617664239413259 ], [ 45.644084697251117, 60.617593970885203 ], [ 45.64402759209986, 60.617525683563599 ], [ 45.643959251718286, 60.617460001577967 ], [ 45.64365870368642, 60.617197946328304 ], [ 45.643559291728074, 60.617120759315746 ], [ 45.643444537335711, 60.617048904383573 ], [ 45.643315561064469, 60.616983179230488 ], [ 45.643173664233359, 60.616924200791388 ], [ 45.642988235718697, 60.616604117686045 ], [ 45.642935199100343, 60.616526373093798 ], [ 45.642868008052282, 60.616451346252795 ], [ 45.642168259957366, 60.615757584944717 ], [ 45.639497031562939, 60.612554401264774 ], [ 45.639442825825938, 60.612495691722984 ], [ 45.639380470432513, 60.612439025440821 ], [ 45.639309796310208, 60.612384759449242 ], [ 45.639231539104401, 60.612333068216671 ], [ 45.637694022161554, 60.611391371015138 ], [ 45.635216244234471, 60.610440322662953 ], [ 45.633424318977283, 60.610891152804641 ], [ 45.636402867298663, 60.612034467217015 ], [ 45.637807432067511, 60.612894772176148 ], [ 45.640503258718581, 60.616127497686023 ], [ 45.641231891238924, 60.61684993477683 ], [ 45.64158855426853, 60.617465448771604 ], [ 45.642067811980098, 60.617638538587869 ], [ 45.642368351918094, 60.617900600132771 ], [ 45.642297845968976, 60.618138222601019 ], [ 45.642021471713697, 60.618261650055281 ], [ 45.641169486382864, 60.618285115166074 ], [ 45.638232636926823, 60.618380746374484 ], [ 45.638261589700782, 60.618573397344562 ], [ 45.639054826818949, 60.619310309023703 ], [ 45.63982737323488, 60.61987675690699 ], [ 45.641097133226303, 60.62028054800907 ], [ 45.642403610738192, 60.620710504886063 ], [ 45.643336355188801, 60.621538792181688 ], [ 45.643582109327042, 60.621583995705002 ], [ 45.643774970738491, 60.621815070209479 ], [ 45.643984114375534, 60.621949610586213 ], [ 45.643970842180799, 60.62226440567791 ], [ 45.643340987596673, 60.622355900004948 ], [ 45.642226178095818, 60.622670085356326 ], [ 45.641374268308027, 60.622920994408567 ], [ 45.640571165626966, 60.622956800915809 ], [ 45.639412513277016, 60.623039390155895 ], [ 45.638915639645234, 60.623321229591227 ], [ 45.63898700444684, 60.623671688198037 ], [ 45.639384527274274, 60.623975599694347 ], [ 45.63837399866128, 60.624042252947795 ], [ 45.636675349288112, 60.624012254262304 ], [ 45.634843789109759, 60.623908364579506 ], [ 45.632300314807814, 60.623372737362111 ], [ 45.630491209801676, 60.623141241974906 ], [ 45.629970544605094, 60.623118069143729 ], [ 45.630122940121744, 60.623791539048447 ], [ 45.626718743575339, 60.623331232750381 ], [ 45.626445267834981, 60.623358295149387 ], [ 45.626331187034793, 60.623509106060574 ], [ 45.626290430659026, 60.623799167997376 ], [ 45.625996365839796, 60.624041900413552 ], [ 45.626179714222587, 60.624149748911982 ], [ 45.625857910714153, 60.624360570683962 ], [ 45.621303852690794, 60.624316321341325 ], [ 45.619142627130714, 60.624207944041515 ], [ 45.618469013334447, 60.624294103590159 ], [ 45.618166368982884, 60.624538952111081 ], [ 45.618307863817044, 60.624950791246192 ], [ 45.619052202097627, 60.625339775010787 ], [ 45.619188069873701, 60.625581121571656 ], [ 45.618524103105017, 60.62574996029258 ], [ 45.618006357107845, 60.625716574760304 ], [ 45.616980005822761, 60.62521296970295 ], [ 45.616389278042902, 60.62507694094824 ], [ 45.6157707153464, 60.625088240030443 ], [ 45.615227053585841, 60.625393252296938 ], [ 45.614740640868035, 60.625656248237426 ], [ 45.614216030345688, 60.625808069986576 ], [ 45.613196790000011, 60.62581302884837 ], [ 45.612761954300929, 60.625906328114688 ], [ 45.612303879220804, 60.62588743605648 ], [ 45.612121226013919, 60.625699590164118 ], [ 45.611847822219367, 60.625329629758753 ], [ 45.611292361353541, 60.625104259654044 ], [ 45.610439929958936, 60.624908705672404 ], [ 45.610039120109484, 60.624585706964972 ], [ 45.609246148291277, 60.623556378923915 ], [ 45.608954509842931, 60.622784540274502 ], [ 45.608989050104753, 60.622188644990153 ], [ 45.609698815747883, 60.621640270782045 ], [ 45.61089550222578, 60.621140989665086 ], [ 45.611659702033762, 60.620605457775795 ], [ 45.611440003953192, 60.62017852531887 ], [ 45.611028477782213, 60.620050564382218 ], [ 45.610796006630544, 60.619885191648457 ], [ 45.610797010273984, 60.619537377947779 ], [ 45.609680115245276, 60.619114948396309 ], [ 45.608290046648506, 60.61852637719074 ], [ 45.606770649246251, 60.617684353650169 ], [ 45.605607436434184, 60.617316468880126 ], [ 45.603139953046529, 60.616991067184188 ], [ 45.599294261321283, 60.616258081045757 ], [ 45.597312935243899, 60.615662901621754 ], [ 45.595936422128311, 60.614968007167974 ], [ 45.593728163823862, 60.615139719222825 ], [ 45.596164601715145, 60.61636973907234 ], [ 45.598481438767578, 60.617065704618753 ], [ 45.602571458306322, 60.617845261249947 ], [ 45.604858868642054, 60.618146962212663 ], [ 45.605571052562198, 60.618372199217781 ], [ 45.607005068329386, 60.619166889640425 ], [ 45.608526277865614, 60.619810984089824 ], [ 45.608969413407863, 60.619978642900207 ], [ 45.609017024416289, 60.62008821809696 ], [ 45.609082468980937, 60.620195767121118 ], [ 45.609175164802195, 60.620298790756735 ], [ 45.609293401369534, 60.620395241247536 ], [ 45.609503239283242, 60.620544550290951 ], [ 45.608306014111406, 60.62104409131193 ], [ 45.607447826156424, 60.621706993283283 ], [ 45.607322427388276, 60.621821434711592 ], [ 45.607231985268072, 60.621943589625111 ], [ 45.60718384725692, 60.622052305969291 ], [ 45.607163358002701, 60.62216304668744 ], [ 45.607128783566679, 60.622758941971775 ], [ 45.607133540080945, 60.622854046177437 ], [ 45.607158729192179, 60.622948359879047 ], [ 45.607480125307681, 60.623799042991614 ], [ 45.608390963172546, 60.62498156065066 ], [ 45.608880324767313, 60.625375847717336 ], [ 45.609048113979441, 60.625489858370422 ], [ 45.609249965014044, 60.625589594983971 ], [ 45.60948085965412, 60.625672497188184 ], [ 45.60973473197248, 60.625737356294117 ], [ 45.610302047701509, 60.6258674971874 ], [ 45.610434542120572, 60.626046947009172 ], [ 45.610655569399171, 60.626274253354254 ], [ 45.610771815766832, 60.626376103374632 ], [ 45.610913917643359, 60.626469668840272 ], [ 45.61107944775847, 60.626553446084806 ], [ 45.6112657980783, 60.626625837012895 ], [ 45.611469643809187, 60.626685793914405 ], [ 45.611687662855502, 60.626732263683195 ], [ 45.611915989931155, 60.6267643802721 ], [ 45.612151140163178, 60.626781721899121 ], [ 45.612609226934474, 60.626800614856677 ], [ 45.612735203966679, 60.626803653665817 ], [ 45.612861040704608, 60.626802474654653 ], [ 45.612986006898893, 60.626796995085435 ], [ 45.613111012663296, 60.626787205964945 ], [ 45.613233690982206, 60.62677330604339 ], [ 45.613354041855708, 60.626755297119416 ], [ 45.613471705554957, 60.626733359057411 ], [ 45.613586903313092, 60.626708658278112 ], [ 45.614234083336441, 60.626705488167886 ], [ 45.614471843401013, 60.626696685603733 ], [ 45.614705267833983, 60.626672750147463 ], [ 45.614930350155703, 60.626634069406919 ], [ 45.615143092879578, 60.626581305283189 ], [ 45.615667712395179, 60.626429479936732 ], [ 45.615786687305956, 60.626392001589743 ], [ 45.615899304009822, 60.626350086887143 ], [ 45.616005023812988, 60.626304007424139 ], [ 45.616103123660423, 60.626254040191945 ] ] ], [ [ [ 45.610687070851789, 60.607695351659345 ], [ 45.612080857245928, 60.607303907349596 ], [ 45.612966845943333, 60.607228924575388 ], [ 45.613966547618247, 60.607208412838133 ], [ 45.614775925768527, 60.607252326733644 ], [ 45.615095632057944, 60.607224650997011 ], [ 45.615193028635531, 60.607066353229804 ], [ 45.615585813834393, 60.60691826816371 ], [ 45.616075456916967, 60.606867155195218 ], [ 45.6189059552458, 60.606533744137153 ], [ 45.620277323339963, 60.606307902787634 ], [ 45.620651780355558, 60.606098018109201 ], [ 45.620936769216712, 60.606064502175215 ], [ 45.621310817040744, 60.606084932973438 ], [ 45.621949016434144, 60.606186810872764 ], [ 45.622510968606491, 60.606263177703674 ], [ 45.622784095409827, 60.606361874700944 ], [ 45.622832977160321, 60.606431941780848 ], [ 45.622906859164402, 60.606496064342068 ], [ 45.622967765749934, 60.606521335291561 ], [ 45.623082092964403, 60.606522302962091 ], [ 45.623157188153868, 60.606507429974101 ], [ 45.623187301053292, 60.606479542896736 ], [ 45.623208149136921, 60.606398056225494 ], [ 45.623247904567329, 60.606314173760268 ], [ 45.623337482439013, 60.606218583021359 ], [ 45.623478932307023, 60.606167632830136 ], [ 45.62439450330384, 60.606099966940064 ], [ 45.625506313565658, 60.60602595993025 ], [ 45.626492841971242, 60.605989483428068 ], [ 45.62700459398701, 60.606000083737065 ], [ 45.627317353013609, 60.606071435948181 ], [ 45.627389777216585, 60.606206654413711 ], [ 45.627477445827651, 60.606311681738859 ], [ 45.62786202471284, 60.606297274599726 ], [ 45.628090962428132, 60.60623107370526 ], [ 45.628443178310185, 60.606171508908162 ], [ 45.629914050992859, 60.606155785161533 ], [ 45.630201635297396, 60.606232988361903 ], [ 45.630361068908371, 60.606398199217672 ], [ 45.630506365176757, 60.606593772085077 ], [ 45.630840768187056, 60.606689533695203 ], [ 45.631412403359889, 60.606737871355847 ], [ 45.631892438085742, 60.606809655241577 ], [ 45.632164429944673, 60.606911662643299 ], [ 45.632173070630877, 60.607022531964439 ], [ 45.632088679149376, 60.607086853275803 ], [ 45.631901637250905, 60.607095456190507 ], [ 45.63135313893639, 60.607062192965991 ], [ 45.630731726288332, 60.607010577276455 ], [ 45.630574391695006, 60.607028543032968 ], [ 45.630384641038511, 60.607923244362375 ], [ 45.633255044085161, 60.607261864043942 ], [ 45.634040754777175, 60.607170769915271 ], [ 45.633916568295142, 60.60667972928627 ], [ 45.633825125229521, 60.606539013265028 ], [ 45.633683664569617, 60.606409473118852 ], [ 45.633480641718386, 60.606289767059252 ], [ 45.633278466028564, 60.606200750364508 ], [ 45.633031165955678, 60.606121790788166 ], [ 45.632761373838484, 60.606063568678906 ], [ 45.632695735020313, 60.606038967724373 ], [ 45.631813120579238, 60.60590698501948 ], [ 45.631805247914023, 60.605906331212395 ], [ 45.631733569248972, 60.605832143438811 ], [ 45.631618927271859, 60.605745287814948 ], [ 45.631489663217558, 60.605663397348039 ], [ 45.631341668982998, 60.605589197883305 ], [ 45.631177357449239, 60.605523836955676 ], [ 45.630787716280224, 60.60541927727796 ], [ 45.630556357590024, 60.605368997081705 ], [ 45.630314480429092, 60.605331727377447 ], [ 45.630064582214857, 60.605311215640263 ], [ 45.629811854733468, 60.605304370000852 ], [ 45.628151395970292, 60.605322160389569 ], [ 45.627758984889397, 60.60523269313444 ], [ 45.627583831129073, 60.605197841707181 ], [ 45.627402409094088, 60.605172106707521 ], [ 45.627216367241708, 60.605155653610652 ], [ 45.627028089674752, 60.605148822360427 ], [ 45.626464239932886, 60.605135857733842 ], [ 45.625324745840487, 60.605177963092665 ], [ 45.624149388583589, 60.605256248177454 ], [ 45.623156072994561, 60.605329651742167 ], [ 45.6229099654227, 60.605357206969693 ], [ 45.622673894284951, 60.605401105576739 ], [ 45.622447942318843, 60.60537033617225 ], [ 45.621677973359965, 60.605247435720727 ], [ 45.621243577429304, 60.605223718799763 ], [ 45.621029813075545, 60.60521905761356 ], [ 45.620815307680452, 60.605219607998649 ], [ 45.620602126087419, 60.605232533954457 ], [ 45.620391725198139, 60.605252257885581 ], [ 45.620077155836206, 60.605296511724809 ], [ 45.619780547734244, 60.605364944736593 ], [ 45.619513620857099, 60.605458629812063 ], [ 45.619282790968214, 60.605572850906512 ], [ 45.618427701177602, 60.605713689235529 ], [ 45.615693296308727, 60.606035733762255 ], [ 45.615265530180231, 60.606080429168621 ], [ 45.615063699830046, 60.606111205767704 ], [ 45.614866672758914, 60.606149215613982 ], [ 45.614680048145885, 60.606198181900758 ], [ 45.614500926576675, 60.606253281563859 ], [ 45.614207153137777, 60.60636404476503 ], [ 45.614025892980742, 60.606354178302865 ], [ 45.612782821270336, 60.606379675881485 ], [ 45.611485915242952, 60.606489421949441 ], [ 45.609874877823529, 60.6069419113403 ], [ 45.609480870445957, 60.607036762836508 ], [ 45.608560730893203, 60.60712276320514 ], [ 45.607286015637264, 60.607158692020171 ], [ 45.606203811956505, 60.607275037313272 ], [ 45.605056477574522, 60.607415583362624 ], [ 45.60454867088464, 60.607431165016401 ], [ 45.604500980735843, 60.607312523754153 ], [ 45.604423651630384, 60.607197617376308 ], [ 45.604315485671286, 60.607088876750417 ], [ 45.604178552198611, 60.606988173365671 ], [ 45.603828122370146, 60.60681842183287 ], [ 45.603621477948984, 60.606752372923829 ], [ 45.603398324673094, 60.606700724858733 ], [ 45.603202283258952, 60.606646171084087 ], [ 45.602808143681038, 60.606563645695871 ], [ 45.602752767026736, 60.606393724191193 ], [ 45.602531825183746, 60.606230401012333 ], [ 45.602244044826989, 60.606094618671875 ], [ 45.601903148711521, 60.605992824409483 ], [ 45.601525357909111, 60.605929823302858 ], [ 45.6002160349422, 60.60599512757323 ], [ 45.600246272847357, 60.606897928196986 ], [ 45.600458183698379, 60.606839717778932 ], [ 45.601131365820038, 60.606806157778109 ], [ 45.601261162272976, 60.607204284050624 ], [ 45.602378846906447, 60.607392243257586 ], [ 45.602733192383084, 60.607536475628009 ], [ 45.603163377687906, 60.60798537222729 ], [ 45.603684976380741, 60.608241378636876 ], [ 45.603880838829809, 60.608508566317433 ], [ 45.603991480622483, 60.608620338557941 ], [ 45.604332676212202, 60.608612624173404 ], [ 45.604367071683164, 60.608351611238049 ], [ 45.604481461850121, 60.608287162222936 ], [ 45.60532217687711, 60.60826141643139 ], [ 45.606598661099497, 60.608105037817431 ], [ 45.607522414128248, 60.608005739173677 ], [ 45.608773082411972, 60.607970447078635 ], [ 45.610034005665, 60.607852664668883 ], [ 45.610687070851789, 60.607695351659345 ] ] ] ] } },
{ "type": "Feature", "properties": { "nid": 11184.0, "title": "Геологическое обнажение на реке Шарденьге у деревни Скородум", "sig": "regional", "start_date": "1991-11-26", "created_at": "2024-10-10", "updated_at": "2026-06-24", "area": 42.41, "subj_title": "Вологодская область", "federal_ti": "Северо-Западный федеральный округ", "agency_tit": null, "management": null, "category_t": "памятник природы", "status_tit": "действующий" }, "geometry": { "type": "MultiPolygon", "coordinates": [ [ [ [ 46.20968684007579, 60.626515758195858 ], [ 46.210526233099358, 60.625880130863493 ], [ 46.210574694866459, 60.625183084332029 ], [ 46.210072526925728, 60.624327480129288 ], [ 46.209425454821023, 60.623724176229913 ], [ 46.208372133767114, 60.623419557866498 ], [ 46.20743678398054, 60.623235050257513 ], [ 46.20765474097368, 60.62319953782854 ], [ 46.208473845291898, 60.623165566837606 ], [ 46.209772585936257, 60.623036853168387 ], [ 46.211348314173506, 60.622898062595709 ], [ 46.212435837344181, 60.622571260655306 ], [ 46.213268089750727, 60.621967500799691 ], [ 46.213338015637071, 60.621028312706628 ], [ 46.214377791102322, 60.621076668353723 ], [ 46.214923398096516, 60.621055366112451 ], [ 46.215412903582774, 60.621008009612133 ], [ 46.215854646974542, 60.621006941217544 ], [ 46.216670564994722, 60.620915801223418 ], [ 46.216933241675918, 60.620876052088299 ], [ 46.217180809746765, 60.620817302076993 ], [ 46.217407545022354, 60.620741020681734 ], [ 46.217608629834558, 60.620648865353019 ], [ 46.217779227629414, 60.620542939605166 ], [ 46.217915409268869, 60.620425543004544 ], [ 46.218014314908878, 60.620299515610313 ], [ 46.218073457923936, 60.620167618341092 ], [ 46.21935943269181, 60.615742460146564 ], [ 46.219368157914339, 60.615561678428875 ], [ 46.219303343774463, 60.615383754756628 ], [ 46.21916707759874, 60.615215713734365 ], [ 46.218965096162435, 60.61506461144284 ], [ 46.218705557215856, 60.61493636182383 ], [ 46.218399014303259, 60.614836368903475 ], [ 46.218057904149127, 60.614768613081182 ], [ 46.217695992676106, 60.614735836389897 ], [ 46.214576273276577, 60.614610652559755 ], [ 46.21094738111691, 60.614688364776377 ], [ 46.207346207861342, 60.615148910294124 ], [ 46.205608598957838, 60.615692821166917 ], [ 46.20526341667351, 60.615832968816605 ], [ 46.204997786618712, 60.616010090293614 ], [ 46.204828035085939, 60.6162136662279 ], [ 46.204762071612492, 60.616438033588544 ], [ 46.204728250808273, 60.616732648792876 ], [ 46.204631994571059, 60.617219442823178 ], [ 46.204493930650521, 60.617696929769636 ], [ 46.204279070922546, 60.618320943257118 ], [ 46.204245232131939, 60.618418532289567 ], [ 46.204000041868589, 60.61909070896921 ], [ 46.20372254166216, 60.619792810589892 ], [ 46.203560064745375, 60.620145462643158 ], [ 46.203312454406387, 60.620555243230044 ], [ 46.203098098298767, 60.620859528844321 ], [ 46.202826950903216, 60.621198250399118 ], [ 46.201977456694458, 60.622232717166348 ], [ 46.201416284234305, 60.622879803660169 ], [ 46.201072415859478, 60.623287980755897 ], [ 46.200985876796942, 60.623417889624065 ], [ 46.200940419664782, 60.623552701596047 ], [ 46.200937268440327, 60.623689376963334 ], [ 46.200976552625946, 60.623824774393988 ], [ 46.201056950218224, 60.623955648234741 ], [ 46.201177123925277, 60.624078935394706 ], [ 46.201333907234186, 60.624191820096584 ], [ 46.201523749621515, 60.624291752762346 ], [ 46.201983315777561, 60.624499424209205 ], [ 46.2032139723471, 60.624971397412246 ], [ 46.203967758005774, 60.625146927089183 ], [ 46.204417463095631, 60.625311315964602 ], [ 46.204815689192856, 60.625496728291509 ], [ 46.205124981332972, 60.625804128258089 ], [ 46.205563049195511, 60.626094779250828 ], [ 46.205992836100677, 60.626430944033004 ], [ 46.207068361415914, 60.626800969189553 ], [ 46.208434976593082, 60.626849598230535 ], [ 46.20968684007579, 60.626515758195858 ] ], [ [ 46.207703181157051, 60.625923821727156 ], [ 46.207343115992153, 60.625799929323421 ], [ 46.207072570243092, 60.625588340429722 ], [ 46.206690143435537, 60.625334604808344 ], [ 46.206308741855139, 60.6249553939764 ], [ 46.205594724217285, 60.624623106171555 ], [ 46.204913064186712, 60.624373987669564 ], [ 46.20417864992492, 60.624202967193341 ], [ 46.203165402661391, 60.623814335962997 ], [ 46.202759987383672, 60.623631180035098 ], [ 46.203100184725876, 60.623227360154722 ], [ 46.20366459204746, 60.622576528883883 ], [ 46.204523661338037, 60.621530388916483 ], [ 46.20481155680806, 60.6211707401377 ], [ 46.205051718961833, 60.620829818841223 ], [ 46.205327960117415, 60.620372480305882 ], [ 46.205509901061241, 60.619977474680859 ], [ 46.205795317100353, 60.619255433291762 ], [ 46.206043988639344, 60.618573323600167 ], [ 46.20607946239744, 60.618471442103555 ], [ 46.206298462604138, 60.617834901959313 ], [ 46.206445660938634, 60.617325998995852 ], [ 46.206549311401773, 60.616801309333134 ], [ 46.206589683767049, 60.616449760748019 ], [ 46.208084536872036, 60.615981763447799 ], [ 46.211219963830445, 60.615580806109499 ], [ 46.214541663766902, 60.61550971200375 ], [ 46.217547511908322, 60.615630260728103 ], [ 46.216265552613322, 60.620040723101056 ], [ 46.21564528030563, 60.620110025757249 ], [ 46.21523040505928, 60.620111003320268 ], [ 46.214673785866694, 60.62016486911358 ], [ 46.214393853893398, 60.620175807567641 ], [ 46.213439300883174, 60.620130188557546 ], [ 46.212717040958864, 60.620134549370086 ], [ 46.212055139932943, 60.620110515887738 ], [ 46.211777110925084, 60.620146063390273 ], [ 46.211629612216989, 60.620192249872609 ], [ 46.211544949140261, 60.620308989968066 ], [ 46.211554294894931, 60.620440494233598 ], [ 46.211462117083208, 60.621677375011018 ], [ 46.211145518850792, 60.621907046573085 ], [ 46.210688244167329, 60.62204447107564 ], [ 46.209430847156057, 60.622155207297176 ], [ 46.208215783931443, 60.62227569127031 ], [ 46.207304476620486, 60.622313401642309 ], [ 46.206759208670682, 60.622396162652933 ], [ 46.205914182293839, 60.622614500958598 ], [ 46.205309911623317, 60.6229207066255 ], [ 46.205010319570761, 60.623245143348861 ], [ 46.20499839905704, 60.623465566283009 ], [ 46.205091218085379, 60.623618734317283 ], [ 46.205298043270261, 60.62378049807171 ], [ 46.205684270612778, 60.623871987002765 ], [ 46.20633415489749, 60.623984613599198 ], [ 46.207564158559244, 60.624227201224528 ], [ 46.208051562329899, 60.624368169055913 ], [ 46.208369371949111, 60.624664516354521 ], [ 46.208739266703951, 60.625294846679992 ], [ 46.20871797885183, 60.625600628766158 ], [ 46.208407300856436, 60.625835919292399 ], [ 46.208033559701164, 60.625935574966988 ], [ 46.207703181157051, 60.625923821727156 ] ] ] ] } },
{ "type": "Feature", "properties": { "nid": 10946.0, "title": "Мыс Бык", "sig": "regional", "start_date": "1987-04-17", "created_at": "2024-10-10", "updated_at": "2026-06-24", "area": 60.18, "subj_title": "Вологодская область", "federal_ti": "Северо-Западный федеральный округ", "agency_tit": "Министерство природных ресурсов и экологии Вологодской области", "management": null, "category_t": "памятник природы", "status_tit": "действующий" }, "geometry": { "type": "MultiPolygon", "coordinates": [ [ [ [ 45.723485067282184, 60.665397404566747 ], [ 45.722899180552929, 60.664944594117891 ], [ 45.721271600104437, 60.664420381095859 ], [ 45.72013770698976, 60.664268368690429 ], [ 45.718774655825882, 60.664147069931509 ], [ 45.717891455926122, 60.66415908217607 ], [ 45.717066497021392, 60.664203521275681 ], [ 45.715475212311389, 60.66422455731766 ], [ 45.715507635569111, 60.665121847795199 ], [ 45.716107858391126, 60.665113931962523 ], [ 45.71719111068137, 60.665099649829131 ], [ 45.718016822318639, 60.665055112703442 ], [ 45.71863531936463, 60.665046757102338 ], [ 45.719732871774788, 60.665144436966386 ], [ 45.720510199886007, 60.665248585653885 ], [ 45.721566272865346, 60.665588779398817 ], [ 45.722021534866087, 60.665940595082589 ], [ 45.722776325966827, 60.666354860588498 ], [ 45.723050272052596, 60.666513846337125 ], [ 45.723419387994511, 60.666804838172922 ], [ 45.723868022891104, 60.667058959603487 ], [ 45.724508591098747, 60.667278904997644 ], [ 45.725146648399281, 60.667394571302573 ], [ 45.727191885697145, 60.66767801872578 ], [ 45.72933723372654, 60.668196886177491 ], [ 45.730777329810103, 60.668692855091351 ], [ 45.731174037851758, 60.667816644722564 ], [ 45.731207292982333, 60.667740687083203 ], [ 45.730267415109267, 60.667421265878872 ], [ 45.727850254186023, 60.666836678669938 ], [ 45.725712955088959, 60.666540496846594 ], [ 45.725363828378136, 60.666477230440023 ], [ 45.725102083394574, 60.666387345000139 ], [ 45.724896069398248, 60.666270673253102 ], [ 45.724532781063139, 60.665984211302479 ], [ 45.72415643277332, 60.665765899976456 ], [ 45.723485067282184, 60.665397404566747 ] ] ], [ [ [ 45.709575039156896, 60.663688663001544 ], [ 45.708805251861065, 60.663293392975888 ], [ 45.708817050066948, 60.663489410108355 ], [ 45.70803025928921, 60.664194346392136 ], [ 45.708259838221117, 60.664312277189978 ], [ 45.708884595447898, 60.664626138785415 ], [ 45.710909138446134, 60.665309253019757 ], [ 45.710918209008298, 60.665088641227946 ], [ 45.711046925375449, 60.664985471002858 ], [ 45.71167786993788, 60.664479694082772 ], [ 45.710068099663253, 60.663936342588315 ], [ 45.709575039156896, 60.663688663001544 ] ] ], [ [ [ 45.708823358811109, 60.662768964116587 ], [ 45.708743788595143, 60.662509087024887 ], [ 45.708217683399539, 60.662328379051637 ], [ 45.706330427307535, 60.661927403726843 ], [ 45.706161870973744, 60.661266091756879 ], [ 45.706265516040901, 60.661091068398264 ], [ 45.706756483824847, 60.661297488888167 ], [ 45.707231386119751, 60.66162692404351 ], [ 45.70763621144215, 60.661990982198233 ], [ 45.708200641246769, 60.662189941013125 ], [ 45.708821865037237, 60.662243717773542 ], [ 45.709207648114621, 60.662245136903707 ], [ 45.710254640639334, 60.662140659064335 ], [ 45.709547536989412, 60.662094274731153 ], [ 45.708284756636374, 60.661802360190954 ], [ 45.707269262866369, 60.661275646154309 ], [ 45.705703803088227, 60.660237029015818 ], [ 45.705278312244502, 60.660336470651764 ], [ 45.70491358769209, 60.660488433594487 ], [ 45.704638755774113, 60.660683960596486 ], [ 45.704466440274189, 60.660907864806298 ], [ 45.704339745582949, 60.661190346357564 ], [ 45.704443306113831, 60.661789480100587 ], [ 45.704796636255928, 60.662345710786092 ], [ 45.705252462131568, 60.662643095002977 ], [ 45.706383845238413, 60.662601199186156 ], [ 45.708187794431346, 60.662891683804318 ], [ 45.708718041904255, 60.663095784043364 ], [ 45.708823358811109, 60.662768964116587 ] ] ] ] } },
{ "type": "Feature", "properties": { "nid": 10326.0, "title": "Урочище Цветные кремни", "sig": "regional", "start_date": "1985-08-05", "created_at": "2024-10-10", "updated_at": "2026-06-24", "area": 86.44, "subj_title": "Вологодская область", "federal_ti": "Северо-Западный федеральный округ", "agency_tit": null, "management": null, "category_t": "памятник природы", "status_tit": "действующий" }, "geometry": { "type": "MultiPolygon", "coordinates": [ [ [ [ 45.839908739896593, 60.669655294256586 ], [ 45.8437260121459, 60.669270843075132 ], [ 45.848973773021385, 60.669122038551386 ], [ 45.85732168404865, 60.669362884189916 ], [ 45.86131764799125, 60.669473365903272 ], [ 45.865497461238981, 60.669569355941185 ], [ 45.870442765721229, 60.669710450576986 ], [ 45.870767778010702, 60.669409154309164 ], [ 45.870852298095258, 60.669230505783382 ], [ 45.870861251745573, 60.669047127722934 ], [ 45.870456253753275, 60.668297496032771 ], [ 45.870319181784957, 60.66813090561697 ], [ 45.868816266257845, 60.667202872714583 ], [ 45.868488673813431, 60.667051711067742 ], [ 45.868298915962384, 60.666992093210681 ], [ 45.867551861729218, 60.666836259585857 ], [ 45.866969624448757, 60.666492011697116 ], [ 45.866398281555632, 60.665795975104331 ], [ 45.86627278206339, 60.665688060056091 ], [ 45.864859114356818, 60.664785316089642 ], [ 45.864671212706469, 60.664501544910522 ], [ 45.864562830910074, 60.664373533611872 ], [ 45.864415884385721, 60.664255235890593 ], [ 45.864233416439156, 60.664149493604441 ], [ 45.864019917385463, 60.664058777190959 ], [ 45.863780597896437, 60.663985278298128 ], [ 45.863521017581036, 60.663930737114001 ], [ 45.863247263050937, 60.663896439669145 ], [ 45.858257893587108, 60.663841056719534 ], [ 45.851424089250479, 60.663600474582374 ], [ 45.843707871021593, 60.663510699759172 ], [ 45.840573897367619, 60.663721171694867 ], [ 45.838144034419827, 60.663925518348158 ], [ 45.83304448361622, 60.66478642855099 ], [ 45.830274756075312, 60.665390084984608 ], [ 45.828191053874207, 60.665924036765034 ], [ 45.827312582609743, 60.666347103935898 ], [ 45.827032775642238, 60.666519775567338 ], [ 45.826847382201102, 60.666720809118203 ], [ 45.826767438766467, 60.666937891070958 ], [ 45.826797923985161, 60.667158048705161 ], [ 45.826936843160922, 60.667367838055434 ], [ 45.827176016959754, 60.667554681203733 ], [ 45.827500911438051, 60.667707225108515 ], [ 45.827891772087746, 60.667816323664574 ], [ 45.829041263943338, 60.668031455887167 ], [ 45.829430389800791, 60.668050448669419 ], [ 45.829818622631471, 60.668028518701348 ], [ 45.830188432850029, 60.667966462782211 ], [ 45.830587987245956, 60.667874947770777 ], [ 45.831174955859694, 60.667817992806313 ], [ 45.831487400123592, 60.66775333964506 ], [ 45.831905245830562, 60.667707962552569 ], [ 45.832436238841531, 60.667577576144353 ], [ 45.832589408674437, 60.667523779598909 ], [ 45.832847901709435, 60.667542398263251 ], [ 45.83318371036011, 60.66754097733439 ], [ 45.833627024867496, 60.667501363996912 ], [ 45.833556856164137, 60.667907747844481 ], [ 45.833561540732653, 60.668678108008464 ], [ 45.834043455041574, 60.669423697245982 ], [ 45.835332250982788, 60.670271769626645 ], [ 45.835918307683919, 60.670466309172973 ], [ 45.839908739896593, 60.669655294256586 ] ], [ [ 45.836613518699096, 60.669613562116339 ], [ 45.835693879169355, 60.669008437989184 ], [ 45.83538973384929, 60.66853787582248 ], [ 45.835386015152658, 60.667944333164598 ], [ 45.835509236662112, 60.667231088943765 ], [ 45.83534652412294, 60.666769940880215 ], [ 45.835040512709668, 60.666582407951928 ], [ 45.83407118923418, 60.666541258572408 ], [ 45.833000560727434, 60.666648099830127 ], [ 45.832150115935292, 60.666574112605346 ], [ 45.831363003200174, 60.666850923031859 ], [ 45.83093948456974, 60.666891415906264 ], [ 45.830560756673776, 60.666972678646346 ], [ 45.830079312710268, 60.667000977613199 ], [ 45.8294158252803, 60.667153086246117 ], [ 45.828593578730811, 60.666987611888935 ], [ 45.829278372898784, 60.666657850279748 ], [ 45.831070021164692, 60.666198751771155 ], [ 45.83371449203036, 60.665622400553495 ], [ 45.838598847658886, 60.664797733928417 ], [ 45.840852305889371, 60.664608274652316 ], [ 45.843810871274862, 60.66440954516456 ], [ 45.851336983615056, 60.664497122944049 ], [ 45.858175744115435, 60.664737930811029 ], [ 45.862932973378179, 60.664780514609205 ], [ 45.863217535960693, 60.665210368064216 ], [ 45.864750844076354, 60.666185736782495 ], [ 45.865378061848212, 60.666956271414968 ], [ 45.866438676403959, 60.667583237376682 ], [ 45.867409154608985, 60.667776104184036 ], [ 45.868700061259005, 60.668548352024978 ], [ 45.86903781874053, 60.6691176048937 ], [ 45.868697545855241, 60.669390505067895 ], [ 45.849847423020321, 60.668856761930201 ], [ 45.844684710131446, 60.668940150667581 ], [ 45.840275228019543, 60.669309063362739 ], [ 45.837403700820289, 60.669875876370781 ], [ 45.836613518699096, 60.669613562116339 ] ] ] ] } },
{ "type": "Feature", "properties": { "nid": 13483.0, "title": "Одомченский бор - урочище", "sig": "regional", "start_date": "1978-08-16", "created_at": "2024-10-10", "updated_at": "2026-06-24", "area": 384.03, "subj_title": "Вологодская область", "federal_ti": "Северо-Западный федеральный округ", "agency_tit": "Министерство природных ресурсов и экологии Вологодской области", "management": null, "category_t": "памятник природы", "status_tit": "действующий" }, "geometry": { "type": "MultiPolygon", "coordinates": [ [ [ [ 46.122363232377438, 60.727412823643064 ], [ 46.122410105042491, 60.727397345411291 ], [ 46.122513556755386, 60.727461548911549 ], [ 46.148287015033873, 60.72294807909077 ], [ 46.15297858659266, 60.722151956048094 ], [ 46.153032472171041, 60.722143272194444 ], [ 46.152456896168978, 60.721291276071717 ], [ 46.152390829273536, 60.721301986997283 ], [ 46.147678692917502, 60.722101554443327 ], [ 46.123136358856009, 60.726399570084261 ], [ 46.122845628722928, 60.726219195759427 ], [ 46.122589985639479, 60.726189814908189 ], [ 46.122221783408747, 60.726235442911502 ], [ 46.121978237106134, 60.726457791294195 ], [ 46.121815672955108, 60.726511442149487 ], [ 46.121570426933829, 60.726454254260602 ], [ 46.121247492078275, 60.726475048384934 ], [ 46.120948900971143, 60.72678109397247 ], [ 46.117666645299614, 60.727356624109063 ], [ 46.118930965292002, 60.727449924274751 ], [ 46.120071240895243, 60.727612620626125 ], [ 46.120823290862347, 60.727726918162887 ], [ 46.122276823716611, 60.727501396072725 ], [ 46.122363232377438, 60.727412823643064 ] ] ], [ [ [ 46.14775134105173, 60.717034767740522 ], [ 46.145745147820492, 60.71600098985396 ], [ 46.14512350584527, 60.716290507700926 ], [ 46.144545648263204, 60.71599272598371 ], [ 46.144269353148275, 60.715871343587814 ], [ 46.14394889592495, 60.715779567772984 ], [ 46.14359711081817, 60.715721301596929 ], [ 46.143221971217145, 60.715698605406487 ], [ 46.142525066778603, 60.715702059702423 ], [ 46.14239010012318, 60.715549933982452 ], [ 46.140273918906409, 60.714515275659608 ], [ 46.139741577811719, 60.714267499845377 ], [ 46.13936569806868, 60.71413258175339 ], [ 46.138932631336047, 60.71404849514208 ], [ 46.138470347428779, 60.714020737567175 ], [ 46.138008638188289, 60.714050881942796 ], [ 46.1368575752171, 60.714201128079765 ], [ 46.136820456598961, 60.71419947962243 ], [ 46.133683843434767, 60.713670797869213 ], [ 46.135842864756562, 60.712649402747886 ], [ 46.13609676855117, 60.712507746035847 ], [ 46.136285172023236, 60.712343315791529 ], [ 46.13639933196378, 60.712163292202312 ], [ 46.136434143820843, 60.711975520054352 ], [ 46.13682182087053, 60.711941100301701 ], [ 46.137185413176432, 60.711866931413901 ], [ 46.137508285079434, 60.7117563381846 ], [ 46.137775369337987, 60.711614546574246 ], [ 46.137933632930981, 60.711489560594934 ], [ 46.138048045580994, 60.711353611879879 ], [ 46.13811569977986, 60.711210347179922 ], [ 46.138134564858433, 60.711060106438921 ], [ 46.138316723438209, 60.710991651843415 ], [ 46.138475616556605, 60.710910656201968 ], [ 46.138784037253679, 60.710657275812807 ], [ 46.138908251614673, 60.7103686545899 ], [ 46.138834634011339, 60.710075796660867 ], [ 46.138571136249084, 60.709810469677628 ], [ 46.137295441631458, 60.708931010957535 ], [ 46.136370739817941, 60.707906238882003 ], [ 46.136071271871856, 60.70767670131886 ], [ 46.135645224347797, 60.707501748107347 ], [ 46.131201789231334, 60.706181331103707 ], [ 46.13127742671201, 60.706015264992615 ], [ 46.131288953322716, 60.705845198697133 ], [ 46.13123482492739, 60.705677041662284 ], [ 46.131116789808168, 60.705516913774701 ], [ 46.130938992041024, 60.705370514937506 ], [ 46.130708154957567, 60.70524321230458 ], [ 46.130432315798885, 60.705139667961475 ], [ 46.130121392288572, 60.705063397358053 ], [ 46.124357985332949, 60.703971740003965 ], [ 46.121430898917026, 60.703440682241862 ], [ 46.118261321103255, 60.703171497167041 ], [ 46.117262575407722, 60.703210280430255 ], [ 46.117407182795432, 60.704104866646432 ], [ 46.118175893602768, 60.704075024442993 ], [ 46.120952723989205, 60.704310850065831 ], [ 46.123710000416345, 60.704811116839707 ], [ 46.12946136365116, 60.705900518694129 ], [ 46.129112747755244, 60.706491223990952 ], [ 46.129400811398511, 60.706695612912355 ], [ 46.134695834345443, 60.70826914770317 ], [ 46.135695427202386, 60.709376944290725 ], [ 46.13707848468448, 60.710330437000195 ], [ 46.136754453555341, 60.710517763084439 ], [ 46.136522539983382, 60.710730565163601 ], [ 46.136455607940142, 60.710982357350069 ], [ 46.136303654889893, 60.711080389748346 ], [ 46.135674037726794, 60.711088916220646 ], [ 46.135441113316915, 60.71105360523984 ], [ 46.133305459079843, 60.710210807383021 ], [ 46.133680285716764, 60.71003093667855 ], [ 46.13365468741403, 60.709855093138216 ], [ 46.13342001112477, 60.70969337614855 ], [ 46.133172423268881, 60.70963358112504 ], [ 46.132806767918161, 60.70960521021243 ], [ 46.132347410404861, 60.709620727115016 ], [ 46.131791999001734, 60.709733335725041 ], [ 46.13039881875067, 60.709179476551746 ], [ 46.127720015366599, 60.708277245198865 ], [ 46.12714465070524, 60.708087305684771 ], [ 46.127031572649109, 60.708192293439772 ], [ 46.127117641366226, 60.708511771301346 ], [ 46.129111395174903, 60.709251645347308 ], [ 46.129226214318521, 60.709393428863848 ], [ 46.129122257186559, 60.709673549694728 ], [ 46.12939056632171, 60.710006537172134 ], [ 46.134602946968577, 60.711988596196925 ], [ 46.131597312865829, 60.713410416257879 ], [ 46.132135707297202, 60.714358876361239 ], [ 46.136432814622879, 60.715083130981895 ], [ 46.137013711014106, 60.715109453238824 ], [ 46.138480077193947, 60.714918093695232 ], [ 46.138996081204361, 60.715158253150989 ], [ 46.14084929975553, 60.716064410943986 ], [ 46.141234806741124, 60.716498957960702 ], [ 46.141620187821552, 60.716643664273882 ], [ 46.1423664929195, 60.716600340333628 ], [ 46.143189497597398, 60.716596234029161 ], [ 46.146076376223959, 60.718083863779434 ], [ 46.146124642838167, 60.718287767966274 ], [ 46.145893900183516, 60.718532642567602 ], [ 46.145917100893648, 60.718748312584736 ], [ 46.146809115948081, 60.719591264225649 ], [ 46.147121138429945, 60.719722081409095 ], [ 46.148150630147654, 60.71965709280078 ], [ 46.1484142043522, 60.719592079910726 ], [ 46.148844420233956, 60.719441021685952 ], [ 46.148941540719697, 60.7190790436631 ], [ 46.148920251968207, 60.718331021759404 ], [ 46.148748738663521, 60.717948552683694 ], [ 46.148548849949627, 60.717754913358753 ], [ 46.147980095305343, 60.717629493906202 ], [ 46.147572063000489, 60.717457102863179 ], [ 46.147225734080507, 60.717256363390618 ], [ 46.147209456351497, 60.71704983228409 ], [ 46.14775134105173, 60.717034767740522 ] ] ], [ [ [ 46.115563718291128, 60.706276858890071 ], [ 46.114719904200399, 60.706141349943479 ], [ 46.114580131568005, 60.706080250903028 ], [ 46.114596747442135, 60.706015710157097 ], [ 46.114729514355759, 60.70597925343997 ], [ 46.11507223969226, 60.705966047795016 ], [ 46.115136941416885, 60.705907498332564 ], [ 46.115132578805621, 60.705853324971145 ], [ 46.114861756964665, 60.705728617781624 ], [ 46.114432722792117, 60.705664780305526 ], [ 46.113579728421875, 60.70559181830793 ], [ 46.113108872176895, 60.705652564814159 ], [ 46.112850573395399, 60.705735697244783 ], [ 46.112686219593506, 60.705753502921993 ], [ 46.112663417283038, 60.705776057918897 ], [ 46.112204634436516, 60.706230627441705 ], [ 46.109384259775936, 60.705979071776945 ], [ 46.109284597806095, 60.70610644995287 ], [ 46.110929392177859, 60.706437483203423 ], [ 46.120183598594394, 60.708419116848923 ], [ 46.120457988045871, 60.708130498324017 ], [ 46.120340785698879, 60.707519676092367 ], [ 46.119849395233587, 60.707209602441367 ], [ 46.119100449726147, 60.707011581619376 ], [ 46.117585930246655, 60.706816954838743 ], [ 46.115563718291128, 60.706276858890071 ] ] ], [ [ [ 46.114842844222039, 60.727541942007178 ], [ 46.114856816988656, 60.727368493361432 ], [ 46.11520427995373, 60.726785979089804 ], [ 46.11590066368484, 60.726594249924865 ], [ 46.117279256032987, 60.726528383578227 ], [ 46.118097037448472, 60.726437576333218 ], [ 46.11839941739936, 60.726388654113286 ], [ 46.11852417944749, 60.72620031988901 ], [ 46.118413127563933, 60.726080648903007 ], [ 46.118018701102358, 60.726019527379421 ], [ 46.117150672765483, 60.725934403849806 ], [ 46.116367129439659, 60.725906997909803 ], [ 46.114952003931982, 60.726143188657367 ], [ 46.113990044105435, 60.726409174843681 ], [ 46.113750908078089, 60.72657662141409 ], [ 46.113645942806158, 60.726981667969774 ], [ 46.113345503592257, 60.727011481394918 ], [ 46.11242114082313, 60.72696853966653 ], [ 46.111505886387697, 60.726935114564071 ], [ 46.111017848594997, 60.727057338725388 ], [ 46.110509711853865, 60.72741559805155 ], [ 46.109477069811078, 60.726590187687165 ], [ 46.108634350195238, 60.725449862621247 ], [ 46.107636306870234, 60.723667500754729 ], [ 46.107605527573185, 60.722167699579806 ], [ 46.107883579064094, 60.720887098261137 ], [ 46.108849956360586, 60.718634596909283 ], [ 46.1089583282644, 60.716575369757656 ], [ 46.108733495054928, 60.715124106792246 ], [ 46.108262906807852, 60.714394667579988 ], [ 46.107469696669341, 60.713886428316187 ], [ 46.106790318218764, 60.713581553645952 ], [ 46.105923296223288, 60.712800442086916 ], [ 46.105528883251509, 60.712384003818883 ], [ 46.105090955683238, 60.712214749611171 ], [ 46.104723971134547, 60.712175067925202 ], [ 46.104307642583812, 60.712185747374505 ], [ 46.104265859182249, 60.712002631016773 ], [ 46.104183189902471, 60.711640895810874 ], [ 46.104573678232839, 60.711593585175983 ], [ 46.104963946229297, 60.711604165699832 ], [ 46.105862430107202, 60.711638177160282 ], [ 46.105996603560577, 60.711481282335455 ], [ 46.105933247221742, 60.711341917995306 ], [ 46.105523070933145, 60.711211741129077 ], [ 46.10480164917692, 60.711118599244102 ], [ 46.104278134028846, 60.711121929433645 ], [ 46.104064733001167, 60.710966762206446 ], [ 46.104136204822161, 60.710603278718501 ], [ 46.104727410142004, 60.710524203129637 ], [ 46.105207086937696, 60.710016025919003 ], [ 46.105521850553139, 60.708749647378511 ], [ 46.106215674813704, 60.708256431289428 ], [ 46.106504634181711, 60.707711097689184 ], [ 46.10669381286931, 60.707552551709057 ], [ 46.107086459572592, 60.707329233857259 ], [ 46.107151209860604, 60.707102474299916 ], [ 46.106999564378548, 60.70700820736306 ], [ 46.106623726004329, 60.706909908765454 ], [ 46.106121868329744, 60.706848491364958 ], [ 46.105641818315405, 60.70675418395858 ], [ 46.105340405135735, 60.706658748802397 ], [ 46.105279542616984, 60.706639513203129 ], [ 46.104744139330698, 60.707056070181636 ], [ 46.104795824268024, 60.707365319154341 ], [ 46.104524445746726, 60.707877536119554 ], [ 46.104014139840835, 60.708240324431593 ], [ 46.103806840713268, 60.708434845092199 ], [ 46.103701968970881, 60.708648962879508 ], [ 46.103423047835577, 60.709768426371966 ], [ 46.103012173673051, 60.709894773924859 ], [ 46.102670949305036, 60.71006495803158 ], [ 46.102432184697705, 60.710274396646241 ], [ 46.102315280925659, 60.710507233821936 ], [ 46.102227429752247, 60.710953389287674 ], [ 46.102280886353974, 60.711169934345143 ], [ 46.102433960858775, 60.711375077797747 ], [ 46.102359868413373, 60.711556135607339 ], [ 46.102363104174053, 60.711740720557998 ], [ 46.10244575276942, 60.71210245666321 ], [ 46.102487538869006, 60.712285305022988 ], [ 46.10266645719139, 60.712583989659549 ], [ 46.103042818971062, 60.712834809678895 ], [ 46.103568555444667, 60.713006814013397 ], [ 46.104176247136252, 60.713087783574515 ], [ 46.104286433871998, 60.713204136961501 ], [ 46.105181246717329, 60.714010334209718 ], [ 46.10534752057179, 60.71413438219615 ], [ 46.105553131671847, 60.714243325169491 ], [ 46.106113087349279, 60.714494587655288 ], [ 46.10661315717163, 60.714814948651096 ], [ 46.106923205641579, 60.715295551748518 ], [ 46.107124776087687, 60.716597832124421 ], [ 46.10702309334124, 60.718529849273288 ], [ 46.106071740118857, 60.720746954208721 ], [ 46.105772583338187, 60.72212462744978 ], [ 46.105806712609876, 60.723792768221863 ], [ 46.106886599637043, 60.725721708789983 ], [ 46.107817387162861, 60.726981298348377 ], [ 46.108789306981123, 60.727758225361974 ], [ 46.109947380167618, 60.727788712379322 ], [ 46.111010016399284, 60.727793478786175 ], [ 46.111979023313438, 60.727744365010608 ], [ 46.113018664779702, 60.727701745239528 ], [ 46.114477896637766, 60.727571516212656 ], [ 46.114842844222039, 60.727541942007178 ] ] ] ] } },
{ "type": "Feature", "properties": { "nid": 32132.0, "title": "Геологическое обнажение Мяколица", "sig": "regional", "start_date": "1985-08-05", "created_at": "2024-10-10", "updated_at": "2026-06-24", "area": 143.98, "subj_title": "Вологодская область", "federal_ti": "Северо-Западный федеральный округ", "agency_tit": null, "management": null, "category_t": "памятник природы", "status_tit": "действующий" }, "geometry": { "type": "MultiPolygon", "coordinates": [ [ [ [ 45.938172028316608, 60.688135373948512 ], [ 45.939196014384713, 60.688092538340115 ], [ 45.941521566767051, 60.687813755700446 ], [ 45.944935424730261, 60.687110438196328 ], [ 45.947854604306713, 60.686328177303707 ], [ 45.950910567169103, 60.684969320577849 ], [ 45.952288503911518, 60.684347761340291 ], [ 45.954491356391145, 60.68304289541345 ], [ 45.955749660818356, 60.681998250119307 ], [ 45.956958742652034, 60.680955636393648 ], [ 45.958199191939343, 60.679941583337559 ], [ 45.959034023601475, 60.678843637923713 ], [ 45.960246805246015, 60.677685698736184 ], [ 45.960375654712834, 60.677527259775388 ], [ 45.960440971573739, 60.677359705286342 ], [ 45.960440459859505, 60.677189074216585 ], [ 45.960374024242014, 60.677021560197034 ], [ 45.960244309627342, 60.676863239946726 ], [ 45.960055782048869, 60.676719899703741 ], [ 45.959815430138171, 60.676596583765487 ], [ 45.959531867601754, 60.676497777950246 ], [ 45.951603767300185, 60.674259905870137 ], [ 45.950691212629515, 60.675037718715934 ], [ 45.958619443332793, 60.677275643856028 ], [ 45.957357428302828, 60.678480492580839 ], [ 45.956543663259588, 60.679550648044142 ], [ 45.955378809184879, 60.680502854723159 ], [ 45.954166515872203, 60.681548181703413 ], [ 45.952989609982687, 60.68252526632812 ], [ 45.950958206955875, 60.683728499870526 ], [ 45.949676491377147, 60.684306674013961 ], [ 45.946786289755607, 60.685591786332047 ], [ 45.944140200110326, 60.686300899966739 ], [ 45.940946309125025, 60.686958920418007 ], [ 45.938899253397999, 60.687204286948429 ], [ 45.937911473136126, 60.687245579320162 ], [ 45.934892190022708, 60.687546100372394 ], [ 45.931701005097466, 60.687429141741674 ], [ 45.92900836744235, 60.687202856127101 ], [ 45.925455681134956, 60.686904831592862 ], [ 45.921391916403991, 60.686230552298305 ], [ 45.917829265608297, 60.685408854335307 ], [ 45.916067268889492, 60.684660004156065 ], [ 45.913219380370258, 60.683675969570501 ], [ 45.911608870852895, 60.682782352823487 ], [ 45.91183043322809, 60.682702547884453 ], [ 45.911862851089886, 60.682603482165121 ], [ 45.911763038933259, 60.682407022566203 ], [ 45.911566830245192, 60.682094855293471 ], [ 45.911479631080276, 60.681763626890017 ], [ 45.91147508230938, 60.681655960054691 ], [ 45.911507121556554, 60.681547921799336 ], [ 45.91152086679471, 60.681440068804299 ], [ 45.911715273241434, 60.681276525291594 ], [ 45.911913848045792, 60.681211674279496 ], [ 45.913118639214012, 60.680705738179419 ], [ 45.913836698405078, 60.68037529308549 ], [ 45.913886260942377, 60.680249122699017 ], [ 45.913751068557126, 60.679649103123779 ], [ 45.913801010608324, 60.67953190617272 ], [ 45.914066286330232, 60.679313779207675 ], [ 45.914408523334821, 60.679184629367342 ], [ 45.914733927728776, 60.679098825050907 ], [ 45.91520724541823, 60.67898395644459 ], [ 45.913042502609585, 60.678567875207406 ], [ 45.91267396942834, 60.678706983240822 ], [ 45.912072840089657, 60.679201214664481 ], [ 45.911900513797825, 60.679605452729604 ], [ 45.911988362273284, 60.679995378084413 ], [ 45.91189698395879, 60.680037326961212 ], [ 45.910807826719974, 60.680494774314518 ], [ 45.910701134749729, 60.680529517823182 ], [ 45.91053462617225, 60.680590899250767 ], [ 45.910383497800353, 60.680661191161221 ], [ 45.910249541083601, 60.68073938631381 ], [ 45.910134541176312, 60.680824479266455 ], [ 45.909940132930956, 60.680988111812098 ], [ 45.90984168144859, 60.681083718738819 ], [ 45.909770301358492, 60.681179051372268 ], [ 45.909720224409007, 60.681280449933013 ], [ 45.909694767299818, 60.681384112087244 ], [ 45.90968568684513, 60.681455205293666 ], [ 45.909642575144915, 60.681600247053943 ], [ 45.909652291420279, 60.681830564329225 ], [ 45.909772160257141, 60.6822858685981 ], [ 45.909794925695451, 60.682322260564028 ], [ 45.909712483044814, 60.682420039353467 ], [ 45.909654007326758, 60.682521972111459 ], [ 45.909620350199184, 60.682626524594589 ], [ 45.909612181657046, 60.682732256088904 ], [ 45.909632032392551, 60.6828470383603 ], [ 45.909681809867777, 60.682959720714734 ], [ 45.909760695699731, 60.683068249100572 ], [ 45.909867160141509, 60.683171021825373 ], [ 45.911990244554318, 60.684349017693187 ], [ 45.914938278878651, 60.685367693264595 ], [ 45.916821639107525, 60.686168188811038 ], [ 45.920706927083188, 60.687064257109967 ], [ 45.925005287164417, 60.687777531008393 ], [ 45.928699888289366, 60.688087393318696 ], [ 45.931477661165282, 60.688320886100179 ], [ 45.935008118030396, 60.688450231093427 ], [ 45.938172028316608, 60.688135373948512 ] ] ] ] } },
{ "type": "Feature", "properties": { "nid": 32145.0, "title": "Старинный парк Спирино", "sig": "regional", "start_date": "1988-08-09", "created_at": "2024-10-10", "updated_at": "2026-06-24", "area": 0.55, "subj_title": "Вологодская область", "federal_ti": "Северо-Западный федеральный округ", "agency_tit": null, "management": null, "category_t": "памятник природы", "status_tit": "действующий" }, "geometry": { "type": "MultiPolygon", "coordinates": [ [ [ [ 46.270091791003495, 60.599454409593463 ], [ 46.270173371204287, 60.599450253826326 ], [ 46.270252312794177, 60.599438981723765 ], [ 46.270325681285328, 60.599420925135746 ], [ 46.270391261647539, 60.599396689305919 ], [ 46.270447194982239, 60.599367153771304 ], [ 46.270491259064499, 60.599333108136577 ], [ 46.270522129193061, 60.599295704433352 ], [ 46.270539026555007, 60.599256191819947 ], [ 46.270770745873385, 60.598285767574289 ], [ 46.268633587969873, 60.598358743061738 ], [ 46.268319935916459, 60.599197867187954 ], [ 46.268312687380785, 60.59924716532457 ], [ 46.268327725844017, 60.599296048873725 ], [ 46.268364053058747, 60.599342085169262 ], [ 46.268419928836806, 60.599383103247753 ], [ 46.26849287374727, 60.599417192949247 ], [ 46.268579126825379, 60.599442524153339 ], [ 46.268674535001935, 60.599457979902013 ], [ 46.268774562096553, 60.599462797570197 ], [ 46.270091791003495, 60.599454409593463 ] ], [ [ 46.269046980234123, 60.598493932748958 ], [ 46.270249779403969, 60.598543869404224 ], [ 46.270085887853604, 60.599230043132145 ], [ 46.268768668839186, 60.599238431108859 ], [ 46.269046980234123, 60.598493932748958 ] ] ] ] } },
{ "type": "Feature", "properties": { "nid": 32133.0, "title": "Опоки (Линзы - места предполагаемых палеонтологических находок)", "sig": "regional", "start_date": "1963-01-29", "created_at": "2024-10-10", "updated_at": "2026-06-24", "area": 679.69, "subj_title": "Вологодская область", "federal_ti": "Северо-Западный федеральный округ", "agency_tit": "Департамент природных ресурсов и охраны окружающей среды Вологодской области", "management": null, "category_t": "памятник природы", "status_tit": "действующий" }, "geometry": { "type": "MultiPolygon", "coordinates": [ [ [ [ 45.543837102400516, 60.59367550282235 ], [ 45.540238922988067, 60.59201496491886 ], [ 45.538990217025059, 60.592669367397548 ], [ 45.542668011619583, 60.594366685774105 ], [ 45.546224934633187, 60.595652826916591 ], [ 45.551263189444796, 60.597559674739387 ], [ 45.553513775240674, 60.598178189771829 ], [ 45.555984495288385, 60.598694038199483 ], [ 45.558924451902101, 60.599193555838099 ], [ 45.561417844757898, 60.599559420730827 ], [ 45.568373223045967, 60.600490015801768 ], [ 45.573787542860998, 60.60117212189607 ], [ 45.578133417723222, 60.601669967695045 ], [ 45.584347113428692, 60.602572136095375 ], [ 45.587228569143292, 60.603157833967032 ], [ 45.590023162039472, 60.603968445987164 ], [ 45.592639232314866, 60.604945453270204 ], [ 45.595316386342347, 60.60603367971072 ], [ 45.598042426616871, 60.607430320553021 ], [ 45.599736975980818, 60.608228342963798 ], [ 45.599954200925822, 60.608035458170036 ], [ 45.600018080670054, 60.607719822212175 ], [ 45.600124242040295, 60.607193824935223 ], [ 45.600133213677054, 60.607172123394946 ], [ 45.599333139013311, 60.606795320947469 ], [ 45.596560687425949, 60.605375014445542 ], [ 45.593773471668555, 60.604241985579336 ], [ 45.591042491418023, 60.603222094124533 ], [ 45.588045054635757, 60.602352670939183 ], [ 45.584955839340694, 60.601724797561531 ], [ 45.578599424823778, 60.600801855721215 ], [ 45.574221231924469, 60.600300323601232 ], [ 45.568839304790231, 60.599622297731003 ], [ 45.561918561192783, 60.598696311685615 ], [ 45.559483724994095, 60.598339081183838 ], [ 45.556639991342706, 60.597855904226776 ], [ 45.554317951712278, 60.597371085107682 ], [ 45.552270273654358, 60.596808328042073 ], [ 45.547322193864318, 60.594935580712672 ], [ 45.543837102400516, 60.59367550282235 ] ] ], [ [ [ 45.512223628417871, 60.589981219158119 ], [ 45.508801039836271, 60.589250778101075 ], [ 45.505577867824513, 60.588687026385344 ], [ 45.503714596651491, 60.5885133663989 ], [ 45.501359199367698, 60.588419833308819 ], [ 45.499595243925512, 60.588451755644201 ], [ 45.498277913395157, 60.588661795005976 ], [ 45.497104272944, 60.58907472681733 ], [ 45.49632705275144, 60.589690831666701 ], [ 45.495893843026579, 60.590521077685764 ], [ 45.495914251341787, 60.591918240134817 ], [ 45.49636729741303, 60.593543638828066 ], [ 45.497093158222867, 60.595833087027529 ], [ 45.497275235863583, 60.597874888915157 ], [ 45.496943838387608, 60.598974668046651 ], [ 45.496150591376875, 60.600299049261878 ], [ 45.495130723304385, 60.601273187707591 ], [ 45.493647003806359, 60.602199788889322 ], [ 45.492102991060335, 60.602920811346507 ], [ 45.49022030712166, 60.603530386218495 ], [ 45.487593855971852, 60.60395325284054 ], [ 45.484807512556813, 60.60402597471915 ], [ 45.481882957732466, 60.603895948939055 ], [ 45.479670257676389, 60.603519204947531 ], [ 45.477317379393696, 60.602689508414244 ], [ 45.475837249089921, 60.601727267999195 ], [ 45.474738264959115, 60.600531979067739 ], [ 45.47401530356359, 60.599122979741878 ], [ 45.473626275732215, 60.597497697960534 ], [ 45.473677153977633, 60.596383850734298 ], [ 45.473639914850366, 60.59498375739463 ], [ 45.473462475013378, 60.594080883026493 ], [ 45.473133809677734, 60.59348062872823 ], [ 45.472246191408772, 60.592964559067298 ], [ 45.470814209008722, 60.592576542973234 ], [ 45.469005378295719, 60.592380123843782 ], [ 45.463770439054713, 60.592475317082403 ], [ 45.463587579903049, 60.590853175733628 ], [ 45.461766502222474, 60.590910030873374 ], [ 45.461944186675055, 60.592487780786598 ], [ 45.461986962028845, 60.592665113604255 ], [ 45.462098512136777, 60.592834975753703 ], [ 45.462276454694802, 60.592990563863623 ], [ 45.462513320833239, 60.59312582369796 ], [ 45.462800015708353, 60.593235343136769 ], [ 45.463124919179847, 60.593314801836812 ], [ 45.463475528872721, 60.593360964936778 ], [ 45.463837745215926, 60.593372133617265 ], [ 45.468839714181627, 60.593281231943479 ], [ 45.470164013558531, 60.593424979579311 ], [ 45.471070559858617, 60.593670681556887 ], [ 45.471477530064135, 60.593907344448553 ], [ 45.471660803803218, 60.594241852679545 ], [ 45.471816207552081, 60.595032866673648 ], [ 45.471851848584095, 60.596379658994238 ], [ 45.471798774194212, 60.597540281758768 ], [ 45.472216513781234, 60.59928591081632 ], [ 45.473008208562135, 60.600828897435861 ], [ 45.474258056664155, 60.602188486209855 ], [ 45.476028537587126, 60.603339461946803 ], [ 45.478822035108976, 60.604324540645223 ], [ 45.481496377855706, 60.604779852108663 ], [ 45.484773454331616, 60.604925554870647 ], [ 45.487932212401859, 60.604843132904421 ], [ 45.49102046272435, 60.604345925624159 ], [ 45.493242457273766, 60.603626422121863 ], [ 45.494999716363964, 60.602805868995802 ], [ 45.496673453617177, 60.601760597773534 ], [ 45.497852569140946, 60.600634172629157 ], [ 45.498730677978585, 60.599168175171314 ], [ 45.499106257348046, 60.597921417139844 ], [ 45.49891187158579, 60.5957439947897 ], [ 45.498173002981844, 60.593413541102223 ], [ 45.497738033283781, 60.591853810005489 ], [ 45.497720105298811, 60.590631204166925 ], [ 45.498024898130723, 60.590047162846474 ], [ 45.498462361648819, 60.589700298829882 ], [ 45.49910951559184, 60.589472666930192 ], [ 45.499916132823444, 60.589343975744043 ], [ 45.501319202919035, 60.589318656231171 ], [ 45.503470597090541, 60.589404040564204 ], [ 45.505099514830931, 60.589555862313375 ], [ 45.50813144421096, 60.590086170940197 ], [ 45.511459523038752, 60.590796395237646 ], [ 45.515475695647012, 60.591761863319505 ], [ 45.517962647558306, 60.592503666411233 ], [ 45.519676398347258, 60.593133990441459 ], [ 45.521385157898862, 60.593930197121097 ], [ 45.522960194557527, 60.594792247664259 ], [ 45.524581654220128, 60.595732299106487 ], [ 45.526242544657862, 60.596584799748882 ], [ 45.52813948734763, 60.597399653871094 ], [ 45.531212620066526, 60.598787832092967 ], [ 45.535287224326112, 60.600642207172314 ], [ 45.538073854624884, 60.601780486280575 ], [ 45.541387686392795, 60.603018648591956 ], [ 45.544292397676202, 60.60394006428271 ], [ 45.548514834292348, 60.604901580743501 ], [ 45.551198995837183, 60.605321413052934 ], [ 45.55391375411665, 60.605801186975384 ], [ 45.558214346315197, 60.606605369742169 ], [ 45.562183891773373, 60.607221099574247 ], [ 45.566155726905436, 60.607718846447767 ], [ 45.570484446300327, 60.608158194944906 ], [ 45.573238395235933, 60.608376720309536 ], [ 45.576738713121301, 60.608597899573567 ], [ 45.578483334038822, 60.608797850340693 ], [ 45.579585767069659, 60.609002541434336 ], [ 45.580505117017708, 60.609231522317089 ], [ 45.581838677613064, 60.609634389815426 ], [ 45.583312450609299, 60.610121162261976 ], [ 45.584641168355404, 60.610598627624711 ], [ 45.586196594397506, 60.611191815949724 ], [ 45.587963147081723, 60.611954781887846 ], [ 45.591797608073307, 60.613966932228323 ], [ 45.593130299923587, 60.613353388648136 ], [ 45.589235093325044, 60.611309437380783 ], [ 45.587359853974249, 60.610499579891894 ], [ 45.585739738798054, 60.609881685391656 ], [ 45.584360790318385, 60.609386128367305 ], [ 45.582826137716268, 60.608879283951978 ], [ 45.581397096099295, 60.608447630953549 ], [ 45.580322977323704, 60.608180087141477 ], [ 45.579015405336861, 60.607937307960583 ], [ 45.577063201106, 60.607713556635474 ], [ 45.573500226554359, 60.607488468018573 ], [ 45.570814626094261, 60.607275351176668 ], [ 45.566566063273342, 60.606844110967131 ], [ 45.562684326720444, 60.606357632598815 ], [ 45.558813947705687, 60.605757327039157 ], [ 45.554547060298773, 60.604959462909051 ], [ 45.551784635252886, 60.604471262339075 ], [ 45.549177768639254, 60.60406351961592 ], [ 45.545175119136616, 60.603151999165618 ], [ 45.542436182583913, 60.602283227988721 ], [ 45.53920973164395, 60.601077744342604 ], [ 45.53649114405124, 60.599967259681478 ], [ 45.532449869565994, 60.598128023789457 ], [ 45.529357316886831, 60.596731131136949 ], [ 45.527504208952223, 60.595935091731292 ], [ 45.525937494619825, 60.595131015084462 ], [ 45.524334974679505, 60.594201973142731 ], [ 45.52269349880612, 60.59330353243223 ], [ 45.520854437382525, 60.592446536078967 ], [ 45.518984593064658, 60.591758837100826 ], [ 45.516351110115806, 60.590973414191865 ], [ 45.512223628417871, 60.589981219158119 ] ] ], [ [ [ 45.484335361288061, 60.588883966222227 ], [ 45.484857332300237, 60.58810384931337 ], [ 45.48586915323898, 60.5870380240857 ], [ 45.487715043214848, 60.585736751849765 ], [ 45.489812701994765, 60.584785612666053 ], [ 45.491364630573401, 60.58428311017758 ], [ 45.494757471380353, 60.583445104807936 ], [ 45.496928976191441, 60.583115693034983 ], [ 45.504514384431445, 60.582450981627687 ], [ 45.505630772242512, 60.581512875419037 ], [ 45.505813908385335, 60.581425401061551 ], [ 45.496498759410372, 60.582241831695342 ], [ 45.494074650325047, 60.582609550990128 ], [ 45.490450737711569, 60.583504631833478 ], [ 45.488685543003555, 60.584076117718837 ], [ 45.486332525325963, 60.585143015837673 ], [ 45.484282756344271, 60.586588044702694 ], [ 45.483158268339594, 60.58777249230684 ], [ 45.482849510396761, 60.588233920958828 ], [ 45.480795709754375, 60.587140386719625 ], [ 45.478559981658009, 60.586264035157285 ], [ 45.476130885831878, 60.585550453690644 ], [ 45.473673562984686, 60.58521210895185 ], [ 45.471085604617144, 60.585025855758829 ], [ 45.467999222186506, 60.585026344090693 ], [ 45.462880537407045, 60.58527454978082 ], [ 45.462548083227603, 60.585306169044657 ], [ 45.462233430228764, 60.585367374205134 ], [ 45.461947104975081, 60.585456209236838 ], [ 45.461699055766985, 60.585569555290931 ], [ 45.46149792868664, 60.585703493121855 ], [ 45.46135052800463, 60.585853401113752 ], [ 45.461261817079389, 60.586014127949795 ], [ 45.461233465052544, 60.586180097833392 ], [ 45.461462597021409, 60.588212912795882 ], [ 45.463272308170644, 60.588056062937142 ], [ 45.463059362199999, 60.586167644021714 ], [ 45.468089271302972, 60.585923811734688 ], [ 45.47095313897637, 60.585923327899422 ], [ 45.473294156999884, 60.586091813186783 ], [ 45.475404593347491, 60.586382392233759 ], [ 45.47751906944967, 60.587003566561521 ], [ 45.479549969755453, 60.587799594276021 ], [ 45.482350425332015, 60.589290763757901 ], [ 45.48316538287628, 60.589885810082251 ], [ 45.484012464204, 60.58989210443724 ], [ 45.484335361288061, 60.588883966222227 ] ] ] ] } },
{ "type": "Feature", "properties": { "nid": 32143.0, "title": "Урочище Бобровский соленый источник", "sig": "regional", "start_date": "1985-08-05", "created_at": "2024-10-10", "updated_at": "2026-06-24", "area": 20.48, "subj_title": "Вологодская область", "federal_ti": "Северо-Западный федеральный округ", "agency_tit": "Министерство природных ресурсов и экологии Вологодской области", "management": null, "category_t": "памятник природы", "status_tit": "действующий" }, "geometry": { "type": "MultiPolygon", "coordinates": [ [ [ [ 44.761253050088378, 60.478862641897592 ], [ 44.762467244567858, 60.478696473263824 ], [ 44.763777224039806, 60.478829367881175 ], [ 44.763988862396275, 60.478879827042533 ], [ 44.764192707227828, 60.478879051826937 ], [ 44.764685728164004, 60.478608828934455 ], [ 44.764901256987564, 60.478505090337826 ], [ 44.76494874388959, 60.478013539793217 ], [ 44.76559073842202, 60.47745120630826 ], [ 44.766250338982104, 60.477215800668823 ], [ 44.767045042894601, 60.476954504447008 ], [ 44.768005722086571, 60.476879074709693 ], [ 44.768156229926255, 60.476817080843759 ], [ 44.768232557186934, 60.476702074641196 ], [ 44.768462273715095, 60.476115269704117 ], [ 44.768698157793892, 60.475770869829944 ], [ 44.768728965869229, 60.475620308030948 ], [ 44.768693046047417, 60.47522663070464 ], [ 44.769270424290823, 60.474563952664425 ], [ 44.770135837399145, 60.474285918260691 ], [ 44.771630640142114, 60.475334963937591 ], [ 44.771255401615626, 60.475422824104214 ], [ 44.771192522816818, 60.475508010586388 ], [ 44.77122140904094, 60.475825321081849 ], [ 44.771149783435924, 60.47617528775946 ], [ 44.770878271814979, 60.476571806044191 ], [ 44.770644255628035, 60.477135377895543 ], [ 44.770579899243103, 60.477244621242448 ], [ 44.771185332737097, 60.477793880383445 ], [ 44.771216640835455, 60.477771748967186 ], [ 44.771527624600367, 60.47724314185767 ], [ 44.771757692763458, 60.476689179262401 ], [ 44.772043955064639, 60.476270913571952 ], [ 44.772132642607517, 60.475837899899318 ], [ 44.772121633107076, 60.475716664992255 ], [ 44.772378780756291, 60.475589867778361 ], [ 44.772521656049769, 60.475424129919809 ], [ 44.772520416783948, 60.475242926420094 ], [ 44.772374184321329, 60.475076772175434 ], [ 44.770868954838534, 60.474020481560146 ], [ 44.770618174389419, 60.473905567088423 ], [ 44.770299031974893, 60.473844434773 ], [ 44.769956859721447, 60.473845987002846 ], [ 44.769640017772751, 60.473909782210853 ], [ 44.768774610959667, 60.474187813916657 ], [ 44.768575010928203, 60.474274840411738 ], [ 44.768435214014055, 60.474386628840016 ], [ 44.767865220103999, 60.475040854152255 ], [ 44.767800437440428, 60.475141480195298 ], [ 44.767784776646288, 60.475246782713043 ], [ 44.767817740396595, 60.475607795763317 ], [ 44.767804008648227, 60.475675220635082 ], [ 44.767581260966608, 60.47600030217238 ], [ 44.767396402622069, 60.476472510997787 ], [ 44.766902256634012, 60.476511368904703 ], [ 44.76671404561688, 60.476536534633517 ], [ 44.766541054726069, 60.476581062765987 ], [ 44.765731840252379, 60.476847136186556 ], [ 44.765058093356515, 60.477087587022702 ], [ 44.764912688270101, 60.477152261767628 ], [ 44.764798649738047, 60.477230887695498 ], [ 44.764155018439517, 60.47779456656616 ], [ 44.764068436209534, 60.477901149718427 ], [ 44.764038790058287, 60.478010873303319 ], [ 44.764010018048047, 60.478308620846356 ], [ 44.763877204369635, 60.478381352617475 ], [ 44.762650401395092, 60.478256943103574 ], [ 44.762436494049147, 60.478247948983821 ], [ 44.76222420728152, 60.478264081922028 ], [ 44.761010027191155, 60.478430249656476 ], [ 44.76084112102108, 60.478462556901668 ], [ 44.76068850337191, 60.478510903555488 ], [ 44.759711731711199, 60.478892804259658 ], [ 44.759573644408306, 60.4789672438434 ], [ 44.759464431638371, 60.479064077445408 ], [ 44.758983756595285, 60.479650540640066 ], [ 44.758933918865402, 60.479733817861572 ], [ 44.758916288556065, 60.479820275085785 ], [ 44.75886843383131, 60.480325735444509 ], [ 44.758879812053863, 60.480398504987178 ], [ 44.758914093310921, 60.480469534341687 ], [ 44.759152026045335, 60.480790916967401 ], [ 44.759747406018164, 60.480900645948225 ], [ 44.760190521775314, 60.480917629645035 ], [ 44.760068684322498, 60.480721626901762 ], [ 44.759778275247349, 60.48032924639778 ], [ 44.759826629995125, 60.479818848761063 ], [ 44.760307293347061, 60.479232381069721 ], [ 44.761253050088378, 60.478862641897592 ] ] ], [ [ [ 44.768117103121995, 60.478439833731485 ], [ 44.767856925656758, 60.478255910681909 ], [ 44.767746256884443, 60.478294056325794 ], [ 44.767536645599868, 60.478356595180919 ], [ 44.767411242335129, 60.478475719379112 ], [ 44.767389126207377, 60.478703720900164 ], [ 44.767434257784934, 60.478981066423273 ], [ 44.767248429971232, 60.479201796026246 ], [ 44.766586620676151, 60.479520317908516 ], [ 44.766331013565598, 60.479668193432531 ], [ 44.766011883741605, 60.479972245223117 ], [ 44.766415556133147, 60.480075433434642 ], [ 44.766710648877506, 60.479794215430829 ], [ 44.766918975930139, 60.479673790812974 ], [ 44.76763244408221, 60.479330321737102 ], [ 44.76789620984237, 60.479017111250855 ], [ 44.767844624729825, 60.478700107424181 ], [ 44.767860615575103, 60.478535568361956 ], [ 44.767881216345245, 60.478515969436614 ], [ 44.767994279112884, 60.478482217880227 ], [ 44.768117103121995, 60.478439833731485 ] ] ], [ [ [ 44.760626282876835, 60.481427803350634 ], [ 44.760430478883677, 60.481212172004284 ], [ 44.760156746836564, 60.48168558771988 ], [ 44.760056642400286, 60.481813909284654 ], [ 44.760260021383033, 60.481963292971784 ], [ 44.760303793185692, 60.48201079156496 ], [ 44.760313981605115, 60.482123950560037 ], [ 44.760385493895562, 60.482720588684394 ], [ 44.76079525469742, 60.483227750560388 ], [ 44.762170306414696, 60.48335571239636 ], [ 44.761659123669801, 60.483085208016128 ], [ 44.761284553339628, 60.48262170103083 ], [ 44.761222063947294, 60.482100888345471 ], [ 44.761204601811066, 60.481904362196708 ], [ 44.761056797333474, 60.481743763064408 ], [ 44.760626282876835, 60.481427803350634 ] ] ] ] } },
{ "type": "Feature", "properties": { "nid": 52856.0, "title": "Моркинский бор", "sig": "regional", "start_date": "1988-08-09", "created_at": "2024-10-10", "updated_at": "2026-06-24", "area": 2.4, "subj_title": "Вологодская область", "federal_ti": "Северо-Западный федеральный округ", "agency_tit": null, "management": null, "category_t": "памятник природы", "status_tit": "действующий" }, "geometry": { "type": "MultiPolygon", "coordinates": [ [ [ [ 46.219600624569352, 60.750534027423598 ], [ 46.219780902666677, 60.750445696911527 ], [ 46.22004200643363, 60.7502080897317 ], [ 46.219518004752274, 60.750057842695455 ], [ 46.21957691394357, 60.750256255621863 ], [ 46.219367488818712, 60.75044608362002 ], [ 46.216795368411674, 60.749752914065866 ], [ 46.216751187417508, 60.74979223782168 ], [ 46.219323851914389, 60.750485594434778 ], [ 46.219600624569352, 60.750534027423598 ] ] ], [ [ [ 46.219267227001062, 60.750732407974397 ], [ 46.219361066759966, 60.750640976599975 ], [ 46.219380079327379, 60.750607056870358 ], [ 46.219371070818454, 60.750572140691936 ], [ 46.219335283196926, 60.750541716627076 ], [ 46.219278400178212, 60.75052023901798 ], [ 46.21592204126938, 60.749707877816491 ], [ 46.215840756046248, 60.749788300589785 ], [ 46.219197120350991, 60.750600665388546 ], [ 46.219103279692781, 60.750692095863698 ], [ 46.217242163295339, 60.750614374653821 ], [ 46.216747844637489, 60.750575443901766 ], [ 46.21629875108664, 60.750494235121039 ], [ 46.216196072790694, 60.750630456330654 ], [ 46.217482203141337, 60.750694940419358 ], [ 46.217471506604902, 60.750714042918901 ], [ 46.219087653072904, 60.75078151995136 ], [ 46.219142012593977, 60.75077981573606 ], [ 46.219192837779417, 60.750770445699679 ], [ 46.219235882929802, 60.750754088830313 ], [ 46.219267227001062, 60.750732407974397 ] ] ] ] } },
{ "type": "Feature", "properties": { "nid": 10437.0, "title": "Ледниковый валун Лось", "sig": "regional", "start_date": "1963-01-29", "created_at": "2024-10-10", "updated_at": "2026-06-24", "area": 0.1, "subj_title": "Вологодская область", "federal_ti": "Северо-Западный федеральный округ", "agency_tit": null, "management": null, "category_t": "памятник природы", "status_tit": "действующий" }, "geometry": { "type": "MultiPolygon", "coordinates": [ [ [ [ 42.924404191700262, 59.963129732151558 ], [ 42.924308093743711, 59.962854151098384 ], [ 42.923784009324713, 59.96275789665976 ], [ 42.923356025560281, 59.962937492171712 ], [ 42.923451937357179, 59.963213075023575 ], [ 42.923976025373456, 59.963309241328595 ], [ 42.924404191700262, 59.963129732151558 ] ], [ [ 42.923610500424445, 59.963146610627732 ], [ 42.923550143324633, 59.962973086438964 ], [ 42.923819569417788, 59.962860044355743 ], [ 42.924149535173051, 59.962920616393475 ], [ 42.924210073036591, 59.963094138783674 ], [ 42.923940467978355, 59.963207182665535 ], [ 42.923610500424445, 59.963146610627732 ] ] ] ] } },
{ "type": "Feature", "properties": { "nid": 10434.0, "title": "Ледниковый валун Утюг", "sig": "regional", "start_date": "1987-04-17", "created_at": "2024-10-10", "updated_at": "2026-06-24", "area": 0.19, "subj_title": "Вологодская область", "federal_ti": "Северо-Западный федеральный округ", "agency_tit": null, "management": null, "category_t": "памятник природы", "status_tit": "действующий" }, "geometry": { "type": "MultiPolygon", "coordinates": [ [ [ [ 42.732835869579901, 60.111050989411794 ], [ 42.732976802337703, 60.111019300000869 ], [ 42.733101967282145, 60.110969169991392 ], [ 42.733167259861318, 60.110929448735234 ], [ 42.733223232766129, 60.11088056608542 ], [ 42.733264261636513, 60.11082113438799 ], [ 42.733280209314387, 60.110744332285265 ], [ 42.733264980194861, 60.110680735827479 ], [ 42.733215331322633, 60.110610085986814 ], [ 42.733103880140106, 60.110531101229512 ], [ 42.732985466406312, 60.110483596341055 ], [ 42.73285993363919, 60.110453210047737 ], [ 42.732697835336971, 60.110436166995655 ], [ 42.732566088254544, 60.110438061867214 ], [ 42.732403764222511, 60.110459888413281 ], [ 42.732259993204309, 60.110502643082661 ], [ 42.732166318021306, 60.110548271985344 ], [ 42.732089268605023, 60.110606229693929 ], [ 42.73204095882334, 60.110668239747611 ], [ 42.732018729381018, 60.110755509958992 ], [ 42.732048926816667, 60.110845453854779 ], [ 42.732108284769708, 60.110911080981786 ], [ 42.732202718980488, 60.110971905729052 ], [ 42.732316921189124, 60.111017295411997 ], [ 42.732468317558983, 60.111051759231486 ], [ 42.732657799318133, 60.111065056607231 ], [ 42.732835869579901, 60.111050989411794 ] ], [ [ 42.732519146341701, 60.110964682374338 ], [ 42.732411628793784, 60.110940238801163 ], [ 42.732331723130699, 60.110908457659377 ], [ 42.732263427715161, 60.110864453831653 ], [ 42.732222421327833, 60.110819129799147 ], [ 42.732200475171965, 60.110753707717592 ], [ 42.732216554150789, 60.110690550128922 ], [ 42.732249909106201, 60.11064779276159 ], [ 42.732305592429327, 60.110605824998963 ], [ 42.732370281563419, 60.110574367613125 ], [ 42.732474551659379, 60.110543366183556 ], [ 42.732592492349795, 60.110527501243382 ], [ 42.732681820210011, 60.110526164850803 ], [ 42.732801319425498, 60.110538740970306 ], [ 42.732888575247721, 60.110559864246497 ], [ 42.732971411801373, 60.110593144558138 ], [ 42.733053891324168, 60.110651562719617 ], [ 42.733088758939225, 60.110701161229755 ], [ 42.733099324174646, 60.110745050843605 ], [ 42.733087506183608, 60.110801619099611 ], [ 42.733058789931363, 60.110843346743259 ], [ 42.733018683765401, 60.110878353753215 ], [ 42.73297486339942, 60.110905047430151 ], [ 42.732882140598463, 60.110942139967953 ], [ 42.732784022764626, 60.110964201237039 ], [ 42.732656165249978, 60.110974320408729 ], [ 42.732519146341701, 60.110964682374338 ] ] ] ] } },
{ "type": "Feature", "properties": { "nid": 10381.0, "title": "Парк Дудорова", "sig": "regional", "start_date": "2001-12-29", "created_at": "2024-10-10", "updated_at": "2026-06-24", "area": 3.35, "subj_title": "Вологодская область", "federal_ti": "Северо-Западный федеральный округ", "agency_tit": null, "management": null, "category_t": "памятник природы", "status_tit": "действующий" }, "geometry": { "type": "MultiPolygon", "coordinates": [ [ [ [ 42.691902541369359, 60.644379161968914 ], [ 42.691998473850667, 60.644367842202314 ], [ 42.692087113729478, 60.64434671083221 ], [ 42.692164654175592, 60.644316698656887 ], [ 42.692227125581553, 60.644279276067877 ], [ 42.692271845269602, 60.6442360807307 ], [ 42.693029314551382, 60.643254225202483 ], [ 42.694298263354312, 60.642584387659547 ], [ 42.69435454382733, 60.642547824822429 ], [ 42.694394383793963, 60.642506375069331 ], [ 42.694416384808505, 60.642461846936833 ], [ 42.694419514449173, 60.642416043565717 ], [ 42.694403472342515, 60.64237085443154 ], [ 42.694369059784428, 60.642328243653708 ], [ 42.694317801125806, 60.642289907353508 ], [ 42.694251764807291, 60.64225753086054 ], [ 42.69272777007069, 60.641639553622653 ], [ 42.692667465131599, 60.641619245132226 ], [ 42.692601487268966, 60.641603920684574 ], [ 42.692531311371113, 60.641593929216626 ], [ 42.692458773853495, 60.641589520739949 ], [ 42.692385894593535, 60.641590950662028 ], [ 42.69231430855865, 60.641597934797005 ], [ 42.692245846768571, 60.641610545990083 ], [ 42.692182503020256, 60.641628320190989 ], [ 42.688720535824245, 60.642786236895468 ], [ 42.688646676303222, 60.64281693435418 ], [ 42.688587687072243, 60.64285468429641 ], [ 42.688546248111038, 60.642897670990919 ], [ 42.688524299257153, 60.642943903338626 ], [ 42.688522504210361, 60.642991490065349 ], [ 42.688541329718767, 60.643038092933807 ], [ 42.688579610260945, 60.643081748723873 ], [ 42.688635813392231, 60.643120495114928 ], [ 42.68949434398894, 60.643596083592577 ], [ 42.690812836443399, 60.644124116934613 ], [ 42.691616751212273, 60.644351082436692 ], [ 42.691707194231803, 60.644370595926432 ], [ 42.69180386415718, 60.644380092767221 ], [ 42.691902541369359, 60.644379161968914 ] ], [ [ 42.691072797172012, 60.643938707305658 ], [ 42.689811785785473, 60.643433703802536 ], [ 42.688977678077549, 60.642971642027824 ], [ 42.692439656065453, 60.641813718128716 ], [ 42.693963650802004, 60.642431609031682 ], [ 42.692633693790128, 60.643133646800543 ], [ 42.691844582761462, 60.644156610339451 ], [ 42.691072797172012, 60.643938707305658 ] ] ] ] } },
{ "type": "Feature", "properties": { "nid": 13479.0, "title": "Барановский бор - урочище", "sig": "regional", "start_date": "1978-08-16", "created_at": "2024-10-10", "updated_at": "2026-06-24", "area": 209.53, "subj_title": "Вологодская область", "federal_ti": "Северо-Западный федеральный округ", "agency_tit": "Министерство природных ресурсов и экологии Вологодской области", "management": null, "category_t": "памятник природы", "status_tit": "действующий" }, "geometry": { "type": "MultiPolygon", "coordinates": [ [ [ [ 46.766460920235431, 60.492143281287547 ], [ 46.766567374784692, 60.49213466218508 ], [ 46.766661275697452, 60.492186373202735 ], [ 46.768016154721913, 60.49158749396782 ], [ 46.767256870608257, 60.491169363175729 ], [ 46.765910915556439, 60.491278317840276 ], [ 46.766661173174782, 60.491112372238376 ], [ 46.76735648311535, 60.490440692883837 ], [ 46.767356987635019, 60.489446127237152 ], [ 46.766370021259661, 60.489057620113272 ], [ 46.76632517386787, 60.488941034701163 ], [ 46.765527868216729, 60.488564136026241 ], [ 46.765338328900945, 60.488533581559693 ], [ 46.765271165731853, 60.488384643037016 ], [ 46.765694350713879, 60.488238767605203 ], [ 46.76625372632855, 60.487914273325188 ], [ 46.766476545955982, 60.487432344627159 ], [ 46.766174879167522, 60.486824909242316 ], [ 46.765200015868224, 60.486496420173808 ], [ 46.761991411974236, 60.486148821411106 ], [ 46.752202600869509, 60.484797713244056 ], [ 46.75264920509693, 60.484380062689922 ], [ 46.753135353413995, 60.483224953668866 ], [ 46.754524907598579, 60.48340333419668 ], [ 46.755875201879228, 60.483558937595028 ], [ 46.760188497901026, 60.483881188965867 ], [ 46.760474787181863, 60.483887151471031 ], [ 46.760579893647339, 60.483889341320193 ], [ 46.760965567906794, 60.48385598996213 ], [ 46.761327840907306, 60.483782650249275 ], [ 46.761650076090284, 60.483672720719639 ], [ 46.761917052430192, 60.483531409347208 ], [ 46.762116429429845, 60.483365014983633 ], [ 46.762239102352851, 60.483181474145908 ], [ 46.762279411765633, 60.482989278232751 ], [ 46.762273951981449, 60.482457001889316 ], [ 46.762056587641553, 60.481820703662713 ], [ 46.761894522614284, 60.481574087973968 ], [ 46.761596347893317, 60.481360505283234 ], [ 46.7605144409888, 60.480783085671007 ], [ 46.757012045669505, 60.479502870161511 ], [ 46.756467975616779, 60.479366797339985 ], [ 46.755863540370278, 60.479327207384877 ], [ 46.755266457980831, 60.479388453014849 ], [ 46.754743817873077, 60.479543665208155 ], [ 46.753904172139976, 60.479900007179751 ], [ 46.753628170204081, 60.480045825954278 ], [ 46.752829812346135, 60.479793244163027 ], [ 46.75166549067, 60.479588189743296 ], [ 46.751247465997949, 60.479540988825768 ], [ 46.750818581112803, 60.479543535705766 ], [ 46.750402845215312, 60.479595524613948 ], [ 46.750023423942018, 60.479694044444784 ], [ 46.728641395684001, 60.486951972655547 ], [ 46.729671918024792, 60.487691522046255 ], [ 46.751054206186829, 60.480433429259492 ], [ 46.752023166336237, 60.480604109792012 ], [ 46.753106492370875, 60.480946809048184 ], [ 46.753583615991253, 60.481039682935204 ], [ 46.754085706590267, 60.481004354867238 ], [ 46.754583109023429, 60.480855996407278 ], [ 46.755165146654342, 60.480548555971268 ], [ 46.755929635144689, 60.480224069785145 ], [ 46.759295062817039, 60.481454228130296 ], [ 46.760263858390545, 60.481971299635923 ], [ 46.760456051605672, 60.482534301317123 ], [ 46.760460704697941, 60.482993782037553 ], [ 46.756218688941487, 60.482676899619385 ], [ 46.754960744243135, 60.482531902825187 ], [ 46.752627540428819, 60.482232463657461 ], [ 46.751985373226546, 60.482209056103216 ], [ 46.751820524797544, 60.482278526932653 ], [ 46.751702957325783, 60.48238526027172 ], [ 46.75151636688701, 60.482658432940468 ], [ 46.750920832230804, 60.484073348906115 ], [ 46.750847481726055, 60.484141931205336 ], [ 46.750620770732155, 60.484197028170463 ], [ 46.750391901365333, 60.484199425763038 ], [ 46.749256000963832, 60.484053042214256 ], [ 46.749147587691198, 60.484016579201914 ], [ 46.749115406351109, 60.483979226760091 ], [ 46.749112890048018, 60.483918986572107 ], [ 46.74969430804606, 60.483242495844628 ], [ 46.74966069138798, 60.483167439326046 ], [ 46.748657866367573, 60.482921862354253 ], [ 46.748505230732007, 60.482923457751546 ], [ 46.748340009983622, 60.482985472301884 ], [ 46.748106287875032, 60.483228917880417 ], [ 46.74773285428796, 60.483775253325447 ], [ 46.746983996914075, 60.484468589254149 ], [ 46.745426355841801, 60.484320351303317 ], [ 46.745360649574479, 60.484703924746505 ], [ 46.745500837693662, 60.48512437399085 ], [ 46.74568817367043, 60.485220284888371 ], [ 46.746289568309116, 60.485364734894731 ], [ 46.74716624003014, 60.485513712088327 ], [ 46.747369761105745, 60.485632157298362 ], [ 46.747303401031267, 60.485866375832757 ], [ 46.745542977226755, 60.48611076300147 ], [ 46.745223295219091, 60.486129119063762 ], [ 46.744839788325748, 60.486087940905911 ], [ 46.743856135952051, 60.485932467909208 ], [ 46.743301301913732, 60.485810187989955 ], [ 46.742514728771873, 60.485622507572835 ], [ 46.742237855392879, 60.485572632970786 ], [ 46.742040075589152, 60.485589745270723 ], [ 46.740775639584278, 60.486009761041828 ], [ 46.740778501226991, 60.486077453911541 ], [ 46.741105694372429, 60.48623229108756 ], [ 46.7419900561963, 60.486562024817765 ], [ 46.743677216730354, 60.48710196698238 ], [ 46.744679413124565, 60.487332588228512 ], [ 46.745015111158629, 60.4873290502956 ], [ 46.745103403899122, 60.487252841745423 ], [ 46.745143337395291, 60.487116836373033 ], [ 46.745289003285052, 60.486949513909117 ], [ 46.745515200766079, 60.486886884222478 ], [ 46.745849279121103, 60.486845725849726 ], [ 46.746246462904082, 60.48684919723285 ], [ 46.746476072412968, 60.486861800332001 ], [ 46.746660365983246, 60.486890015661864 ], [ 46.746846097569517, 60.486948397850419 ], [ 46.747033089105969, 60.487036765234663 ], [ 46.747339450355526, 60.487417823274079 ], [ 46.747386918371767, 60.487454997650225 ], [ 46.747509904258827, 60.487476290898265 ], [ 46.750121762109806, 60.487147681320607 ], [ 46.750665306059204, 60.48700634476716 ], [ 46.750799437244389, 60.48692960112038 ], [ 46.750840964339197, 60.48683129892548 ], [ 46.750800678308849, 60.486605684205124 ], [ 46.750480978314663, 60.486270059915505 ], [ 46.749524618566447, 60.485684958294371 ], [ 46.74939804168644, 60.485580800613604 ], [ 46.749348059165747, 60.485483386049623 ], [ 46.749345000571509, 60.485415603247631 ], [ 46.749434718737461, 60.485369468926024 ], [ 46.749633390668635, 60.485374970078965 ], [ 46.761551174047611, 60.487019979388712 ], [ 46.764465585418577, 60.487335698084159 ], [ 46.764574024771605, 60.487372239337546 ], [ 46.764607501135458, 60.487439662410679 ], [ 46.764579478260487, 60.487500261428075 ], [ 46.76446047996734, 60.487569298784294 ], [ 46.764325105919056, 60.487615981692386 ], [ 46.764065282786753, 60.487611129849931 ], [ 46.763741961222706, 60.487546756377867 ], [ 46.763540183932491, 60.487473583039602 ], [ 46.763371337117682, 60.487452752043048 ], [ 46.763203579381866, 60.4874545452912 ], [ 46.76312915778459, 60.487500508741668 ], [ 46.763130792752058, 60.487538124684868 ], [ 46.763339288877262, 60.487769486073077 ], [ 46.76340660133377, 60.487911873934024 ], [ 46.763394947918691, 60.487994918231031 ], [ 46.763322887941115, 60.488093581953414 ], [ 46.763142021687138, 60.488148252639917 ], [ 46.760254010814094, 60.488442363324573 ], [ 46.757580377632507, 60.488402721208786 ], [ 46.7574699525764, 60.488321016901573 ], [ 46.757414696431283, 60.488103122860991 ], [ 46.757316119943134, 60.487938465987604 ], [ 46.757223150728002, 60.487909282087855 ], [ 46.756780099721986, 60.487898929092452 ], [ 46.755941659080463, 60.487930291150178 ], [ 46.755653432659983, 60.487971028640231 ], [ 46.755519309568619, 60.488047777682922 ], [ 46.755387352944119, 60.488177226098273 ], [ 46.755202747309113, 60.488495561820898 ], [ 46.755177777632518, 60.488623851909388 ], [ 46.755187168353302, 60.488842191114372 ], [ 46.75535831923122, 60.489623806293807 ], [ 46.755515137613656, 60.489720148865956 ], [ 46.755715102769955, 60.489755716153518 ], [ 46.756097944164935, 60.489781780305059 ], [ 46.758552453033467, 60.489695662125243 ], [ 46.758703127247706, 60.489648895580217 ], [ 46.758999765027284, 60.489449963745002 ], [ 46.759241060326808, 60.489379591794886 ], [ 46.760383959252465, 60.48932990694982 ], [ 46.760701853407959, 60.489266267324531 ], [ 46.760967182189859, 60.489045067376125 ], [ 46.761102203703899, 60.488990846350646 ], [ 46.763477673855732, 60.488845291077489 ], [ 46.763631789775445, 60.488881292737624 ], [ 46.763750225992275, 60.489143714910718 ], [ 46.763999502774993, 60.489261596245846 ], [ 46.764568485847121, 60.489353534837889 ], [ 46.764646364438363, 60.489390344089259 ], [ 46.764680932579147, 60.48948039230639 ], [ 46.764885452801593, 60.48962134395002 ], [ 46.765537781443641, 60.489878110286718 ], [ 46.765537595283938, 60.490224649648027 ], [ 46.765332516582532, 60.490422699248313 ], [ 46.76493928711858, 60.490509690669846 ], [ 46.764193404702041, 60.490562741677351 ], [ 46.763272996251942, 60.49081356529399 ], [ 46.76298784281488, 60.49092955085824 ], [ 46.762164208611523, 60.491299861999195 ], [ 46.761622822135671, 60.491493853858458 ], [ 46.761577507995753, 60.491501934267035 ], [ 46.762225856238445, 60.491668308845533 ], [ 46.762304281617446, 60.491712661610222 ], [ 46.762324647664506, 60.491833053852517 ], [ 46.762042203884782, 60.492009278705439 ], [ 46.762013993051482, 60.492062246975301 ], [ 46.762048738358764, 60.492159836007758 ], [ 46.763968159603046, 60.493111336718975 ], [ 46.764152686997072, 60.493139529565788 ], [ 46.76430427941915, 60.493115291937329 ], [ 46.764545224882397, 60.493037457412925 ], [ 46.766355737327558, 60.492182156281672 ], [ 46.766460920235431, 60.492143281287547 ] ] ], [ [ [ 46.751385393221476, 60.498798209569884 ], [ 46.751250279976595, 60.49863934343113 ], [ 46.751909591854364, 60.498718683420691 ], [ 46.753315628813361, 60.498823124387862 ], [ 46.756624881233449, 60.499083475422189 ], [ 46.75802857995518, 60.499046310039319 ], [ 46.759079009688719, 60.498571279141409 ], [ 46.759341276279031, 60.497695034598323 ], [ 46.758575505355445, 60.497996916324766 ], [ 46.75766615227127, 60.498157115258827 ], [ 46.756720424308291, 60.498182191055427 ], [ 46.753594326916804, 60.497936219281243 ], [ 46.752261341887554, 60.497837244393502 ], [ 46.750879619898683, 60.497670916579693 ], [ 46.750665583949683, 60.497665596190465 ], [ 46.750530147848217, 60.497712263810101 ], [ 46.750290937177162, 60.497827690895392 ], [ 46.750123841342365, 60.497852090401807 ], [ 46.749878687951252, 60.497832040016803 ], [ 46.74978479693101, 60.497780317307949 ], [ 46.749665003637169, 60.497480266601208 ], [ 46.749523093316263, 60.497376287885572 ], [ 46.747670367593571, 60.496905974831058 ], [ 46.747516948648411, 60.496892485899636 ], [ 46.74728781128362, 60.496887338180272 ], [ 46.746745702652213, 60.497066277187102 ], [ 46.746609185565596, 60.497090316964702 ], [ 46.746379689371338, 60.497077624832684 ], [ 46.745512436250117, 60.496800442086908 ], [ 46.745420351967823, 60.496786334421984 ], [ 46.745161713242624, 60.496811609868075 ], [ 46.74502663327268, 60.496865724773549 ], [ 46.744761310786032, 60.4970869840772 ], [ 46.744780003194762, 60.497169671343443 ], [ 46.748897702966751, 60.498459998830057 ], [ 46.749287835165603, 60.498651813430612 ], [ 46.749529038734288, 60.498935537844943 ], [ 46.749478676699702, 60.499184664440854 ], [ 46.749346112133537, 60.49929902313157 ], [ 46.74888006276484, 60.499469630818965 ], [ 46.748544242423009, 60.49947308871225 ], [ 46.749963940983257, 60.50019058133045 ], [ 46.750736657371021, 60.499907639326238 ], [ 46.751250729637604, 60.499464010056222 ], [ 46.751385393221476, 60.498798209569884 ] ] ] ] } },
{ "type": "Feature", "properties": { "nid": 10944.0, "title": "Геологическое обнажение Контакт", "sig": "regional", "start_date": "1988-08-09", "created_at": "2024-10-10", "updated_at": "2026-06-24", "area": 50.53, "subj_title": "Вологодская область", "federal_ti": "Северо-Западный федеральный округ", "agency_tit": null, "management": null, "category_t": "памятник природы", "status_tit": "действующий" }, "geometry": { "type": "MultiPolygon", "coordinates": [ [ [ [ 46.44387201498165, 60.578961962824494 ], [ 46.447836866878049, 60.578854429088778 ], [ 46.448135561407177, 60.578831132151201 ], [ 46.448403158279291, 60.578762069614008 ], [ 46.44861042772925, 60.578653826313186 ], [ 46.448734166348856, 60.578518234628973 ], [ 46.449358760798361, 60.577344506044319 ], [ 46.449610912713638, 60.576356018915298 ], [ 46.449399178129731, 60.575786290305246 ], [ 46.449520290729026, 60.574863951909983 ], [ 46.449166531610324, 60.573504444075013 ], [ 46.446922140344661, 60.573772710942009 ], [ 46.445026738193569, 60.573877775139401 ], [ 46.443438551648001, 60.573938054897489 ], [ 46.441537108750701, 60.573947248666741 ], [ 46.437254582133441, 60.573968922328049 ], [ 46.433869819037106, 60.573969147158607 ], [ 46.429193025138147, 60.573956571039105 ], [ 46.429142289884965, 60.578528137064026 ], [ 46.429205819792905, 60.578700555986018 ], [ 46.42939828370401, 60.578847846950737 ], [ 46.429690909607977, 60.578947508021251 ], [ 46.430038970622149, 60.578984623042061 ], [ 46.437306297647694, 60.578994704442188 ], [ 46.44387201498165, 60.578961962824494 ] ], [ [ 46.430054136789124, 60.578535961165869 ], [ 46.430103829728118, 60.574048758743402 ], [ 46.433869276745888, 60.574058900398072 ], [ 46.437255508435157, 60.574058687258798 ], [ 46.441538958656167, 60.574037021691353 ], [ 46.443446427910487, 60.574027788351941 ], [ 46.445043932331771, 60.573967137173824 ], [ 46.446953958358677, 60.573861295062883 ], [ 46.448298221785649, 60.573700588911194 ], [ 46.448604694551186, 60.574878130621407 ], [ 46.448481866944746, 60.575812571193353 ], [ 46.448688577016355, 60.576368705651412 ], [ 46.448461434347898, 60.577259383413995 ], [ 46.447852008763327, 60.578404599892572 ], [ 46.443842293287389, 60.578513378289927 ], [ 46.437302941377823, 60.578545976915443 ], [ 46.430054136789124, 60.578535961165869 ] ] ] ] } },
{ "type": "Feature", "properties": { "nid": 13482.0, "title": "Викторовский бор - урочище", "sig": "regional", "start_date": "1978-08-16", "created_at": "2024-10-10", "updated_at": "2026-06-24", "area": 340.52, "subj_title": "Вологодская область", "federal_ti": "Северо-Западный федеральный округ", "agency_tit": "Министерство природных ресурсов и экологии Вологодской области", "management": null, "category_t": "памятник природы", "status_tit": "действующий" }, "geometry": { "type": "MultiPolygon", "coordinates": [ [ [ [ 46.99758034675574, 60.612402889781727 ], [ 46.997526606867545, 60.612181882288219 ], [ 46.997317044146421, 60.611826052030835 ], [ 46.997052787356431, 60.611561541631986 ], [ 46.996680968951743, 60.611330063331927 ], [ 46.996215076065091, 60.611143696824342 ], [ 46.995677774310025, 60.61101178066928 ], [ 46.995093967712585, 60.610940610121247 ], [ 46.994492625234614, 60.610933715918399 ], [ 46.99390276889784, 60.610991485668698 ], [ 46.993352926996117, 60.611111170144575 ], [ 46.991828222694487, 60.611547014882994 ], [ 46.988616544018441, 60.612408101352955 ], [ 46.985666466434452, 60.612740863999804 ], [ 46.979993479115933, 60.613457784649199 ], [ 46.977236982401003, 60.613737965734678 ], [ 46.975046938065923, 60.613974753632135 ], [ 46.973823113645949, 60.613983218051267 ], [ 46.970627054395209, 60.613454419386123 ], [ 46.967223384851472, 60.613467092632384 ], [ 46.964076839574659, 60.613730584099365 ], [ 46.961293817355966, 60.614034374187213 ], [ 46.957053468942604, 60.614737325667193 ], [ 46.953155526606459, 60.616231032136568 ], [ 46.950482436615346, 60.617324716562557 ], [ 46.948109575396757, 60.618978489765638 ], [ 46.947346411607775, 60.620246284738421 ], [ 46.947137190629, 60.621865524874217 ], [ 46.947227192081407, 60.623042383999007 ], [ 46.947710200865231, 60.624596801001758 ], [ 46.947849380844445, 60.625616367801292 ], [ 46.947539037396837, 60.626280831895038 ], [ 46.9470919313477, 60.626784383892343 ], [ 46.946747844437652, 60.62708277984661 ], [ 46.946558289833369, 60.627284132656754 ], [ 46.946438833785287, 60.627498009425764 ], [ 46.946392325345698, 60.627718676076185 ], [ 46.946420340126735, 60.627940037902583 ], [ 46.946521893370857, 60.628156257405529 ], [ 46.946694177394527, 60.628361217396439 ], [ 46.946932909626234, 60.628549513849173 ], [ 46.947231242627929, 60.628716089875802 ], [ 46.948363400950363, 60.628912086323908 ], [ 46.952309355392629, 60.629103980964139 ], [ 46.955383350561362, 60.629225830108169 ], [ 46.955235135093567, 60.62889129939412 ], [ 46.952793917305598, 60.628715999044289 ], [ 46.951078815734938, 60.628458284822159 ], [ 46.950133624667217, 60.628238647895451 ], [ 46.949439026989687, 60.627934507971347 ], [ 46.949131956174988, 60.627746357208771 ], [ 46.949546400646057, 60.627386971931394 ], [ 46.950152636335254, 60.626704175157712 ], [ 46.950610366075686, 60.62572408409936 ], [ 46.950436188079777, 60.624449830195651 ], [ 46.949959259612285, 60.622915105647792 ], [ 46.949880171432937, 60.621882886286365 ], [ 46.950060891097387, 60.620482775859614 ], [ 46.95060855124381, 60.619573003691364 ], [ 46.952513044641471, 60.618245672699786 ], [ 46.954874604979182, 60.617279354758587 ], [ 46.958370380388878, 60.615939717444178 ], [ 46.962030571653713, 60.615332988926454 ], [ 46.964604190331272, 60.615052050611837 ], [ 46.967465366333784, 60.614812435245874 ], [ 46.970188524281127, 60.614802281000657 ], [ 46.973393086621797, 60.615332471816302 ], [ 46.975363593854922, 60.615318964898492 ], [ 46.977808602285329, 60.615054542633217 ], [ 46.980612220777509, 60.614769614026613 ], [ 46.986313977408315, 60.614049018747387 ], [ 46.989596982215112, 60.613678774156242 ], [ 46.993172913299475, 60.612720007822247 ], [ 46.994729950926676, 60.612274856899326 ], [ 46.994844921156357, 60.612470094319583 ], [ 46.994336287090157, 60.613101619844031 ], [ 46.994653020220881, 60.613797067380915 ], [ 46.995059895098215, 60.61381706470592 ], [ 46.993986562330178, 60.615575576551798 ], [ 46.992793122404862, 60.616593227795406 ], [ 46.991555973629424, 60.617187421562463 ], [ 46.990797820862888, 60.617634083346452 ], [ 46.990105767367425, 60.618259442219646 ], [ 46.989653724040288, 60.61888185311517 ], [ 46.988484966907883, 60.622183541337506 ], [ 46.986848630659942, 60.624231499084594 ], [ 46.985726944942705, 60.625167715817618 ], [ 46.984607120822147, 60.626734518283556 ], [ 46.984480999898381, 60.628250768058649 ], [ 46.984049605904765, 60.628994142266045 ], [ 46.981907810197463, 60.630098059178238 ], [ 46.980761025301263, 60.631981891551199 ], [ 46.976299849258787, 60.63240763780243 ], [ 46.975217293043784, 60.633883605144426 ], [ 46.976824529928315, 60.633728949631447 ], [ 46.981283868655794, 60.633303358063692 ], [ 46.981659501085282, 60.633253707392825 ], [ 46.98201712908741, 60.633178399064036 ], [ 46.982349416892241, 60.633078930448448 ], [ 46.982649565625131, 60.632957424845472 ], [ 46.982911687424576, 60.632816281646221 ], [ 46.983130431324518, 60.632658439835325 ], [ 46.983301355573246, 60.63248702275807 ], [ 46.983424211058662, 60.632306068370553 ], [ 46.984345108739937, 60.630793093026966 ], [ 46.986499589384721, 60.629682549010617 ], [ 46.987205741551911, 60.62846572401412 ], [ 46.987328278677289, 60.626990563363968 ], [ 46.98822367608193, 60.625737549648356 ], [ 46.989319914582552, 60.62482256680817 ], [ 46.991136668322717, 60.622548532988546 ], [ 46.992312468945435, 60.619225940924572 ], [ 46.992614235558669, 60.618810577346423 ], [ 46.993074905182873, 60.618394168756012 ], [ 46.993570309322479, 60.618102298282615 ], [ 46.994977976752402, 60.617426223041953 ], [ 46.996518876944776, 60.616112200218019 ], [ 46.997683401867675, 60.614203801964024 ], [ 46.997798838845483, 60.613828403358291 ], [ 46.997731076727973, 60.61351947094699 ], [ 46.997521160573285, 60.613226377395563 ], [ 46.997314321898607, 60.613052482686079 ], [ 46.997476020901779, 60.612844122358531 ], [ 46.997565584384397, 60.612625499867072 ], [ 46.99758034675574, 60.612402889781727 ] ] ], [ [ [ 46.961549514398705, 60.630370671569374 ], [ 46.965047610059337, 60.62996409616624 ], [ 46.965394145823325, 60.63004746331994 ], [ 46.966302556417979, 60.629349220690131 ], [ 46.966872937036548, 60.628904212759373 ], [ 46.966697318326737, 60.62875526884072 ], [ 46.966666699109055, 60.628579313784492 ], [ 46.965084262828611, 60.628576443148503 ], [ 46.960928680014717, 60.629059465422181 ], [ 46.957988344786429, 60.629389691081528 ], [ 46.960900187693646, 60.630110229703526 ], [ 46.961322129812622, 60.630396236597221 ], [ 46.961549514398705, 60.630370671569374 ] ] ] ] } },
{ "type": "Feature", "properties": { "nid": 19384.0, "title": "Романовский бор (Романовский сосновый бор)", "sig": "regional", "start_date": "1990-10-29", "created_at": "2024-10-10", "updated_at": "2026-06-24", "area": 670.95, "subj_title": "Кировская область", "federal_ti": "Приволжский федеральный округ", "agency_tit": "Министерство охраны окружающей среды Кировской области", "management": "Кировский областной центр охраны окружающей среды и природопользования", "category_t": "памятник природы", "status_tit": "действующий" }, "geometry": { "type": "MultiPolygon", "coordinates": [ [ [ [ 47.035719604576229, 60.651623826978209 ], [ 47.036178924318051, 60.65091953011239 ], [ 47.038204577979059, 60.650284234629908 ], [ 47.038861163112358, 60.649274546883021 ], [ 47.038875965953252, 60.648340397691356 ], [ 47.039960221886872, 60.646533923202185 ], [ 47.039315747024261, 60.645710612754726 ], [ 47.040653589291878, 60.64527010413218 ], [ 47.041960675644816, 60.643657961445911 ], [ 47.042692054694726, 60.64258301979072 ], [ 47.045428259107041, 60.641430028673028 ], [ 47.04571907737369, 60.639147262436381 ], [ 47.044495628870322, 60.637625961169363 ], [ 47.042336596756684, 60.637388655262384 ], [ 47.038702159377294, 60.63651644597735 ], [ 47.037740623131413, 60.635317566952324 ], [ 47.0392611788605, 60.633443298869338 ], [ 47.043532070049139, 60.632860725242438 ], [ 47.045710987971859, 60.632087054674003 ], [ 47.047007839140633, 60.630916930572084 ], [ 47.052238256590442, 60.629262212181516 ], [ 47.055601908101721, 60.628949343437625 ], [ 47.058234516010259, 60.628026546388185 ], [ 47.058873650698615, 60.627240082064304 ], [ 47.06071139101806, 60.627027199046154 ], [ 47.061322125116135, 60.626120445002698 ], [ 47.064834143181315, 60.625206114171021 ], [ 47.064971516422531, 60.623783267983583 ], [ 47.063705005681641, 60.622079612983896 ], [ 47.06351908973437, 60.620295695290281 ], [ 47.061208250260734, 60.618788533164434 ], [ 47.058000435971508, 60.61803265208539 ], [ 47.054930727870953, 60.616592860872004 ], [ 47.054157813632344, 60.617416864696736 ], [ 47.052012279443318, 60.618045489907615 ], [ 47.051994221056646, 60.619216481855347 ], [ 47.053395756908799, 60.620002608933419 ], [ 47.054031598279778, 60.619939270581028 ], [ 47.054514223053104, 60.620231491790094 ], [ 47.054687778718176, 60.620240571345448 ], [ 47.053404415581497, 60.621613025820636 ], [ 47.053002213581465, 60.621791122162733 ], [ 47.051230804558145, 60.621344124032248 ], [ 47.048141249319372, 60.620146429414376 ], [ 47.046174839397509, 60.620443108562768 ], [ 47.044446242600202, 60.620900323891021 ], [ 47.042358895446853, 60.619868906724832 ], [ 47.040440976969705, 60.620562561912891 ], [ 47.035975670341088, 60.620020884056714 ], [ 47.028609256012544, 60.616606269763679 ], [ 47.027972383119163, 60.620236965963386 ], [ 47.024061762140775, 60.6202936241516 ], [ 47.023737720219799, 60.620855802053768 ], [ 47.024350530852473, 60.622425161292313 ], [ 47.023501209313508, 60.622680659584944 ], [ 47.022315859689343, 60.623858897370383 ], [ 47.022088136958132, 60.624167995256926 ], [ 47.020124386331531, 60.625786684108334 ], [ 47.020680343623098, 60.628378357575286 ], [ 47.019115366780909, 60.628414427583948 ], [ 47.014877378188601, 60.627097688807453 ], [ 47.015203286202848, 60.626645574433894 ], [ 47.013287257201341, 60.625880317023189 ], [ 47.012602066432407, 60.625615046697192 ], [ 47.01306188259997, 60.624833821823586 ], [ 47.012440314369201, 60.624599769663803 ], [ 47.010702176664267, 60.625607849422863 ], [ 47.009036069259366, 60.626366511205674 ], [ 47.003604827800757, 60.629247589205022 ], [ 47.002077929153302, 60.630308654321084 ], [ 47.002445419120988, 60.633018462732025 ], [ 47.003375942246123, 60.634553946307733 ], [ 47.005007298048554, 60.637314766063753 ], [ 47.002019112592166, 60.638465632982729 ], [ 46.997978616020475, 60.640715485831151 ], [ 46.99753657855041, 60.642878705188252 ], [ 47.000322599108813, 60.647287664794078 ], [ 47.001250000687151, 60.647240852383618 ], [ 46.998464391118944, 60.642832810985624 ], [ 46.998860698062913, 60.640892967936281 ], [ 47.002499698602378, 60.638672770232347 ], [ 47.005272434375513, 60.637770789790295 ], [ 47.006928108745399, 60.635967617611641 ], [ 47.005835642001443, 60.634845341039806 ], [ 47.00413927870494, 60.634267798220492 ], [ 47.003191727816159, 60.632948458604631 ], [ 47.003002306311544, 60.630443742384955 ], [ 47.004331926077668, 60.629519717760957 ], [ 47.012110134575209, 60.624857641267283 ], [ 47.011654403128375, 60.625611595099201 ], [ 47.008326860296506, 60.627926282771909 ], [ 47.011357193379922, 60.628907194911278 ], [ 47.013611441215232, 60.626588132036829 ], [ 47.014127202408645, 60.626794111858942 ], [ 47.013773040393687, 60.627285511317439 ], [ 47.018870566823352, 60.628869298379584 ], [ 47.022645713928739, 60.628782278179756 ], [ 47.022824723982012, 60.628426046824757 ], [ 47.021517870553453, 60.627894147297241 ], [ 47.021065900071392, 60.625887070931753 ], [ 47.022411354200813, 60.62477804676962 ], [ 47.023686160288207, 60.625139915974501 ], [ 47.025802134660978, 60.624876372346876 ], [ 47.023431692618715, 60.623762415403291 ], [ 47.023959556888201, 60.623237748223687 ], [ 47.025443833965937, 60.623498467980085 ], [ 47.026594218848288, 60.622993193781042 ], [ 47.026845403992354, 60.622450380081148 ], [ 47.025154879094544, 60.622103873095455 ], [ 47.024822586793107, 60.621252903099162 ], [ 47.028417558323838, 60.621555787569719 ], [ 47.028771067430966, 60.621098362699456 ], [ 47.026042855293724, 60.620713891732862 ], [ 47.028812441641037, 60.620673736104209 ], [ 47.029356730229097, 60.617569690089283 ], [ 47.03552371244956, 60.620428226581566 ], [ 47.040637692875407, 60.621048589720829 ], [ 47.042266322832688, 60.62045955986099 ], [ 47.044279031652138, 60.621454077843566 ], [ 47.046528711830774, 60.620859176310091 ], [ 47.047951592192419, 60.620644457775654 ], [ 47.050734705242633, 60.621723440984169 ], [ 47.053145679729482, 60.622331771194467 ], [ 47.054155698426882, 60.621884435818231 ], [ 47.05558981761618, 60.620350711316462 ], [ 47.055669702594855, 60.619654187291076 ], [ 47.0548723106088, 60.619736230642673 ], [ 47.054392223722289, 60.619445547274381 ], [ 47.053733528779503, 60.619511134831157 ], [ 47.052909990803585, 60.619049183673042 ], [ 47.052921499427839, 60.618301518800195 ], [ 47.054868536154174, 60.617731021269776 ], [ 47.055224823267167, 60.617351171019891 ], [ 47.057474781336282, 60.618406501159257 ], [ 47.060612737188251, 60.619145894067913 ], [ 47.06262134599848, 60.620455949982272 ], [ 47.06280004668497, 60.622170108164141 ], [ 47.064050579171067, 60.623852263970946 ], [ 47.063946503328623, 60.624929333422187 ], [ 47.060570388113092, 60.625808328092035 ], [ 47.060004683069849, 60.626648022388508 ], [ 47.05820154776336, 60.626856892631679 ], [ 47.057485697307243, 60.627737757891396 ], [ 47.055234776064253, 60.628526788880379 ], [ 47.051893302733902, 60.628837576593071 ], [ 47.046317016817056, 60.630601732584068 ], [ 47.045007737017613, 60.631783021769195 ], [ 47.043129601849785, 60.632449941012112 ], [ 47.038580243683441, 60.633070478619857 ], [ 47.036757915945259, 60.635316583093982 ], [ 47.037982109986558, 60.636843074348576 ], [ 47.042032017064116, 60.637814977079699 ], [ 47.043823658135466, 60.638011948392887 ], [ 47.044794325198097, 60.639219073301774 ], [ 47.044540317981443, 60.641212893660281 ], [ 47.041905295393235, 60.642323261409558 ], [ 47.041102044324077, 60.643503739406242 ], [ 47.039909197951317, 60.644974863898994 ], [ 47.038200923134241, 60.645537443798162 ], [ 47.038996049728098, 60.646552951058027 ], [ 47.037963002091033, 60.648273902718586 ], [ 47.037948254108812, 60.649202936566439 ], [ 47.037434249291323, 60.649993369598519 ], [ 47.035408964352371, 60.650628564356907 ], [ 47.034917024401295, 60.651382814065812 ], [ 47.034053579009651, 60.651804453113186 ], [ 47.03450582918083, 60.651945217697801 ], [ 47.034707832200866, 60.652117955879135 ], [ 47.035719604576229, 60.651623826978209 ] ] ] ] } },
{ "type": "Feature", "properties": { "nid": 10945.0, "title": "Геологическое обнажение Аристово", "sig": "regional", "start_date": "1985-08-05", "created_at": "2024-10-10", "updated_at": "2026-06-24", "area": 66.18, "subj_title": "Вологодская область", "federal_ti": "Северо-Западный федеральный округ", "agency_tit": null, "management": null, "category_t": "памятник природы", "status_tit": "действующий" }, "geometry": { "type": "MultiPolygon", "coordinates": [ [ [ [ 46.384277262385915, 60.761718369607244 ], [ 46.384267379735938, 60.761697461268952 ], [ 46.384628081620853, 60.761666845648563 ], [ 46.387463189874495, 60.761250380400895 ], [ 46.387674202302769, 60.76159417862862 ], [ 46.392430927945163, 60.760895266003899 ], [ 46.3926261536742, 60.760853866612806 ], [ 46.392796809925017, 60.760791702775016 ], [ 46.392937951325557, 60.760708548760704 ], [ 46.393034469265494, 60.760611278088156 ], [ 46.393081157569554, 60.760501819803324 ], [ 46.393072521379906, 60.760390177964481 ], [ 46.392793277388016, 60.759784969301045 ], [ 46.392635571374683, 60.759610109619011 ], [ 46.391811160157083, 60.758215637042206 ], [ 46.39116187122351, 60.757079013585766 ], [ 46.390645978729083, 60.755952606427797 ], [ 46.390359462819099, 60.755144658199576 ], [ 46.39032551610984, 60.754728434869534 ], [ 46.39023186700723, 60.753862555912391 ], [ 46.390246970221646, 60.753098771591212 ], [ 46.390329715943771, 60.752366449152476 ], [ 46.390569447322314, 60.751608916018832 ], [ 46.390706644296358, 60.751054689922178 ], [ 46.391088602557154, 60.750314360819281 ], [ 46.391154332206838, 60.749514125176908 ], [ 46.391119612979935, 60.749383498649692 ], [ 46.391008769739074, 60.749263524592138 ], [ 46.390832966668256, 60.749164978680987 ], [ 46.390606601913298, 60.749095435905801 ], [ 46.390274734991173, 60.749057831653779 ], [ 46.381587276831503, 60.748885767963991 ], [ 46.381210693818609, 60.749099697793 ], [ 46.381085109790149, 60.749098603318053 ], [ 46.381076882792065, 60.749324717162139 ], [ 46.390237643352748, 60.749506202149675 ], [ 46.390176325776956, 60.750249660893303 ], [ 46.389803415595331, 60.750972473001397 ], [ 46.389661048418816, 60.751547566067472 ], [ 46.389416736793116, 60.752319598970473 ], [ 46.389330237300783, 60.753084200775398 ], [ 46.389314602587028, 60.753872214631151 ], [ 46.389409474767604, 60.754749235289111 ], [ 46.389445566359932, 60.755192134309695 ], [ 46.389746206122702, 60.756040058302219 ], [ 46.390272277144057, 60.75718854831301 ], [ 46.39092895041091, 60.758338344139403 ], [ 46.391771659234848, 60.759763676952275 ], [ 46.39191824692972, 60.75992623390875 ], [ 46.392167014696156, 60.760465480897366 ], [ 46.383524996581507, 60.761735168043742 ], [ 46.383599596244544, 60.761817944342837 ], [ 46.384277262385915, 60.761718369607244 ] ] ] ] } },
{ "type": "Feature", "properties": { "nid": 10544.0, "title": "Липовая роща", "sig": "regional", "start_date": "1963-01-29", "created_at": "2024-10-10", "updated_at": "2026-06-24", "area": 20.95, "subj_title": "Вологодская область", "federal_ti": "Северо-Западный федеральный округ", "agency_tit": "Министерство природных ресурсов и экологии Вологодской области", "management": null, "category_t": "памятник природы", "status_tit": "действующий" }, "geometry": { "type": "MultiPolygon", "coordinates": [ [ [ [ 46.366961031326696, 60.874491730009474 ], [ 46.365044022963438, 60.87358376637787 ], [ 46.366336344247031, 60.872826036292736 ], [ 46.367918202263411, 60.870967750061752 ], [ 46.364070967301473, 60.86979883644733 ], [ 46.366911564117565, 60.868152887346056 ], [ 46.365840994966106, 60.867292675916403 ], [ 46.367508025974814, 60.866787664319403 ], [ 46.370150881658049, 60.869166676900754 ], [ 46.372889609568006, 60.870077546241923 ], [ 46.373148813966736, 60.869892227444488 ], [ 46.37050229444548, 60.869011971025827 ], [ 46.367912506856896, 60.866680822162373 ], [ 46.367792670395602, 60.866611374715305 ], [ 46.367625935188919, 60.866570775720902 ], [ 46.367440027335526, 60.866565819557081 ], [ 46.367265292659283, 60.866597133950727 ], [ 46.36561949194617, 60.867095688415461 ], [ 46.365479277746651, 60.86715404991962 ], [ 46.365396595876348, 60.867234460102395 ], [ 46.365385536913152, 60.867324296978886 ], [ 46.365447557758728, 60.867409033800001 ], [ 46.366346869012943, 60.868131672338947 ], [ 46.363718834157055, 60.86965436575656 ], [ 46.363627711250047, 60.869738740150915 ], [ 46.36361644904008, 60.86983387133624 ], [ 46.363687338100362, 60.869922725253716 ], [ 46.363827537910701, 60.869989213931248 ], [ 46.367343645193223, 60.871057479918917 ], [ 46.365938056995894, 60.87270871973179 ], [ 46.364690147832221, 60.873440361383764 ], [ 46.364607178178915, 60.873513139020304 ], [ 46.364584417237211, 60.873595692287545 ], [ 46.364625052204588, 60.873676561124562 ], [ 46.364723418251344, 60.873744654192578 ], [ 46.366640426614538, 60.874652622320795 ], [ 46.366961031326696, 60.874491730009474 ] ] ] ] } }
]
}
